system:index,date,.geo
LC08_044030_20130330,2013-03-30,"{""type"":""MultiPoint"",""coordinates"":[]}"
LC08_044031_20130330,2013-03-30,"{""type"":""MultiPoint"",""coordinates"":[]}"
LC08_045030_20130325,2013-03-25,"{""type"":""MultiPoint"",""coordinates"":[]}"
LC08_045030_20130423,2013-04-23,"{""type"":""MultiPoint"",""coordinates"":[]}"
LC08_045030_20130525,2013-05-25,"{""type"":""MultiPoint"",""coordinates"":[]}"
LC08_045030_20130610,2013-06-10,"{""type"":""MultiPoint"",""coordinates"":[]}"
LC08_045030_20130712,2013-07-12,"{""type"":""MultiPoint"",""coordinates"":[]}"
LC08_045030_20130728,2013-07-28,"{""type"":""MultiPoint"",""coordinates"":[]}"
LC08_045030_20130813,2013-08-13,"{""type"":""MultiPoint"",""coordinates"":[]}"
LC08_045030_20130829,2013-08-29,"{""type"":""MultiPoint"",""coordinates"":[]}"
LC08_045030_20130914,2013-09-14,"{""type"":""MultiPoint"",""coordinates"":[]}"
LC08_045030_20130930,2013-09-30,"{""type"":""MultiPoint"",""coordinates"":[]}"
LC08_045030_20131016,2013-10-16,"{""type"":""MultiPoint"",""coordinates"":[]}"
LC08_045030_20131101,2013-11-01,"{""type"":""MultiPoint"",""coordinates"":[]}"
LC08_045030_20131117,2013-11-17,"{""type"":""MultiPoint"",""coordinates"":[]}"
LC08_045030_20131203,2013-12-03,"{""type"":""MultiPoint"",""coordinates"":[]}"
LC08_045030_20131219,2013-12-19,"{""type"":""MultiPoint"",""coordinates"":[]}"
LC08_045030_20140104,2014-01-04,"{""type"":""MultiPoint"",""coordinates"":[]}"
LC08_045030_20140120,2014-01-20,"{""type"":""MultiPoint"",""coordinates"":[]}"
LC08_045030_20140205,2014-02-05,"{""type"":""MultiPoint"",""coordinates"":[]}"
LC08_045030_20140221,2014-02-21,"{""type"":""MultiPoint"",""coordinates"":[]}"
LC08_045030_20140410,2014-04-10,"{""type"":""MultiPoint"",""coordinates"":[]}"
LC08_045030_20140426,2014-04-26,"{""type"":""MultiPoint"",""coordinates"":[]}"
LC08_045030_20140512,2014-05-12,"{""type"":""MultiPoint"",""coordinates"":[]}"
LC08_045030_20140528,2014-05-28,"{""type"":""MultiPoint"",""coordinates"":[]}"
LC08_045030_20140613,2014-06-13,"{""type"":""MultiPoint"",""coordinates"":[]}"
LC08_045030_20140629,2014-06-29,"{""type"":""MultiPoint"",""coordinates"":[]}"
LC08_045030_20140715,2014-07-15,"{""type"":""MultiPoint"",""coordinates"":[]}"
LC08_045030_20140731,2014-07-31,"{""type"":""MultiPoint"",""coordinates"":[]}"
LC08_045030_20140816,2014-08-16,"{""type"":""MultiPoint"",""coordinates"":[]}"
LC08_045030_20140901,2014-09-01,"{""type"":""MultiPoint"",""coordinates"":[]}"
LC08_045030_20140917,2014-09-17,"{""type"":""MultiPoint"",""coordinates"":[]}"
LC08_045030_20141003,2014-10-03,"{""type"":""MultiPoint"",""coordinates"":[]}"
LC08_045030_20141019,2014-10-19,"{""type"":""MultiPoint"",""coordinates"":[]}"
LC08_045030_20141206,2014-12-06,"{""type"":""MultiPoint"",""coordinates"":[]}"
LC08_045030_20150107,2015-01-07,"{""type"":""MultiPoint"",""coordinates"":[]}"
LC08_045030_20150123,2015-01-23,"{""type"":""MultiPoint"",""coordinates"":[]}"
LC08_045030_20150224,2015-02-24,"{""type"":""MultiPoint"",""coordinates"":[]}"
LC08_045030_20150312,2015-03-12,"{""type"":""MultiPoint"",""coordinates"":[]}"
LC08_045030_20150328,2015-03-28,"{""type"":""MultiPoint"",""coordinates"":[]}"
LC08_045030_20150413,2015-04-13,"{""type"":""MultiPoint"",""coordinates"":[]}"
LC08_045030_20150429,2015-04-29,"{""type"":""MultiPoint"",""coordinates"":[]}"
LC08_045030_20150531,2015-05-31,"{""type"":""MultiPoint"",""coordinates"":[]}"
LC08_045030_20150616,2015-06-16,"{""type"":""MultiPoint"",""coordinates"":[]}"
LC08_045030_20150702,2015-07-02,"{""type"":""MultiPoint"",""coordinates"":[]}"
LC08_045030_20150718,2015-07-18,"{""type"":""MultiPoint"",""coordinates"":[]}"
LC08_045030_20150803,2015-08-03,"{""type"":""MultiPoint"",""coordinates"":[]}"
LC08_045030_20150819,2015-08-19,"{""type"":""MultiPoint"",""coordinates"":[]}"
LC08_045030_20150904,2015-09-04,"{""type"":""MultiPoint"",""coordinates"":[]}"
LC08_045030_20150920,2015-09-20,"{""type"":""MultiPoint"",""coordinates"":[]}"
LC08_045030_20151006,2015-10-06,"{""type"":""MultiPoint"",""coordinates"":[]}"
LC08_045030_20151022,2015-10-22,"{""type"":""MultiPoint"",""coordinates"":[]}"
LC08_045030_20151107,2015-11-07,"{""type"":""MultiPoint"",""coordinates"":[]}"
LC08_045030_20151123,2015-11-23,"{""type"":""MultiPoint"",""coordinates"":[]}"
LC08_045030_20151209,2015-12-09,"{""type"":""MultiPoint"",""coordinates"":[]}"
LC08_045030_20151225,2015-12-25,"{""type"":""MultiPoint"",""coordinates"":[]}"
LC08_045030_20160110,2016-01-10,"{""type"":""MultiPoint"",""coordinates"":[]}"
LC08_045030_20160126,2016-01-26,"{""type"":""MultiPoint"",""coordinates"":[]}"
LC08_045030_20160211,2016-02-11,"{""type"":""MultiPoint"",""coordinates"":[]}"
LC08_045030_20160227,2016-02-27,"{""type"":""MultiPoint"",""coordinates"":[]}"
LC08_045030_20160314,2016-03-14,"{""type"":""MultiPoint"",""coordinates"":[]}"
LC08_045030_20160330,2016-03-30,"{""type"":""MultiPoint"",""coordinates"":[]}"
LC08_045030_20160415,2016-04-15,"{""type"":""MultiPoint"",""coordinates"":[]}"
LC08_045030_20160501,2016-05-01,"{""type"":""MultiPoint"",""coordinates"":[]}"
LC08_045030_20160517,2016-05-17,"{""type"":""MultiPoint"",""coordinates"":[]}"
LC08_045030_20160602,2016-06-02,"{""type"":""MultiPoint"",""coordinates"":[]}"
LC08_045030_20160618,2016-06-18,"{""type"":""MultiPoint"",""coordinates"":[]}"
LC08_045030_20160704,2016-07-04,"{""type"":""MultiPoint"",""coordinates"":[]}"
LC08_045030_20160720,2016-07-20,"{""type"":""MultiPoint"",""coordinates"":[]}"
LC08_045030_20160805,2016-08-05,"{""type"":""MultiPoint"",""coordinates"":[]}"
LC08_045030_20160821,2016-08-21,"{""type"":""MultiPoint"",""coordinates"":[]}"
LC08_045030_20160906,2016-09-06,"{""type"":""MultiPoint"",""coordinates"":[]}"
LC08_045030_20160922,2016-09-22,"{""type"":""MultiPoint"",""coordinates"":[]}"
LC08_045030_20161008,2016-10-08,"{""type"":""MultiPoint"",""coordinates"":[]}"
LC08_045030_20161024,2016-10-24,"{""type"":""MultiPoint"",""coordinates"":[]}"
LC08_045030_20161109,2016-11-09,"{""type"":""MultiPoint"",""coordinates"":[]}"
LC08_045030_20161125,2016-11-25,"{""type"":""MultiPoint"",""coordinates"":[]}"
LC08_045030_20170112,2017-01-12,"{""type"":""MultiPoint"",""coordinates"":[]}"
LC08_045030_20170128,2017-01-28,"{""type"":""MultiPoint"",""coordinates"":[]}"
LC08_045030_20170213,2017-02-13,"{""type"":""MultiPoint"",""coordinates"":[]}"
LC08_045030_20170301,2017-03-01,"{""type"":""MultiPoint"",""coordinates"":[]}"
LC08_045030_20170402,2017-04-02,"{""type"":""MultiPoint"",""coordinates"":[]}"
LC08_045030_20170418,2017-04-18,"{""type"":""MultiPoint"",""coordinates"":[]}"
LC08_045030_20170504,2017-05-04,"{""type"":""MultiPoint"",""coordinates"":[]}"
LC08_045030_20170520,2017-05-20,"{""type"":""MultiPoint"",""coordinates"":[]}"
LC08_045030_20170605,2017-06-05,"{""type"":""MultiPoint"",""coordinates"":[]}"
LC08_045030_20170621,2017-06-21,"{""type"":""MultiPoint"",""coordinates"":[]}"
LC08_045030_20170707,2017-07-07,"{""type"":""MultiPoint"",""coordinates"":[]}"
LC08_045030_20170723,2017-07-23,"{""type"":""MultiPoint"",""coordinates"":[]}"
LC08_045030_20170808,2017-08-08,"{""type"":""MultiPoint"",""coordinates"":[]}"
LC08_045030_20170824,2017-08-24,"{""type"":""MultiPoint"",""coordinates"":[]}"
LC08_045030_20170909,2017-09-09,"{""type"":""MultiPoint"",""coordinates"":[]}"
LC08_045030_20170925,2017-09-25,"{""type"":""MultiPoint"",""coordinates"":[]}"
LC08_045030_20171011,2017-10-11,"{""type"":""MultiPoint"",""coordinates"":[]}"
LC08_045030_20171027,2017-10-27,"{""type"":""MultiPoint"",""coordinates"":[]}"
LC08_045030_20171112,2017-11-12,"{""type"":""MultiPoint"",""coordinates"":[]}"
LC08_045030_20171214,2017-12-14,"{""type"":""MultiPoint"",""coordinates"":[]}"
LC08_045030_20171230,2017-12-30,"{""type"":""MultiPoint"",""coordinates"":[]}"
LC08_045030_20180115,2018-01-15,"{""type"":""MultiPoint"",""coordinates"":[]}"
LC08_045030_20180131,2018-01-31,"{""type"":""MultiPoint"",""coordinates"":[]}"
LC08_045030_20180216,2018-02-16,"{""type"":""MultiPoint"",""coordinates"":[]}"
LC08_045030_20180320,2018-03-20,"{""type"":""MultiPoint"",""coordinates"":[]}"
LC08_045030_20180421,2018-04-21,"{""type"":""MultiPoint"",""coordinates"":[]}"
LC08_045030_20180507,2018-05-07,"{""type"":""MultiPoint"",""coordinates"":[]}"
LC08_045030_20180523,2018-05-23,"{""type"":""MultiPoint"",""coordinates"":[]}"
LC08_045030_20180608,2018-06-08,"{""type"":""MultiPoint"",""coordinates"":[]}"
LC08_045030_20180624,2018-06-24,"{""type"":""MultiPoint"",""coordinates"":[]}"
LC08_045030_20180710,2018-07-10,"{""type"":""MultiPoint"",""coordinates"":[]}"
LC08_045030_20180726,2018-07-26,"{""type"":""MultiPoint"",""coordinates"":[]}"
LC08_045030_20180811,2018-08-11,"{""type"":""MultiPoint"",""coordinates"":[]}"
LC08_045030_20180827,2018-08-27,"{""type"":""MultiPoint"",""coordinates"":[]}"
LC08_045030_20180912,2018-09-12,"{""type"":""MultiPoint"",""coordinates"":[]}"
LC08_045030_20180928,2018-09-28,"{""type"":""MultiPoint"",""coordinates"":[]}"
LC08_045030_20181014,2018-10-14,"{""type"":""MultiPoint"",""coordinates"":[]}"
LC08_045030_20181030,2018-10-30,"{""type"":""MultiPoint"",""coordinates"":[]}"
LC08_045030_20181115,2018-11-15,"{""type"":""MultiPoint"",""coordinates"":[]}"
LC08_045030_20181217,2018-12-17,"{""type"":""MultiPoint"",""coordinates"":[]}"
LC08_045030_20190102,2019-01-02,"{""type"":""MultiPoint"",""coordinates"":[]}"
LC08_045030_20190203,2019-02-03,"{""type"":""MultiPoint"",""coordinates"":[]}"
LC08_045030_20190219,2019-02-19,"{""type"":""MultiPoint"",""coordinates"":[]}"
LC08_045030_20190307,2019-03-07,"{""type"":""MultiPoint"",""coordinates"":[]}"
LC08_045030_20190424,2019-04-24,"{""type"":""MultiPoint"",""coordinates"":[]}"
LC08_045030_20190510,2019-05-10,"{""type"":""MultiPoint"",""coordinates"":[]}"
LC08_045030_20190526,2019-05-26,"{""type"":""MultiPoint"",""coordinates"":[]}"
LC08_045030_20190611,2019-06-11,"{""type"":""MultiPoint"",""coordinates"":[]}"
LC08_045030_20190627,2019-06-27,"{""type"":""MultiPoint"",""coordinates"":[]}"
LC08_045030_20190713,2019-07-13,"{""type"":""MultiPoint"",""coordinates"":[]}"
LC08_045030_20190729,2019-07-29,"{""type"":""MultiPoint"",""coordinates"":[]}"
LC08_045030_20190814,2019-08-14,"{""type"":""MultiPoint"",""coordinates"":[]}"
LC08_045030_20190830,2019-08-30,"{""type"":""MultiPoint"",""coordinates"":[]}"
LC08_045030_20190915,2019-09-15,"{""type"":""MultiPoint"",""coordinates"":[]}"
LC08_045030_20191001,2019-10-01,"{""type"":""MultiPoint"",""coordinates"":[]}"
LC08_045030_20191017,2019-10-17,"{""type"":""MultiPoint"",""coordinates"":[]}"
LC08_045030_20191102,2019-11-02,"{""type"":""MultiPoint"",""coordinates"":[]}"
LC08_045030_20191118,2019-11-18,"{""type"":""MultiPoint"",""coordinates"":[]}"
LC08_045030_20191204,2019-12-04,"{""type"":""MultiPoint"",""coordinates"":[]}"
LC08_045030_20200105,2020-01-05,"{""type"":""MultiPoint"",""coordinates"":[]}"
LC08_045030_20200222,2020-02-22,"{""type"":""MultiPoint"",""coordinates"":[]}"
LC08_045030_20200309,2020-03-09,"{""type"":""MultiPoint"",""coordinates"":[]}"
LC08_045030_20200325,2020-03-25,"{""type"":""MultiPoint"",""coordinates"":[]}"
LC08_045030_20200410,2020-04-10,"{""type"":""MultiPoint"",""coordinates"":[]}"
LC08_045030_20200426,2020-04-26,"{""type"":""MultiPoint"",""coordinates"":[]}"
LC08_045030_20200528,2020-05-28,"{""type"":""MultiPoint"",""coordinates"":[]}"
LC08_045030_20200629,2020-06-29,"{""type"":""MultiPoint"",""coordinates"":[]}"
LC08_045030_20200715,2020-07-15,"{""type"":""MultiPoint"",""coordinates"":[]}"
LC08_045030_20200731,2020-07-31,"{""type"":""MultiPoint"",""coordinates"":[]}"
LC08_045030_20200816,2020-08-16,"{""type"":""MultiPoint"",""coordinates"":[]}"
LC08_045030_20200901,2020-09-01,"{""type"":""MultiPoint"",""coordinates"":[]}"
LC08_045030_20200917,2020-09-17,"{""type"":""MultiPoint"",""coordinates"":[]}"
LC08_045030_20201003,2020-10-03,"{""type"":""MultiPoint"",""coordinates"":[]}"
LC08_045030_20201019,2020-10-19,"{""type"":""MultiPoint"",""coordinates"":[]}"
LC08_045030_20201120,2020-11-20,"{""type"":""MultiPoint"",""coordinates"":[]}"
LC08_045030_20201206,2020-12-06,"{""type"":""MultiPoint"",""coordinates"":[]}"
LC08_045030_20201222,2020-12-22,"{""type"":""MultiPoint"",""coordinates"":[]}"
LC08_045030_20210123,2021-01-23,"{""type"":""MultiPoint"",""coordinates"":[]}"
LC08_045030_20210208,2021-02-08,"{""type"":""MultiPoint"",""coordinates"":[]}"
LC08_045030_20210224,2021-02-24,"{""type"":""MultiPoint"",""coordinates"":[]}"
LC08_045030_20210312,2021-03-12,"{""type"":""MultiPoint"",""coordinates"":[]}"
LC08_045030_20210328,2021-03-28,"{""type"":""MultiPoint"",""coordinates"":[]}"
LC08_045030_20210413,2021-04-13,"{""type"":""MultiPoint"",""coordinates"":[]}"
LC08_045030_20210429,2021-04-29,"{""type"":""MultiPoint"",""coordinates"":[]}"
LC08_045030_20210515,2021-05-15,"{""type"":""MultiPoint"",""coordinates"":[]}"
LC08_045030_20210531,2021-05-31,"{""type"":""MultiPoint"",""coordinates"":[]}"
LC08_045030_20210616,2021-06-16,"{""type"":""MultiPoint"",""coordinates"":[]}"
LC08_045030_20210702,2021-07-02,"{""type"":""MultiPoint"",""coordinates"":[]}"
LC08_045030_20210718,2021-07-18,"{""type"":""MultiPoint"",""coordinates"":[]}"
LC08_045030_20210803,2021-08-03,"{""type"":""MultiPoint"",""coordinates"":[]}"
LC08_045030_20210819,2021-08-19,"{""type"":""MultiPoint"",""coordinates"":[]}"
LC08_045030_20210904,2021-09-04,"{""type"":""MultiPoint"",""coordinates"":[]}"
LC08_045030_20210920,2021-09-20,"{""type"":""MultiPoint"",""coordinates"":[]}"
LC08_045030_20211006,2021-10-06,"{""type"":""MultiPoint"",""coordinates"":[]}"
LC08_045030_20211107,2021-11-07,"{""type"":""MultiPoint"",""coordinates"":[]}"
LC08_045030_20211123,2021-11-23,"{""type"":""MultiPoint"",""coordinates"":[]}"
LC08_045030_20211209,2021-12-09,"{""type"":""MultiPoint"",""coordinates"":[]}"
LC08_045030_20211225,2021-12-25,"{""type"":""MultiPoint"",""coordinates"":[]}"
LC08_045030_20220126,2022-01-26,"{""type"":""MultiPoint"",""coordinates"":[]}"
LC08_045030_20220211,2022-02-11,"{""type"":""MultiPoint"",""coordinates"":[]}"
LC08_045030_20220227,2022-02-27,"{""type"":""MultiPoint"",""coordinates"":[]}"
LC08_045030_20220315,2022-03-15,"{""type"":""MultiPoint"",""coordinates"":[]}"
LC08_045030_20220331,2022-03-31,"{""type"":""MultiPoint"",""coordinates"":[]}"
LC08_045030_20220416,2022-04-16,"{""type"":""MultiPoint"",""coordinates"":[]}"
LC08_045030_20220502,2022-05-02,"{""type"":""MultiPoint"",""coordinates"":[]}"
LC08_045030_20220518,2022-05-18,"{""type"":""MultiPoint"",""coordinates"":[]}"
LC08_045030_20220603,2022-06-03,"{""type"":""MultiPoint"",""coordinates"":[]}"
LC08_045030_20220619,2022-06-19,"{""type"":""MultiPoint"",""coordinates"":[]}"
LC08_045030_20220705,2022-07-05,"{""type"":""MultiPoint"",""coordinates"":[]}"
LC08_045030_20220721,2022-07-21,"{""type"":""MultiPoint"",""coordinates"":[]}"
LC08_045030_20220806,2022-08-06,"{""type"":""MultiPoint"",""coordinates"":[]}"
LC08_045030_20220822,2022-08-22,"{""type"":""MultiPoint"",""coordinates"":[]}"
LC08_045030_20220907,2022-09-07,"{""type"":""MultiPoint"",""coordinates"":[]}"
LC08_045030_20220923,2022-09-23,"{""type"":""MultiPoint"",""coordinates"":[]}"
LC08_045030_20221009,2022-10-09,"{""type"":""MultiPoint"",""coordinates"":[]}"
LC08_045030_20221025,2022-10-25,"{""type"":""MultiPoint"",""coordinates"":[]}"
LC08_045030_20221110,2022-11-10,"{""type"":""MultiPoint"",""coordinates"":[]}"
LC08_045030_20221126,2022-11-26,"{""type"":""MultiPoint"",""coordinates"":[]}"
LC08_045030_20221212,2022-12-12,"{""type"":""MultiPoint"",""coordinates"":[]}"
LC08_045030_20221228,2022-12-28,"{""type"":""MultiPoint"",""coordinates"":[]}"
LC08_045030_20230129,2023-01-29,"{""type"":""MultiPoint"",""coordinates"":[]}"
LC08_045030_20230214,2023-02-14,"{""type"":""MultiPoint"",""coordinates"":[]}"
LC08_045030_20230318,2023-03-18,"{""type"":""MultiPoint"",""coordinates"":[]}"
LC08_045030_20230403,2023-04-03,"{""type"":""MultiPoint"",""coordinates"":[]}"
LC08_045030_20230419,2023-04-19,"{""type"":""MultiPoint"",""coordinates"":[]}"
LC08_045030_20230521,2023-05-21,"{""type"":""MultiPoint"",""coordinates"":[]}"
LC08_045030_20230606,2023-06-06,"{""type"":""MultiPoint"",""coordinates"":[]}"
LC08_045030_20230622,2023-06-22,"{""type"":""MultiPoint"",""coordinates"":[]}"
LC08_045030_20230708,2023-07-08,"{""type"":""MultiPoint"",""coordinates"":[]}"
LC08_045030_20230724,2023-07-24,"{""type"":""MultiPoint"",""coordinates"":[]}"
LC08_045030_20230809,2023-08-09,"{""type"":""MultiPoint"",""coordinates"":[]}"
LC08_045030_20230825,2023-08-25,"{""type"":""MultiPoint"",""coordinates"":[]}"
LC08_045030_20230910,2023-09-10,"{""type"":""MultiPoint"",""coordinates"":[]}"
LC08_045030_20230926,2023-09-26,"{""type"":""MultiPoint"",""coordinates"":[]}"
LC08_045030_20231012,2023-10-12,"{""type"":""MultiPoint"",""coordinates"":[]}"
LC08_045030_20231028,2023-10-28,"{""type"":""MultiPoint"",""coordinates"":[]}"
LC08_045030_20231113,2023-11-13,"{""type"":""MultiPoint"",""coordinates"":[]}"
LC08_045030_20231129,2023-11-29,"{""type"":""MultiPoint"",""coordinates"":[]}"
LC08_045030_20231215,2023-12-15,"{""type"":""MultiPoint"",""coordinates"":[]}"
LC08_045030_20231231,2023-12-31,"{""type"":""MultiPoint"",""coordinates"":[]}"
LC08_045030_20240201,2024-02-01,"{""type"":""MultiPoint"",""coordinates"":[]}"
LC08_045030_20240320,2024-03-20,"{""type"":""MultiPoint"",""coordinates"":[]}"
LC08_045030_20240405,2024-04-05,"{""type"":""MultiPoint"",""coordinates"":[]}"
LC08_045030_20240421,2024-04-21,"{""type"":""MultiPoint"",""coordinates"":[]}"
LC08_045030_20240507,2024-05-07,"{""type"":""MultiPoint"",""coordinates"":[]}"
LC08_045030_20240523,2024-05-23,"{""type"":""MultiPoint"",""coordinates"":[]}"
LC08_045030_20240608,2024-06-08,"{""type"":""MultiPoint"",""coordinates"":[]}"
LC08_045030_20240624,2024-06-24,"{""type"":""MultiPoint"",""coordinates"":[]}"
LC08_045030_20240710,2024-07-10,"{""type"":""MultiPoint"",""coordinates"":[]}"
LC08_045030_20240726,2024-07-26,"{""type"":""MultiPoint"",""coordinates"":[]}"
LC08_045030_20240811,2024-08-11,"{""type"":""MultiPoint"",""coordinates"":[]}"
LC08_045030_20240827,2024-08-27,"{""type"":""MultiPoint"",""coordinates"":[]}"
LC08_045030_20240912,2024-09-12,"{""type"":""MultiPoint"",""coordinates"":[]}"
LC08_045030_20240928,2024-09-28,"{""type"":""MultiPoint"",""coordinates"":[]}"
LC08_045030_20241014,2024-10-14,"{""type"":""MultiPoint"",""coordinates"":[]}"
LC08_045030_20241030,2024-10-30,"{""type"":""MultiPoint"",""coordinates"":[]}"
LC08_045030_20241115,2024-11-15,"{""type"":""MultiPoint"",""coordinates"":[]}"
LC08_045030_20241201,2024-12-01,"{""type"":""MultiPoint"",""coordinates"":[]}"
LC08_045030_20250118,2025-01-18,"{""type"":""MultiPoint"",""coordinates"":[]}"
LC08_045030_20250307,2025-03-07,"{""type"":""MultiPoint"",""coordinates"":[]}"
LC08_045030_20250408,2025-04-08,"{""type"":""MultiPoint"",""coordinates"":[]}"
LC08_045030_20250424,2025-04-24,"{""type"":""MultiPoint"",""coordinates"":[]}"
LC08_045030_20250510,2025-05-10,"{""type"":""MultiPoint"",""coordinates"":[]}"
LC08_045030_20250526,2025-05-26,"{""type"":""MultiPoint"",""coordinates"":[]}"
LC08_045030_20250611,2025-06-11,"{""type"":""MultiPoint"",""coordinates"":[]}"
LC08_045030_20250627,2025-06-27,"{""type"":""MultiPoint"",""coordinates"":[]}"
LC08_045030_20250713,2025-07-13,"{""type"":""MultiPoint"",""coordinates"":[]}"
LC08_045031_20130325,2013-03-25,"{""type"":""MultiPoint"",""coordinates"":[]}"
LC08_045031_20130423,2013-04-23,"{""type"":""MultiPoint"",""coordinates"":[]}"
LC08_045031_20130525,2013-05-25,"{""type"":""MultiPoint"",""coordinates"":[]}"
LC08_045031_20130610,2013-06-10,"{""type"":""MultiPoint"",""coordinates"":[]}"
LC08_045031_20130626,2013-06-26,"{""type"":""MultiPoint"",""coordinates"":[]}"
LC08_045031_20130712,2013-07-12,"{""type"":""MultiPoint"",""coordinates"":[]}"
LC08_045031_20130728,2013-07-28,"{""type"":""MultiPoint"",""coordinates"":[]}"
LC08_045031_20130813,2013-08-13,"{""type"":""MultiPoint"",""coordinates"":[]}"
LC08_045031_20130829,2013-08-29,"{""type"":""MultiPoint"",""coordinates"":[]}"
LC08_045031_20130914,2013-09-14,"{""type"":""MultiPoint"",""coordinates"":[]}"
LC08_045031_20130930,2013-09-30,"{""type"":""MultiPoint"",""coordinates"":[]}"
LC08_045031_20131016,2013-10-16,"{""type"":""MultiPoint"",""coordinates"":[]}"
LC08_045031_20131101,2013-11-01,"{""type"":""MultiPoint"",""coordinates"":[]}"
LC08_045031_20131117,2013-11-17,"{""type"":""MultiPoint"",""coordinates"":[]}"
LC08_045031_20131203,2013-12-03,"{""type"":""MultiPoint"",""coordinates"":[]}"
LC08_045031_20131219,2013-12-19,"{""type"":""MultiPoint"",""coordinates"":[]}"
LC08_045031_20140104,2014-01-04,"{""type"":""MultiPoint"",""coordinates"":[]}"
LC08_045031_20140120,2014-01-20,"{""type"":""MultiPoint"",""coordinates"":[]}"
LC08_045031_20140205,2014-02-05,"{""type"":""MultiPoint"",""coordinates"":[]}"
LC08_045031_20140221,2014-02-21,"{""type"":""MultiPoint"",""coordinates"":[]}"
LC08_045031_20140410,2014-04-10,"{""type"":""MultiPoint"",""coordinates"":[]}"
LC08_045031_20140426,2014-04-26,"{""type"":""MultiPoint"",""coordinates"":[]}"
LC08_045031_20140512,2014-05-12,"{""type"":""MultiPoint"",""coordinates"":[]}"
LC08_045031_20140528,2014-05-28,"{""type"":""MultiPoint"",""coordinates"":[]}"
LC08_045031_20140613,2014-06-13,"{""type"":""MultiPoint"",""coordinates"":[]}"
LC08_045031_20140629,2014-06-29,"{""type"":""MultiPoint"",""coordinates"":[]}"
LC08_045031_20140715,2014-07-15,"{""type"":""MultiPoint"",""coordinates"":[]}"
LC08_045031_20140731,2014-07-31,"{""type"":""MultiPoint"",""coordinates"":[]}"
LC08_045031_20140816,2014-08-16,"{""type"":""MultiPoint"",""coordinates"":[]}"
LC08_045031_20140901,2014-09-01,"{""type"":""MultiPoint"",""coordinates"":[]}"
LC08_045031_20140917,2014-09-17,"{""type"":""MultiPoint"",""coordinates"":[]}"
LC08_045031_20141003,2014-10-03,"{""type"":""MultiPoint"",""coordinates"":[]}"
LC08_045031_20141019,2014-10-19,"{""type"":""MultiPoint"",""coordinates"":[]}"
LC08_045031_20141104,2014-11-04,"{""type"":""MultiPoint"",""coordinates"":[]}"
LC08_045031_20141206,2014-12-06,"{""type"":""MultiPoint"",""coordinates"":[]}"
LC08_045031_20141222,2014-12-22,"{""type"":""MultiPoint"",""coordinates"":[]}"
LC08_045031_20150107,2015-01-07,"{""type"":""MultiPoint"",""coordinates"":[]}"
LC08_045031_20150123,2015-01-23,"{""type"":""MultiPoint"",""coordinates"":[]}"
LC08_045031_20150224,2015-02-24,"{""type"":""MultiPoint"",""coordinates"":[]}"
LC08_045031_20150312,2015-03-12,"{""type"":""MultiPoint"",""coordinates"":[]}"
LC08_045031_20150328,2015-03-28,"{""type"":""MultiPoint"",""coordinates"":[]}"
LC08_045031_20150413,2015-04-13,"{""type"":""MultiPoint"",""coordinates"":[]}"
LC08_045031_20150429,2015-04-29,"{""type"":""MultiPoint"",""coordinates"":[]}"
LC08_045031_20150531,2015-05-31,"{""type"":""MultiPoint"",""coordinates"":[]}"
LC08_045031_20150616,2015-06-16,"{""type"":""MultiPoint"",""coordinates"":[]}"
LC08_045031_20150702,2015-07-02,"{""type"":""MultiPoint"",""coordinates"":[]}"
LC08_045031_20150718,2015-07-18,"{""type"":""MultiPoint"",""coordinates"":[]}"
LC08_045031_20150803,2015-08-03,"{""type"":""MultiPoint"",""coordinates"":[]}"
LC08_045031_20150819,2015-08-19,"{""type"":""MultiPoint"",""coordinates"":[]}"
LC08_045031_20150904,2015-09-04,"{""type"":""MultiPoint"",""coordinates"":[]}"
LC08_045031_20150920,2015-09-20,"{""type"":""MultiPoint"",""coordinates"":[]}"
LC08_045031_20151006,2015-10-06,"{""type"":""MultiPoint"",""coordinates"":[]}"
LC08_045031_20151022,2015-10-22,"{""type"":""MultiPoint"",""coordinates"":[]}"
LC08_045031_20151107,2015-11-07,"{""type"":""MultiPoint"",""coordinates"":[]}"
LC08_045031_20151123,2015-11-23,"{""type"":""MultiPoint"",""coordinates"":[]}"
LC08_045031_20151209,2015-12-09,"{""type"":""MultiPoint"",""coordinates"":[]}"
LC08_045031_20151225,2015-12-25,"{""type"":""MultiPoint"",""coordinates"":[]}"
LC08_045031_20160110,2016-01-10,"{""type"":""MultiPoint"",""coordinates"":[]}"
LC08_045031_20160126,2016-01-26,"{""type"":""MultiPoint"",""coordinates"":[]}"
LC08_045031_20160211,2016-02-11,"{""type"":""MultiPoint"",""coordinates"":[]}"
LC08_045031_20160227,2016-02-27,"{""type"":""MultiPoint"",""coordinates"":[]}"
LC08_045031_20160314,2016-03-14,"{""type"":""MultiPoint"",""coordinates"":[]}"
LC08_045031_20160330,2016-03-30,"{""type"":""MultiPoint"",""coordinates"":[]}"
LC08_045031_20160415,2016-04-15,"{""type"":""MultiPoint"",""coordinates"":[]}"
LC08_045031_20160501,2016-05-01,"{""type"":""MultiPoint"",""coordinates"":[]}"
LC08_045031_20160517,2016-05-17,"{""type"":""MultiPoint"",""coordinates"":[]}"
LC08_045031_20160602,2016-06-02,"{""type"":""MultiPoint"",""coordinates"":[]}"
LC08_045031_20160618,2016-06-18,"{""type"":""MultiPoint"",""coordinates"":[]}"
LC08_045031_20160704,2016-07-04,"{""type"":""MultiPoint"",""coordinates"":[]}"
LC08_045031_20160720,2016-07-20,"{""type"":""MultiPoint"",""coordinates"":[]}"
LC08_045031_20160805,2016-08-05,"{""type"":""MultiPoint"",""coordinates"":[]}"
LC08_045031_20160821,2016-08-21,"{""type"":""MultiPoint"",""coordinates"":[]}"
LC08_045031_20160906,2016-09-06,"{""type"":""MultiPoint"",""coordinates"":[]}"
LC08_045031_20160922,2016-09-22,"{""type"":""MultiPoint"",""coordinates"":[]}"
LC08_045031_20161008,2016-10-08,"{""type"":""MultiPoint"",""coordinates"":[]}"
LC08_045031_20161024,2016-10-24,"{""type"":""MultiPoint"",""coordinates"":[]}"
LC08_045031_20161109,2016-11-09,"{""type"":""MultiPoint"",""coordinates"":[]}"
LC08_045031_20161125,2016-11-25,"{""type"":""MultiPoint"",""coordinates"":[]}"
LC08_045031_20161211,2016-12-11,"{""type"":""MultiPoint"",""coordinates"":[]}"
LC08_045031_20161227,2016-12-27,"{""type"":""MultiPoint"",""coordinates"":[]}"
LC08_045031_20170112,2017-01-12,"{""type"":""MultiPoint"",""coordinates"":[]}"
LC08_045031_20170128,2017-01-28,"{""type"":""MultiPoint"",""coordinates"":[]}"
LC08_045031_20170213,2017-02-13,"{""type"":""MultiPoint"",""coordinates"":[]}"
LC08_045031_20170301,2017-03-01,"{""type"":""MultiPoint"",""coordinates"":[]}"
LC08_045031_20170317,2017-03-17,"{""type"":""MultiPoint"",""coordinates"":[]}"
LC08_045031_20170402,2017-04-02,"{""type"":""MultiPoint"",""coordinates"":[]}"
LC08_045031_20170418,2017-04-18,"{""type"":""MultiPoint"",""coordinates"":[]}"
LC08_045031_20170504,2017-05-04,"{""type"":""MultiPoint"",""coordinates"":[]}"
LC08_045031_20170520,2017-05-20,"{""type"":""MultiPoint"",""coordinates"":[]}"
LC08_045031_20170605,2017-06-05,"{""type"":""MultiPoint"",""coordinates"":[]}"
LC08_045031_20170621,2017-06-21,"{""type"":""MultiPoint"",""coordinates"":[]}"
LC08_045031_20170707,2017-07-07,"{""type"":""MultiPoint"",""coordinates"":[]}"
LC08_045031_20170723,2017-07-23,"{""type"":""MultiPoint"",""coordinates"":[]}"
LC08_045031_20170808,2017-08-08,"{""type"":""MultiPoint"",""coordinates"":[]}"
LC08_045031_20170824,2017-08-24,"{""type"":""MultiPoint"",""coordinates"":[]}"
LC08_045031_20170909,2017-09-09,"{""type"":""MultiPoint"",""coordinates"":[]}"
LC08_045031_20170925,2017-09-25,"{""type"":""MultiPoint"",""coordinates"":[]}"
LC08_045031_20171011,2017-10-11,"{""type"":""MultiPoint"",""coordinates"":[]}"
LC08_045031_20171027,2017-10-27,"{""type"":""MultiPoint"",""coordinates"":[]}"
LC08_045031_20171112,2017-11-12,"{""type"":""MultiPoint"",""coordinates"":[]}"
LC08_045031_20171214,2017-12-14,"{""type"":""MultiPoint"",""coordinates"":[]}"
LC08_045031_20171230,2017-12-30,"{""type"":""MultiPoint"",""coordinates"":[]}"
LC08_045031_20180115,2018-01-15,"{""type"":""MultiPoint"",""coordinates"":[]}"
LC08_045031_20180131,2018-01-31,"{""type"":""MultiPoint"",""coordinates"":[]}"
LC08_045031_20180216,2018-02-16,"{""type"":""MultiPoint"",""coordinates"":[]}"
LC08_045031_20180320,2018-03-20,"{""type"":""MultiPoint"",""coordinates"":[]}"
LC08_045031_20180421,2018-04-21,"{""type"":""MultiPoint"",""coordinates"":[]}"
LC08_045031_20180507,2018-05-07,"{""type"":""MultiPoint"",""coordinates"":[]}"
LC08_045031_20180523,2018-05-23,"{""type"":""MultiPoint"",""coordinates"":[]}"
LC08_045031_20180608,2018-06-08,"{""type"":""MultiPoint"",""coordinates"":[]}"
LC08_045031_20180624,2018-06-24,"{""type"":""MultiPoint"",""coordinates"":[]}"
LC08_045031_20180710,2018-07-10,"{""type"":""MultiPoint"",""coordinates"":[]}"
LC08_045031_20180726,2018-07-26,"{""type"":""MultiPoint"",""coordinates"":[]}"
LC08_045031_20180811,2018-08-11,"{""type"":""MultiPoint"",""coordinates"":[]}"
LC08_045031_20180827,2018-08-27,"{""type"":""MultiPoint"",""coordinates"":[]}"
LC08_045031_20180912,2018-09-12,"{""type"":""MultiPoint"",""coordinates"":[]}"
LC08_045031_20180928,2018-09-28,"{""type"":""MultiPoint"",""coordinates"":[]}"
LC08_045031_20181014,2018-10-14,"{""type"":""MultiPoint"",""coordinates"":[]}"
LC08_045031_20181030,2018-10-30,"{""type"":""MultiPoint"",""coordinates"":[]}"
LC08_045031_20181115,2018-11-15,"{""type"":""MultiPoint"",""coordinates"":[]}"
LC08_045031_20181201,2018-12-01,"{""type"":""MultiPoint"",""coordinates"":[]}"
LC08_045031_20181217,2018-12-17,"{""type"":""MultiPoint"",""coordinates"":[]}"
LC08_045031_20190102,2019-01-02,"{""type"":""MultiPoint"",""coordinates"":[]}"
LC08_045031_20190219,2019-02-19,"{""type"":""MultiPoint"",""coordinates"":[]}"
LC08_045031_20190307,2019-03-07,"{""type"":""MultiPoint"",""coordinates"":[]}"
LC08_045031_20190323,2019-03-23,"{""type"":""MultiPoint"",""coordinates"":[]}"
LC08_045031_20190424,2019-04-24,"{""type"":""MultiPoint"",""coordinates"":[]}"
LC08_045031_20190510,2019-05-10,"{""type"":""MultiPoint"",""coordinates"":[]}"
LC08_045031_20190526,2019-05-26,"{""type"":""MultiPoint"",""coordinates"":[]}"
LC08_045031_20190611,2019-06-11,"{""type"":""MultiPoint"",""coordinates"":[]}"
LC08_045031_20190627,2019-06-27,"{""type"":""MultiPoint"",""coordinates"":[]}"
LC08_045031_20190713,2019-07-13,"{""type"":""MultiPoint"",""coordinates"":[]}"
LC08_045031_20190729,2019-07-29,"{""type"":""MultiPoint"",""coordinates"":[]}"
LC08_045031_20190814,2019-08-14,"{""type"":""MultiPoint"",""coordinates"":[]}"
LC08_045031_20190830,2019-08-30,"{""type"":""MultiPoint"",""coordinates"":[]}"
LC08_045031_20190915,2019-09-15,"{""type"":""MultiPoint"",""coordinates"":[]}"
LC08_045031_20191001,2019-10-01,"{""type"":""MultiPoint"",""coordinates"":[]}"
LC08_045031_20191017,2019-10-17,"{""type"":""MultiPoint"",""coordinates"":[]}"
LC08_045031_20191102,2019-11-02,"{""type"":""MultiPoint"",""coordinates"":[]}"
LC08_045031_20191118,2019-11-18,"{""type"":""MultiPoint"",""coordinates"":[]}"
LC08_045031_20191204,2019-12-04,"{""type"":""MultiPoint"",""coordinates"":[]}"
LC08_045031_20200105,2020-01-05,"{""type"":""MultiPoint"",""coordinates"":[]}"
LC08_045031_20200206,2020-02-06,"{""type"":""MultiPoint"",""coordinates"":[]}"
LC08_045031_20200222,2020-02-22,"{""type"":""MultiPoint"",""coordinates"":[]}"
LC08_045031_20200309,2020-03-09,"{""type"":""MultiPoint"",""coordinates"":[]}"
LC08_045031_20200325,2020-03-25,"{""type"":""MultiPoint"",""coordinates"":[]}"
LC08_045031_20200410,2020-04-10,"{""type"":""MultiPoint"",""coordinates"":[]}"
LC08_045031_20200426,2020-04-26,"{""type"":""MultiPoint"",""coordinates"":[]}"
LC08_045031_20200512,2020-05-12,"{""type"":""MultiPoint"",""coordinates"":[]}"
LC08_045031_20200528,2020-05-28,"{""type"":""MultiPoint"",""coordinates"":[]}"
LC08_045031_20200613,2020-06-13,"{""type"":""MultiPoint"",""coordinates"":[]}"
LC08_045031_20200629,2020-06-29,"{""type"":""MultiPoint"",""coordinates"":[]}"
LC08_045031_20200715,2020-07-15,"{""type"":""MultiPoint"",""coordinates"":[]}"
LC08_045031_20200731,2020-07-31,"{""type"":""MultiPoint"",""coordinates"":[]}"
LC08_045031_20200816,2020-08-16,"{""type"":""MultiPoint"",""coordinates"":[]}"
LC08_045031_20200901,2020-09-01,"{""type"":""MultiPoint"",""coordinates"":[]}"
LC08_045031_20200917,2020-09-17,"{""type"":""MultiPoint"",""coordinates"":[]}"
LC08_045031_20201003,2020-10-03,"{""type"":""MultiPoint"",""coordinates"":[]}"
LC08_045031_20201019,2020-10-19,"{""type"":""MultiPoint"",""coordinates"":[]}"
LC08_045031_20201120,2020-11-20,"{""type"":""MultiPoint"",""coordinates"":[]}"
LC08_045031_20201206,2020-12-06,"{""type"":""MultiPoint"",""coordinates"":[]}"
LC08_045031_20201222,2020-12-22,"{""type"":""MultiPoint"",""coordinates"":[]}"
LC08_045031_20210107,2021-01-07,"{""type"":""MultiPoint"",""coordinates"":[]}"
LC08_045031_20210123,2021-01-23,"{""type"":""MultiPoint"",""coordinates"":[]}"
LC08_045031_20210208,2021-02-08,"{""type"":""MultiPoint"",""coordinates"":[]}"
LC08_045031_20210224,2021-02-24,"{""type"":""MultiPoint"",""coordinates"":[]}"
LC08_045031_20210312,2021-03-12,"{""type"":""MultiPoint"",""coordinates"":[]}"
LC08_045031_20210328,2021-03-28,"{""type"":""MultiPoint"",""coordinates"":[]}"
LC08_045031_20210413,2021-04-13,"{""type"":""MultiPoint"",""coordinates"":[]}"
LC08_045031_20210429,2021-04-29,"{""type"":""MultiPoint"",""coordinates"":[]}"
LC08_045031_20210515,2021-05-15,"{""type"":""MultiPoint"",""coordinates"":[]}"
LC08_045031_20210531,2021-05-31,"{""type"":""MultiPoint"",""coordinates"":[]}"
LC08_045031_20210616,2021-06-16,"{""type"":""MultiPoint"",""coordinates"":[]}"
LC08_045031_20210702,2021-07-02,"{""type"":""MultiPoint"",""coordinates"":[]}"
LC08_045031_20210718,2021-07-18,"{""type"":""MultiPoint"",""coordinates"":[]}"
LC08_045031_20210803,2021-08-03,"{""type"":""MultiPoint"",""coordinates"":[]}"
LC08_045031_20210819,2021-08-19,"{""type"":""MultiPoint"",""coordinates"":[]}"
LC08_045031_20210904,2021-09-04,"{""type"":""MultiPoint"",""coordinates"":[]}"
LC08_045031_20210920,2021-09-20,"{""type"":""MultiPoint"",""coordinates"":[]}"
LC08_045031_20211006,2021-10-06,"{""type"":""MultiPoint"",""coordinates"":[]}"
LC08_045031_20211022,2021-10-22,"{""type"":""MultiPoint"",""coordinates"":[]}"
LC08_045031_20211107,2021-11-07,"{""type"":""MultiPoint"",""coordinates"":[]}"
LC08_045031_20211123,2021-11-23,"{""type"":""MultiPoint"",""coordinates"":[]}"
LC08_045031_20211209,2021-12-09,"{""type"":""MultiPoint"",""coordinates"":[]}"
LC08_045031_20211225,2021-12-25,"{""type"":""MultiPoint"",""coordinates"":[]}"
LC08_045031_20220110,2022-01-10,"{""type"":""MultiPoint"",""coordinates"":[]}"
LC08_045031_20220126,2022-01-26,"{""type"":""MultiPoint"",""coordinates"":[]}"
LC08_045031_20220211,2022-02-11,"{""type"":""MultiPoint"",""coordinates"":[]}"
LC08_045031_20220227,2022-02-27,"{""type"":""MultiPoint"",""coordinates"":[]}"
LC08_045031_20220315,2022-03-15,"{""type"":""MultiPoint"",""coordinates"":[]}"
LC08_045031_20220331,2022-03-31,"{""type"":""MultiPoint"",""coordinates"":[]}"
LC08_045031_20220416,2022-04-16,"{""type"":""MultiPoint"",""coordinates"":[]}"
LC08_045031_20220502,2022-05-02,"{""type"":""MultiPoint"",""coordinates"":[]}"
LC08_045031_20220518,2022-05-18,"{""type"":""MultiPoint"",""coordinates"":[]}"
LC08_045031_20220603,2022-06-03,"{""type"":""MultiPoint"",""coordinates"":[]}"
LC08_045031_20220619,2022-06-19,"{""type"":""MultiPoint"",""coordinates"":[]}"
LC08_045031_20220705,2022-07-05,"{""type"":""MultiPoint"",""coordinates"":[]}"
LC08_045031_20220721,2022-07-21,"{""type"":""MultiPoint"",""coordinates"":[]}"
LC08_045031_20220806,2022-08-06,"{""type"":""MultiPoint"",""coordinates"":[]}"
LC08_045031_20220822,2022-08-22,"{""type"":""MultiPoint"",""coordinates"":[]}"
LC08_045031_20220907,2022-09-07,"{""type"":""MultiPoint"",""coordinates"":[]}"
LC08_045031_20220923,2022-09-23,"{""type"":""MultiPoint"",""coordinates"":[]}"
LC08_045031_20221009,2022-10-09,"{""type"":""MultiPoint"",""coordinates"":[]}"
LC08_045031_20221025,2022-10-25,"{""type"":""MultiPoint"",""coordinates"":[]}"
LC08_045031_20221110,2022-11-10,"{""type"":""MultiPoint"",""coordinates"":[]}"
LC08_045031_20221126,2022-11-26,"{""type"":""MultiPoint"",""coordinates"":[]}"
LC08_045031_20221212,2022-12-12,"{""type"":""MultiPoint"",""coordinates"":[]}"
LC08_045031_20221228,2022-12-28,"{""type"":""MultiPoint"",""coordinates"":[]}"
LC08_045031_20230129,2023-01-29,"{""type"":""MultiPoint"",""coordinates"":[]}"
LC08_045031_20230214,2023-02-14,"{""type"":""MultiPoint"",""coordinates"":[]}"
LC08_045031_20230302,2023-03-02,"{""type"":""MultiPoint"",""coordinates"":[]}"
LC08_045031_20230318,2023-03-18,"{""type"":""MultiPoint"",""coordinates"":[]}"
LC08_045031_20230403,2023-04-03,"{""type"":""MultiPoint"",""coordinates"":[]}"
LC08_045031_20230419,2023-04-19,"{""type"":""MultiPoint"",""coordinates"":[]}"
LC08_045031_20230521,2023-05-21,"{""type"":""MultiPoint"",""coordinates"":[]}"
LC08_045031_20230606,2023-06-06,"{""type"":""MultiPoint"",""coordinates"":[]}"
LC08_045031_20230622,2023-06-22,"{""type"":""MultiPoint"",""coordinates"":[]}"
LC08_045031_20230708,2023-07-08,"{""type"":""MultiPoint"",""coordinates"":[]}"
LC08_045031_20230724,2023-07-24,"{""type"":""MultiPoint"",""coordinates"":[]}"
LC08_045031_20230809,2023-08-09,"{""type"":""MultiPoint"",""coordinates"":[]}"
LC08_045031_20230825,2023-08-25,"{""type"":""MultiPoint"",""coordinates"":[]}"
LC08_045031_20230910,2023-09-10,"{""type"":""MultiPoint"",""coordinates"":[]}"
LC08_045031_20230926,2023-09-26,"{""type"":""MultiPoint"",""coordinates"":[]}"
LC08_045031_20231012,2023-10-12,"{""type"":""MultiPoint"",""coordinates"":[]}"
LC08_045031_20231028,2023-10-28,"{""type"":""MultiPoint"",""coordinates"":[]}"
LC08_045031_20231113,2023-11-13,"{""type"":""MultiPoint"",""coordinates"":[]}"
LC08_045031_20231129,2023-11-29,"{""type"":""MultiPoint"",""coordinates"":[]}"
LC08_045031_20231215,2023-12-15,"{""type"":""MultiPoint"",""coordinates"":[]}"
LC08_045031_20231231,2023-12-31,"{""type"":""MultiPoint"",""coordinates"":[]}"
LC08_045031_20240201,2024-02-01,"{""type"":""MultiPoint"",""coordinates"":[]}"
LC08_045031_20240320,2024-03-20,"{""type"":""MultiPoint"",""coordinates"":[]}"
LC08_045031_20240405,2024-04-05,"{""type"":""MultiPoint"",""coordinates"":[]}"
LC08_045031_20240421,2024-04-21,"{""type"":""MultiPoint"",""coordinates"":[]}"
LC08_045031_20240507,2024-05-07,"{""type"":""MultiPoint"",""coordinates"":[]}"
LC08_045031_20240523,2024-05-23,"{""type"":""MultiPoint"",""coordinates"":[]}"
LC08_045031_20240608,2024-06-08,"{""type"":""MultiPoint"",""coordinates"":[]}"
LC08_045031_20240624,2024-06-24,"{""type"":""MultiPoint"",""coordinates"":[]}"
LC08_045031_20240710,2024-07-10,"{""type"":""MultiPoint"",""coordinates"":[]}"
LC08_045031_20240726,2024-07-26,"{""type"":""MultiPoint"",""coordinates"":[]}"
LC08_045031_20240811,2024-08-11,"{""type"":""MultiPoint"",""coordinates"":[]}"
LC08_045031_20240827,2024-08-27,"{""type"":""MultiPoint"",""coordinates"":[]}"
LC08_045031_20240912,2024-09-12,"{""type"":""MultiPoint"",""coordinates"":[]}"
LC08_045031_20240928,2024-09-28,"{""type"":""MultiPoint"",""coordinates"":[]}"
LC08_045031_20241014,2024-10-14,"{""type"":""MultiPoint"",""coordinates"":[]}"
LC08_045031_20241030,2024-10-30,"{""type"":""MultiPoint"",""coordinates"":[]}"
LC08_045031_20241201,2024-12-01,"{""type"":""MultiPoint"",""coordinates"":[]}"
LC08_045031_20250118,2025-01-18,"{""type"":""MultiPoint"",""coordinates"":[]}"
LC08_045031_20250307,2025-03-07,"{""type"":""MultiPoint"",""coordinates"":[]}"
LC08_045031_20250323,2025-03-23,"{""type"":""MultiPoint"",""coordinates"":[]}"
LC08_045031_20250408,2025-04-08,"{""type"":""MultiPoint"",""coordinates"":[]}"
LC08_045031_20250424,2025-04-24,"{""type"":""MultiPoint"",""coordinates"":[]}"
LC08_045031_20250510,2025-05-10,"{""type"":""MultiPoint"",""coordinates"":[]}"
LC08_045031_20250526,2025-05-26,"{""type"":""MultiPoint"",""coordinates"":[]}"
LC08_045031_20250611,2025-06-11,"{""type"":""MultiPoint"",""coordinates"":[]}"
LC08_045031_20250627,2025-06-27,"{""type"":""MultiPoint"",""coordinates"":[]}"
LC08_045031_20250713,2025-07-13,"{""type"":""MultiPoint"",""coordinates"":[]}"
