date,raw_value,calibrated_chl,sensor,initial_chl
2018-07-07,0.6311253788327458,43.816866337100244,Sentinel-2,145.7917490509338
2019-01-25,0.0375176386485738,39.06047138950568,Sentinel-2,17.543358116209507
2019-01-25,0.0421356044840342,39.06742044887114,Sentinel-2,18.01251396617689
2019-01-30,0.0276701842933812,39.04642866621533,Sentinel-2,16.570600738304602
2019-01-30,0.0114098548864096,39.025445931966736,Sentinel-2,15.046857812574046
2019-02-14,0.2323391430936462,39.621064443996794,Sentinel-2,44.53683590588575
2019-02-14,0.1681933766811678,39.36655230234353,Sentinel-2,34.02023488191173
2019-02-17,0.0299609559731005,39.049602843272815,Sentinel-2,16.79352528602795
2019-02-17,0.0184167786431602,39.03416111863645,Sentinel-2,15.690871606324492
2019-03-29,0.0090918981776825,39.02266855991936,Sentinel-2,14.83801222374001
2019-05-08,0.004636253583412,39.017474084085194,Sentinel-2,14.442427963535096
2019-05-08,0.0066822829372826,39.019836001944,Sentinel-2,14.623121970957556
2019-05-20,0.0034431450050451,39.016114926720775,Sentinel-2,14.337810203084903
2019-05-20,0.0023899162324025,39.01492615186494,Sentinel-2,14.245917562377704
2019-05-20,0.0002657040974538,39.01255981224636,Sentinel-2,14.061894827438277
2019-05-23,0.0081573774975476,39.021563433105854,Sentinel-2,14.754403494295468
2019-05-25,0.0368414583087001,39.059473643329525,Sentinel-2,17.475358154255527
2019-05-25,0.0281807166520383,39.04713129020672,Sentinel-2,16.62010615560572
2019-05-28,0.0525582733163427,39.083990191669955,Sentinel-2,19.101853663802505
2019-05-28,0.0545032143253389,39.087221551286085,Sentinel-2,19.309806218875398
2019-05-30,0.0763944354814809,39.12676523375156,Sentinel-2,21.751808843035427
2019-05-30,0.063833617518977,39.10335181267477,Sentinel-2,20.327854020890964
2019-06-07,0.0253184023231128,39.043227218655026,Sentinel-2,16.343860718302953
2019-06-07,0.0262541125912734,39.044494077872194,Sentinel-2,16.433816936309913
2019-06-09,0.0182932442127327,39.03400324627146,Sentinel-2,15.679352184346596
2019-06-09,0.0052112880331452,39.018133912886846,Sentinel-2,14.493047454624357
2019-06-12,0.0098444856755631,39.023564628906556,Sentinel-2,14.905590677222012
2019-06-12,0.0062374865745313,39.01931917123136,Sentinel-2,14.583701611214249
2019-06-14,0.0758120265434223,39.125635260523836,Sentinel-2,21.684428484894003
2019-06-14,0.0601186401984693,39.096803443660335,Sentinel-2,19.918456006700183
2019-06-17,0.0562595580827724,39.090177996912296,Sentinel-2,19.498857261987293
2019-06-17,0.0546632897004849,39.08748949056658,Sentinel-2,19.326986913741095
2019-06-19,0.2390778722952543,39.65267980860025,Sentinel-2,45.734463827255546
2019-06-19,0.2213511349197353,39.571601279645726,Sentinel-2,42.62186382568478
2019-06-22,0.0866280699216912,39.147345769799955,Sentinel-2,22.95727314329974
2019-06-22,0.0898587549125907,39.154133312235786,Sentinel-2,23.346282514825504
2019-06-24,0.1361881090756152,39.268003948471126,Sentinel-2,29.371023857785804
2019-06-24,0.0579338109554187,39.09303046940804,Sentinel-2,19.680188268175453
2019-06-27,0.2230864389446539,39.57924320171882,Sentinel-2,42.921169639227514
2019-06-27,0.22673704229141,39.59552639607748,Sentinel-2,43.55464769631656
2019-06-29,0.2402725482899931,39.6583880762062,Sentinel-2,45.94862714525064
2019-06-29,0.2447706693289373,39.68016277037022,Sentinel-2,46.75995783980942
2019-07-02,0.5944266484522641,43.18341929490631,Sentinel-2,133.8914371552907
2019-07-02,0.5895667885960647,43.104078213410205,Sentinel-2,132.35477607817265
2019-07-04,0.4222648515230823,40.95423445514516,Sentinel-2,85.05196299785186
2019-07-04,0.422970214014239,40.96114495828995,Sentinel-2,85.22856129245847
2019-07-07,0.3145507995072319,40.07892623238206,Sentinel-2,60.35348617764716
2019-07-07,0.3119868104932748,40.0621246435497,Sentinel-2,59.820517675675646
2019-07-12,0.5645955048807771,42.7126067236729,Sentinel-2,124.60374985167734
2019-07-12,0.5604690563256962,42.65048355803586,Sentinel-2,123.34624283462597
2019-07-14,0.4158001470673547,40.89166239738981,Sentinel-2,83.4424327238925
2019-07-14,0.437826182319439,41.11055073275977,Sentinel-2,88.99290410370035
2019-07-17,0.512412098047787,41.97846122036521,Sentinel-2,109.1885365206011
2019-07-17,0.5282416899550797,42.18955389377106,Sentinel-2,113.75284180073893
2019-07-19,0.4249997282847738,40.98112023717092,Sentinel-2,85.7377598453555
2019-07-19,0.3847435520857321,40.6097853500226,Sentinel-2,75.93665452722607
2019-07-22,0.2194534818453703,39.56331639541198,Sentinel-2,42.29589568873655
2019-07-22,0.2153583736204222,39.54569217856885,Sentinel-2,41.59723003693247
2019-07-24,0.3988482801735794,40.734020620823564,Sentinel-2,79.29903104699183
2019-07-24,0.3484916177809207,40.318078842567616,Sentinel-2,67.64942883442592
2019-07-27,0.4422979316154483,41.15698449099343,Sentinel-2,90.14279260605844
2019-07-27,0.3779004091006068,40.55172169417295,Sentinel-2,74.33319808792899
2019-07-29,0.3290841165097474,40.17747040654977,Sentinel-2,63.422768022218264
2019-07-29,0.3455835328326002,40.29633783186934,Sentinel-2,67.0067677868048
2019-08-01,0.472835255999854,41.492723748389295,Sentinel-2,98.20306614109607
2019-08-01,0.4501886508291344,41.24059795109594,Sentinel-2,92.19080869714402
2019-08-03,0.4201279875330097,40.933399681965916,Sentinel-2,84.51814661858154
2019-08-03,0.4312850787701572,41.043853747619565,Sentinel-2,87.32488969345971
2019-08-06,0.4593053654512111,41.33990485294926,Sentinel-2,94.58715924097952
2019-08-06,0.4350558098893269,41.082125592096624,Sentinel-2,88.28441517225876
2019-08-08,0.4978989514796679,41.79348464430029,Sentinel-2,105.08938978218731
2019-08-08,0.4886630476087528,41.67993866227317,Sentinel-2,102.52339098147488
2019-08-11,0.3899546175280356,40.654964035937915,Sentinel-2,77.16989600853819
2019-08-11,0.3932825353688401,40.684256529157715,Sentinel-2,77.9629972673629
2019-08-13,0.5074704687336822,41.9145691243011,Sentinel-2,107.78361312244391
2019-08-13,0.506950793215087,41.90790486431329,Sentinel-2,107.6364189752409
2019-08-16,0.3578726055116886,40.38985958170578,Sentinel-2,69.74494662870676
2019-08-16,0.3576772525705146,40.38833892154855,Sentinel-2,69.70096013487692
2019-08-18,0.6282030492756517,43.764161393463475,Sentinel-2,144.82494308361652
2019-08-18,0.6429856928384656,44.034886383230635,Sentinel-2,149.7496145159954
2019-08-23,0.5055635389786146,41.89016576543663,Sentinel-2,107.24400380627412
2019-08-23,0.5123522120125807,41.97768126919813,Sentinel-2,109.17145388985028
2019-08-26,0.4987398891144882,41.80398294769025,Sentinel-2,105.32467306793998
2019-08-26,0.4929817664197079,41.73263366023317,Sentinel-2,103.7191281697157
2019-08-31,0.5878913371053215,43.076966166248994,Sentinel-2,131.82713527093955
2019-08-31,0.5879856114738538,43.078488437327096,Sentinel-2,131.85679561709816
2019-09-02,0.5875160242769518,43.07090976194641,Sentinel-2,131.7090896149599
2019-09-02,0.5856628763154336,43.041096013924765,Sentinel-2,131.1270288310781
2019-09-10,0.513060150572528,41.98691032224317,Sentinel-2,109.3734841624055
2019-09-10,0.5264525939723116,42.16519957214617,Sentinel-2,113.23209237621222
2019-09-12,0.5127672175447181,41.98308913304787,Sentinel-2,109.2898638215438
2019-09-12,0.5163187693464607,42.0296430808936,Sentinel-2,110.30593485694585
2019-09-25,0.2287943767431428,39.60482724092921,Sentinel-2,43.91393264983619
2019-09-25,0.2268576488919183,39.59606915652738,Sentinel-2,43.57566457699646
2019-09-27,0.2804946544393715,39.86951687092802,Sentinel-2,53.48275400047453
2019-09-27,0.3105704112249773,40.05291712536175,Sentinel-2,59.52719068996525
2019-09-27,0.3078820373819683,40.03558508344599,Sentinel-2,58.972590532394015
2019-09-27,0.3060290902048472,40.02374847673073,Sentinel-2,58.591970575318854
2019-09-30,0.1786363922123935,39.4025819910918,Sentinel-2,35.62337033836869
2019-09-30,0.1804532597969884,39.40905421714255,Sentinel-2,35.90661108602707
2019-10-02,0.3958466511065524,40.70706180123597,Sentinel-2,78.57700690697914
2019-10-02,0.3601255649671928,40.40747718734335,Sentinel-2,70.25330438780658
2019-10-05,0.4353814145484832,41.08545292243459,Sentinel-2,88.36752990112848
2019-10-05,0.4395033795278405,41.12788633347943,Sentinel-2,89.42327637432055
2019-10-07,0.323136287722341,40.136455029473154,Sentinel-2,62.15672668779061
2019-10-07,0.3181021456789681,40.10248466020206,Sentinel-2,61.095913858646455
2019-10-10,0.2546511194186403,39.72958002940963,Sentinel-2,48.569711854844414
2019-10-10,0.2587931536723082,39.75095602451406,Sentinel-2,49.33967484402264
2019-10-12,0.2218868234133826,39.57395361622391,Sentinel-2,42.71413467749433
2019-10-12,0.2180967162592281,39.557438845474735,Sentinel-2,42.063696191150726
2019-10-22,0.1550356678474349,39.323924568251705,Sentinel-2,32.06070356678158
2019-10-22,0.1480682198566605,39.302562034651146,Sentinel-2,31.05031447713401
2019-10-25,0.002533716690257,39.01508785102444,Sentinel-2,14.258438524922266
2019-10-25,0.0099248877398159,39.023660681825234,Sentinel-2,14.912823380267858
2019-11-19,0.0116151528490012,39.025694424612496,Sentinel-2,15.06545561840574
2019-11-19,0.0094751223679342,39.02312416584141,Sentinel-2,14.872396261660558
2019-11-24,0.0006946237509767,39.01303427124268,Sentinel-2,14.09891128654671
2019-11-29,0.0423987323271902,39.06782354963211,Sentinel-2,18.039495656992273
2019-11-29,0.0311731261051628,39.05130494494244,Sentinel-2,16.91231175326489
2019-12-01,0.0319898711154316,39.05246062903244,Sentinel-2,16.992670600130428
2019-12-01,0.0340136054421768,39.0553550072863,Sentinel-2,17.192901152297644
2019-12-26,0.0045671233413651,39.01739496901456,Sentinel-2,14.436351177021086
2019-12-26,0.005932224108609,39.018965554891274,Sentinel-2,14.556692025157503
2019-12-31,0.025423995867732,39.04336972636452,Sentinel-2,16.353995113289848
2019-12-31,0.037443164968711,39.06036125331699,Sentinel-2,17.535859975184056
2020-01-03,0.0003385677968566,39.012640292906795,Sentinel-2,14.06817804094215
2020-01-03,0.0029536465677168,39.01556114848615,Sentinel-2,14.295048570929163
2020-01-18,0.0195498109584268,39.035616251231055,Sentinel-2,15.796802035146172
2020-01-18,0.0113069532112729,39.02532153370123,Sentinel-2,15.037542181164666
2020-02-02,0.0178046055219432,39.033380284472805,Sentinel-2,15.633845402506571
2020-02-02,0.0177088577485127,39.03325849663731,Sentinel-2,15.624939312891936
2020-02-09,0.0006182850916097,39.012949703879165,Sentinel-2,14.092317906535992
2020-02-22,0.0467561437968164,39.074612534023956,Sentinel-2,18.49022639223546
2020-02-22,0.0522781011148813,39.08352837262958,Sentinel-2,19.072018874559745
2020-02-24,0.0033427063908994,39.01600111670279,Sentinel-2,14.329028487387314
2020-02-29,0.0059900528102578,39.01903247610822,Sentinel-2,14.561805921131386
2020-02-29,0.0037195288230572,39.016428591346624,Sentinel-2,14.361995690503454
2020-03-05,0.016301108779323,39.03147845720882,Sentinel-2,15.49440721613177
2020-03-05,0.0217300901157557,39.03845287243663,Sentinel-2,16.002046356672782
2020-03-10,0.0250933247572025,39.04292384289278,Sentinel-2,16.32227324561425
2020-03-10,0.0314967684743707,39.051762042568186,Sentinel-2,16.944123638577995
2020-03-13,0.0327411093005569,39.05352992480677,Sentinel-2,17.066813187211697
2020-03-13,0.0393315174716278,39.06317270966381,Sentinel-2,17.726648235480347
2020-03-20,0.0718062424689159,39.11798147656962,Sentinel-2,21.2245607873153
2020-03-20,0.0674815086641861,39.10994707423309,Sentinel-2,20.735078366919513
2020-05-07,0.0295365792274599,39.0490106296717,Sentinel-2,16.7520734986815
2020-05-07,0.0289349835681828,39.04817437379815,Sentinel-2,16.693431465961797
2020-05-09,0.0324127805563985,39.053061844546,Sentinel-2,17.034382177444925
2020-05-09,0.0253401360131106,39.04325654070978,Sentinel-2,16.34594626625291
2020-05-22,0.0239017078912699,39.04132643180527,Sentinel-2,16.208311823022946
2020-05-22,0.026065423806452,39.04423787867984,Sentinel-2,16.415649603878762
2020-05-24,0.0219960438107571,39.038802196260235,Sentinel-2,16.02720878919993
2020-05-24,0.013932280095124,39.02852756403898,Sentinel-2,15.276498420788817
2020-05-27,0.0271322761304932,39.04569132427379,Sentinel-2,16.518550330266166
2020-05-27,0.0212851658883179,39.03787008800557,Sentinel-2,15.960012612073019
2020-06-08,0.0100660565856809,39.023829480913086,Sentinel-2,14.925528539727956
2020-06-08,0.0076725204350818,39.0209933490349,Sentinel-2,14.711158537773652
2020-06-11,0.0498255517312532,39.07952486526051,Sentinel-2,18.812155835091414
2020-06-11,0.05815892006009,39.09341655403103,Sentinel-2,19.704651937084833
2020-06-16,0.037642714194373,39.06065649577808,Sentinel-2,17.55595579216864
2020-06-16,0.0329777567193344,39.05386801789957,Sentinel-2,17.090214260946393
2020-06-18,0.1926895663670261,39.45425638957428,Sentinel-2,37.84760720353937
2020-06-18,0.1879706465926004,39.436488402675735,Sentinel-2,37.09217045682084
2020-06-21,0.2747908705729532,39.837269477188016,Sentinel-2,52.376100951465546
2020-06-21,0.2779161667910519,39.854841470105725,Sentinel-2,52.98090763501804
2020-06-23,0.2774201608716033,39.85203694414512,Sentinel-2,52.884667243454075
2020-06-23,0.2657546696507334,39.78777625265624,Sentinel-2,50.64877230050335
2020-06-26,0.1936115166824553,39.4577776522961,Sentinel-2,37.99620988247571
2020-06-26,0.1906072001964587,39.446363230184346,Sentinel-2,37.51318097871341
2020-07-01,0.3122027600548263,40.06353307610021,Sentinel-2,59.86530791207694
2020-07-01,0.3153193334127385,40.08399611342559,Sentinel-2,60.51373665112335
2020-07-03,0.2447225443681007,39.679927432577294,Sentinel-2,46.75123587553606
2020-07-03,0.2360357370942598,39.63828520534375,Sentinel-2,45.19162080436983
2020-07-06,0.5108755082019953,41.95849283031347,Sentinel-2,108.75066163574655
2020-07-06,0.5008113674899978,41.82995796522463,Sentinel-2,105.9054178263856
2020-07-08,0.5229087206413487,42.11733355451113,Sentinel-2,112.20425521913742
2020-07-08,0.5299082167224415,42.212354572751536,Sentinel-2,114.23903428754363
2020-07-11,0.1810119451418305,39.41105672386952,Sentinel-2,35.99396529738268
2020-07-11,0.1797377597463545,39.406498096611735,Sentinel-2,35.79491500285369
2020-07-13,0.5442248398589372,42.41283621294643,Sentinel-2,118.46023201023647
2020-07-13,0.5212620767121411,42.09526197936672,Sentinel-2,111.72833644360824
2020-07-16,0.3619901121112119,40.42216945309252,Sentinel-2,70.67551268352838
2020-07-16,0.3615674860213797,40.41883033295708,Sentinel-2,70.57969475686636
2020-07-18,0.2814338361787132,39.8749023679408,Sentinel-2,53.66618723325318
2020-07-18,0.2667926486405314,39.79336321768134,Sentinel-2,50.845575460338395
2020-07-21,0.1527653203959497,39.316873042165575,Sentinel-2,31.72939533435117
2020-07-21,0.1457627207369429,39.29567338243811,Sentinel-2,30.72013542354513
2020-07-23,0.531906913015546,42.23984637908085,Sentinel-2,114.82355746573387
2020-07-23,0.5463951611061476,42.44395581557497,Sentinel-2,119.10709567564328
2020-07-26,0.1538324864341837,39.32017661036078,Sentinel-2,31.884875683501072
2020-07-26,0.1505036344340246,39.30993566283625,Sentinel-2,31.401342897781827
2020-07-28,0.3075684654302235,40.033575727590076,Sentinel-2,58.9080848876829
2020-07-28,0.3136525217654144,40.073020208488636,Sentinel-2,60.16647318626378
2020-07-31,0.3824134464491797,40.58985413398439,Sentinel-2,75.38863049615637
2020-07-31,0.3963366385243931,40.711443210767456,Sentinel-2,78.69463133525727
2020-08-02,0.4538822118695305,41.28047974410228,Sentinel-2,93.15777769718238
2020-08-02,0.4661769525930054,41.41669867679784,Sentinel-2,96.41472210067039
2020-08-07,0.5081768392642442,41.92364422556375,Sentinel-2,107.98385550886078
2020-08-07,0.5068296715084745,41.906353107487035,Sentinel-2,107.60212725337603
2020-08-10,0.3064861629357586,40.026659983102704,Sentinel-2,58.68573540162632
2020-08-10,0.2969251763618932,39.966876079011726,Sentinel-2,56.741289753883656
2020-08-15,0.2892028461349266,39.92028186974341,Sentinel-2,55.196713063161425
2020-08-15,0.2851689209519131,39.89653377222855,Sentinel-2,54.3990858691684
2020-08-20,0.4340578169119985,41.07194953216847,Sentinel-2,88.02992146856158
2020-08-20,0.426229313106451,40.99328883853139,Sentinel-2,86.0470374181834
2020-08-22,0.1746541440470944,39.38860872475007,Sentinel-2,35.0070450237439
2020-08-22,0.2121343395241182,39.532059402531885,Sentinel-2,41.05176369900594
2020-08-25,0.2623165849188482,39.76945088959396,Sentinel-2,49.999894157628276
2020-08-25,0.1837157822851498,39.42083032824324,Sentinel-2,36.41844262546543
2020-08-27,0.1214279603081805,39.22822647517651,Sentinel-2,27.36104225719434
2020-08-27,0.0574697912535267,39.092236546933464,Sentinel-2,19.62982319619658
2020-08-30,0.2002784276679913,39.48373208689516,Sentinel-2,39.080634045718135
2020-08-30,0.1980370367308588,39.474909520486115,Sentinel-2,38.71412706107604
2020-09-01,0.4314070262870822,41.04508398066513,Sentinel-2,87.35583480796276
2020-09-01,0.4492976871449792,41.23104888989194,Sentinel-2,91.95834942700643
2020-09-04,0.2177116782577788,39.555777796815555,Sentinel-2,41.99793036585962
2020-09-04,0.2094993806678662,39.5210747578199,Sentinel-2,40.608961570168454
2020-09-06,0.0919555650552466,39.15861471854636,Sentinel-2,23.600931861422726
2020-09-06,0.1252718045389602,39.23825695502762,Sentinel-2,27.876328533416405
2020-09-09,0.3560446420413666,40.37567366764759,Sentinel-2,69.33393458272313
2020-09-09,0.3494281747305057,40.325131756030466,Sentinel-2,67.85709934626414
2020-09-11,0.0250283059424781,39.04283630362853,Sentinel-2,16.31604087454842
2020-09-11,0.025774504358751,39.0438435983361,Sentinel-2,16.387666413041416
2020-09-14,0.1301736599145079,39.25138148843947,Sentinel-2,28.541777164296263
2020-09-14,0.1341698614600239,39.262361604342715,Sentinel-2,29.091189158435515
2020-09-16,0.4013063467753445,40.756309321747786,Sentinel-2,79.89291234600806
2020-09-16,0.4260865782275662,40.99187367993038,Sentinel-2,86.01110515627533
2020-09-19,0.2884700390896899,39.915937802554645,Sentinel-2,55.051345189097674
2020-09-19,0.2700426258502411,39.81102066003398,Sentinel-2,51.464486543082835
2020-09-21,0.2001164544502661,39.4830912207517,Sentinel-2,39.05408311476935
2020-09-21,0.237501314187752,39.64519472763452,Sentinel-2,45.45269150814296
2020-09-29,0.4668137981460501,41.42390118618596,Sentinel-2,96.58502633711345
2020-09-29,0.4726995347255902,41.49115807593131,Sentinel-2,98.16644093436553
2020-10-01,0.6161202542483281,43.550446829535254,Sentinel-2,140.86277558193038
2020-10-01,0.6263935527793925,43.73172609089004,Sentinel-2,144.2279639794969
2020-10-04,0.4599627132284374,41.347178421563434,Sentinel-2,94.76119322810439
2020-10-04,0.4430470034926425,41.164829671635644,Sentinel-2,90.33617274308169
2020-10-06,0.4699080637454068,41.45910380504661,Sentinel-2,97.41473347001062
2020-10-06,0.5180951055040973,42.05311227128323,Sentinel-2,110.81596977482474
2020-10-09,0.0991538962207959,39.174462428826835,Sentinel-2,24.48814306531125
2020-10-09,0.1175175096620775,39.218254407161204,Sentinel-2,26.84271953817212
2020-10-14,0.1894163380084061,39.441886620397256,Sentinel-2,37.32268700232871
2020-10-14,0.200381293914196,39.48413935741954,Sentinel-2,39.09750135332109
2020-10-16,0.4450933691157252,41.18636006826153,Sentinel-2,90.8655734190234
2020-10-16,0.4566428782865931,41.31060069159392,Sentinel-2,93.88397869532784
2020-10-19,0.3511471165524045,40.33814167696699,Sentinel-2,68.23914154642098
2020-10-19,0.3626398391676994,40.42731307629446,Sentinel-2,70.82295440974121
2020-10-24,0.0887762119896363,39.15184315641873,Sentinel-2,23.215480758781872
2020-10-24,0.0960086179755501,39.16744892833863,Sentinel-2,24.098002891511882
2020-10-26,0.2878100023415859,39.912036527461055,Sentinel-2,54.920591500701775
2020-10-26,0.3029029300793583,40.00397978440928,Sentinel-2,57.95284053375356
2020-10-29,0.2174498294039119,39.55464993596283,Sentinel-2,41.95323859002924
2020-10-29,0.2216515882289075,39.572919903439974,Sentinel-2,42.673602337458846
2020-10-31,0.0269714018987729,39.04547139318348,Sentinel-2,16.50300526283667
2020-10-31,0.0180159116326415,39.033649383354124,Sentinel-2,15.653512892452607
2020-11-03,0.0367433955979511,39.05932936144753,Sentinel-2,17.465511248274684
2020-11-03,0.0450600246450202,39.0719443454371,Sentinel-2,18.31390263347365
2020-11-08,0.0230108605953156,39.04014178008337,Sentinel-2,16.123475290405224
2020-11-08,0.0020063000029331,39.014495725362906,Sentinel-2,14.212554729457631
2020-12-15,0.0176221783231317,39.033148322548165,Sentinel-2,15.616879798933699
2020-12-28,0.0110913014782934,39.02506116453585,Sentinel-2,15.018032699203577
2020-12-28,0.0006476397015693,39.01298221634336,Sentinel-2,14.094853000031234
2021-01-29,0.2210328001825126,39.570206235378436,Sentinel-2,42.56708438357831
2021-01-29,0.0416576201024412,39.06669018092546,Sentinel-2,17.963569264892588
2021-02-01,0.0504027892063295,39.08046083945578,Sentinel-2,18.873107420876863
2021-02-01,0.0481947209321201,39.07690135414355,Sentinel-2,18.64065311907602
2021-02-03,0.0204078173897565,39.03672679325722,Sentinel-2,15.877351478256378
2021-02-03,0.0159443874536062,39.03103053149573,Sentinel-2,15.46145290550848
2021-02-06,0.0308738838344781,39.05088330267368,Sentinel-2,16.882934455721383
2021-02-06,0.0390744444649597,39.06278765609765,Sentinel-2,17.700593567855908
2021-02-26,0.0444119543656236,39.07093349230496,Sentinel-2,18.246826295216515
2021-02-26,0.0452344794279742,39.07221727196009,Sentinel-2,18.331986874381208
2021-02-28,0.0103393415473703,39.0241568006082,Sentinel-2,14.95014612532131
2021-02-28,0.0061042022259375,39.01916466618593,Sentinel-2,14.571904173858309
2021-03-05,0.0576039479520901,39.092465819452514,Sentinel-2,19.644376072726047
2021-03-05,0.0592227130130683,39.09524930848688,Sentinel-2,19.82052578219066
2021-03-10,0.0182822138805408,39.033989157370215,Sentinel-2,15.678323908918216
2021-03-10,0.0128446930585194,39.02719124376472,Sentinel-2,15.177181674344732
2021-03-15,0.0396519958988146,39.06365375841156,Sentinel-2,17.75916508915888
2021-03-15,0.0245214012165227,39.04215532425286,Sentinel-2,16.267507916792685
2021-03-23,0.0019099140475212,39.0143877923148,Sentinel-2,14.204181101431852
2021-03-23,0.0058075068328925,39.01882133557732,Sentinel-2,14.545667476542746
2021-04-27,0.0009178201137469,39.013281833910234,Sentinel-2,14.118201777262959
2021-04-27,0.0042680897862438,39.01705326064561,Sentinel-2,14.410086490876418
2021-04-29,0.0087718084999402,39.02228909314695,Sentinel-2,14.809336553101033
2021-04-29,0.0060879515885055,39.019145839710994,Sentinel-2,14.570466248550911
2021-05-02,0.0213852822234869,39.03800104961476,Sentinel-2,15.96946428840267
2021-05-02,0.0211645242214813,39.03771241288696,Sentinel-2,15.94862837747686
2021-05-04,0.0479453757269473,39.07650293633652,Sentinel-2,18.614522383816524
2021-05-04,0.039130313417021,39.06287127655254,Sentinel-2,17.706253770925073
2021-05-07,0.038299448312544,39.06163125472206,Sentinel-2,17.622202178713337
2021-05-07,0.0368837854674215,39.05953595274267,Sentinel-2,17.4796095642558
2021-05-09,0.0515363120626639,39.08231008871135,Sentinel-2,18.99317505393907
2021-05-09,0.0501144296321518,39.07999278928039,Sentinel-2,18.842642806118434
2021-05-12,0.0015254343081762,39.013958106712614,Sentinel-2,14.17081495997403
2021-05-12,0.0047374445791543,39.017589971465114,Sentinel-2,14.45132634997401
2021-05-14,0.0106795959443951,39.024565338908964,Sentinel-2,14.980836903516579
2021-05-14,0.003309827204779,39.01596388073924,Sentinel-2,14.326154591588631
2021-06-16,0.0506515442078466,39.08086538167865,Sentinel-2,18.89941385515522
2021-06-16,0.0533338256006835,39.08527336967654,Sentinel-2,19.18459926203425
2021-06-18,0.1888287873879603,39.43968790679929,Sentinel-2,37.22890365057484
2021-06-18,0.1756516337945902,39.39208151799641,Sentinel-2,35.160846142782425
2021-06-21,0.0948024320306454,39.164796053565915,Sentinel-2,23.949407589254154
2021-06-21,0.0876318030211824,39.14943943218089,Sentinel-2,23.077699083106065
2021-06-23,0.2920417779739416,39.93723729509716,Sentinel-2,55.7618460561958
2021-06-23,0.2789036030183001,39.86044237826529,Sentinel-2,53.17278525700667
2021-06-26,0.1153174407732391,39.21274575297263,Sentinel-2,26.553717055054058
2021-06-26,0.1190369951095057,39.22210163782041,Sentinel-2,27.043418424583503
2021-06-28,0.5575597893642523,42.60711518706349,Sentinel-2,122.46364119057168
2021-06-28,0.5739401831489139,42.85595873092097,Sentinel-2,127.47593901896816
2021-07-01,0.2789061080740602,39.86045661742139,Sentinel-2,53.173272518839774
2021-07-01,0.288804684348891,39.91791991854359,Sentinel-2,55.117703306219184
2021-07-06,0.3716086637537716,40.499587983189315,Sentinel-2,72.87500210533508
2021-07-06,0.3809306913797078,40.57725738758055,Sentinel-2,75.04099582763922
2021-07-08,0.349174948010547,40.323222320984364,Sentinel-2,67.80091566755628
2021-07-08,0.3632994358633694,40.43254749748712,Sentinel-2,70.97280366454274
2021-07-11,0.0707153325910478,39.11593255685853,Sentinel-2,21.100403783125433
2021-07-11,0.0663898560507447,39.10795609725246,Sentinel-2,20.61267184739956
2021-07-13,0.2906632728482597,39.928979101968714,Sentinel-2,55.48704221871252
2021-07-13,0.2692549794471406,39.80671836727632,Sentinel-2,51.3141138120501
2021-07-16,0.4889611508665165,41.68355356290617,Sentinel-2,102.60569485316489
2021-07-16,0.4892037470083056,41.68649781348065,Sentinel-2,102.67269915396996
2021-07-18,0.4978153351102191,41.79244223960749,Sentinel-2,105.0660100450291
2021-07-18,0.4615336045767366,41.36462245890505,Sentinel-2,95.1777696920731
2021-07-21,0.4591388738396263,41.33806504878365,Sentinel-2,94.54310694629714
2021-07-21,0.4788584289737331,41.562882043652685,Sentinel-2,99.83566449429097
2021-07-23,0.4873764713146026,41.66437521269652,Sentinel-2,102.1685739797824
2021-07-23,0.4672594660479333,41.428950198361555,Sentinel-2,96.70429989712802
2021-07-28,0.4484439357439002,41.2219245566864,Sentinel-2,91.73588858478823
2021-07-28,0.4380973890813647,41.113347442304125,Sentinel-2,89.06242222055798
2021-08-05,0.1410931384142258,39.28199129599174,Sentinel-2,30.05771657776574
2021-08-05,0.1331692551603902,39.25958844709928,Sentinel-2,28.953039775430774
2021-08-07,0.4800876393267471,41.577362963020455,Sentinel-2,100.17057784484876
2021-08-07,0.4217619948278673,40.949317963071614,Sentinel-2,84.92618319274247
2021-08-10,0.2439566650123203,39.676189104106754,Sentinel-2,46.612552289580336
2021-08-10,0.24939884631651,39.70303688535934,Sentinel-2,47.60295478206026
2021-08-12,0.1327851833835451,39.25852824574821,Sentinel-2,28.90011599185813
2021-08-12,0.1187922645895835,39.22147963290222,Sentinel-2,27.011032948329433
2021-08-15,0.1737506897690997,39.38547898142115,Sentinel-2,34.86807679855563
2021-08-15,0.1773233647036539,39.39794254672216,Sentinel-2,35.41947439349391
2021-08-17,0.1379377124915028,39.272948357444584,Sentinel-2,29.614891455590527
2021-08-17,0.1365249341974049,39.268951978530374,Sentinel-2,29.41787958772376
2021-08-20,0.5186988918548516,42.06111774216399,Sentinel-2,110.98961268753577
2021-08-20,0.5086153889616383,41.929288179311705,Sentinel-2,108.1082734393334
2021-08-22,0.3795432963813628,40.565531425450324,Sentinel-2,74.71649231251318
2021-08-22,0.3668477660938304,40.46092599749433,Sentinel-2,71.78182599098236
2021-08-25,0.0930618500961929,39.16100346160616,Sentinel-2,23.73597442712053
2021-08-25,0.0942375190141111,39.16356054911843,Sentinel-2,23.880007918694286
2021-08-27,0.4833646109134022,41.61623955103064,Sentinel-2,101.0662982408019
2021-08-27,0.5213205033564992,42.09604329750173,Sentinel-2,111.74520508404686
2021-08-30,0.3746123657331161,40.52432829272554,Sentinel-2,73.56923092776077
2021-08-30,0.3878845200430054,40.6369164205188,Sentinel-2,76.6787268962569
2021-09-01,0.116022993753573,39.214504425033844,Sentinel-2,26.64619404642087
2021-09-01,0.0777617356623111,39.12943530053196,Sentinel-2,21.910513286451952
2021-09-04,0.2847577709188095,39.89413586264828,Sentinel-2,54.31814440494328
2021-09-04,0.2723666930620261,39.82380112196633,Sentinel-2,51.909588853042
2021-09-06,0.2761951238084517,39.84513577628286,Sentinel-2,52.647382108969666
2021-09-06,0.3055164219659821,40.02048926451882,Sentinel-2,58.486897383563914
2021-09-11,0.1658121906829761,39.35861216328267,Sentinel-2,33.66062666784569
2021-09-11,0.1548139795054791,39.32323213750405,Sentinel-2,32.02826468035833
2021-09-14,0.1992365862381024,39.47961892910026,Sentinel-2,38.910031724903014
2021-09-14,0.21024262199452,39.524158938876695,Sentinel-2,40.73358929009895
2021-09-16,0.304525226164018,40.01420713967235,Sentinel-2,58.28403791928753
2021-09-16,0.2755907203041948,39.84174423473447,Sentinel-2,52.53052626150929
2021-09-19,0.0461170030853188,39.073603243390224,Sentinel-2,18.423651850406472
2021-09-19,0.0546935996865548,39.08754025852543,Sentinel-2,19.330241168962417
2021-09-21,0.2593301465037652,39.75375619798118,Sentinel-2,49.43998473457845
2021-09-21,0.2501982664582323,39.707036590744,Sentinel-2,47.74940791963444
2021-09-24,0.5159593127339634,42.024908915641085,Sentinel-2,110.2028741751136
2021-09-24,0.5172593101549554,42.042054237380526,Sentinel-2,110.57583720676931
2021-09-26,0.2906374946392722,39.92882512493904,Sentinel-2,55.48191038897767
2021-09-26,0.3213856830952249,40.124565010812006,Sentinel-2,61.78671586179269
2021-09-29,0.2740307983392882,39.833031488905256,Sentinel-2,52.229585801543024
2021-09-29,0.2807969641913794,39.87124804243698,Sentinel-2,53.54176123447223
2021-10-01,0.256346706675412,39.738282955431494,Sentinel-2,48.884098576936644
2021-10-01,0.252517773567034,39.718723400843686,Sentinel-2,48.17574560681135
2021-10-04,0.1763634938581449,39.39457100880375,Sentinel-2,35.27084300160832
2021-10-04,0.1779317734136228,39.40008834588468,Sentinel-2,35.51386897729357
2021-10-06,0.1479210499400202,39.30211964687871,Sentinel-2,31.029176003594273
2021-10-06,0.1539326666104255,39.32048773049911,Sentinel-2,31.899494121418478
2021-10-09,0.523380519944045,42.123677286923936,Sentinel-2,112.3408105242333
2021-10-09,0.5278268898269804,42.18389601292604,Sentinel-2,113.63199578691649
2021-10-11,0.1097651334452985,39.19916490625578,Sentinel-2,25.832726788542217
2021-10-11,0.0988284778577955,39.17373033882517,Sentinel-2,24.44759986675928
2021-10-14,0.3138270636689363,40.07416612718606,Sentinel-2,60.20278662413197
2021-10-14,0.323950915049333,40.14201603402161,Sentinel-2,62.329313813057965
2021-10-16,0.526806262451072,42.170003827222686,Sentinel-2,113.33493546596284
2021-10-16,0.5320105739973047,42.241276590521416,Sentinel-2,114.85391570022117
2021-10-24,0.0520383559811846,39.08313392116184,Sentinel-2,19.04651327791556
2021-10-24,0.0280126121577254,39.0468996327785,Sentinel-2,16.603794174895924
2021-12-23,0.1262742108583031,39.24091031089582,Sentinel-2,28.011650057979445
2021-12-30,0.0054992192176583,39.01846547079119,Sentinel-2,14.518441925316296
2021-12-30,0.0062974530011806,39.019388739934726,Sentinel-2,14.589011689393418
2022-02-16,0.0129577960028128,39.02732967390424,Sentinel-2,15.187488640323929
2022-02-16,0.0037026687669912,39.01640943665208,Sentinel-2,14.36051946920377
2022-02-18,0.012465038661145,39.0267274869912,Sentinel-2,15.142620476522694
2022-02-23,0.0210410946241839,39.037551247281044,Sentinel-2,15.936986916670934
2022-02-23,0.0207790752795031,39.03720963439401,Sentinel-2,15.91229376701191
2022-03-05,0.0195441873159815,39.0356089969424,Sentinel-2,15.796275032695926
2022-03-05,0.0216377562850328,39.0383317629531,Sentinel-2,15.993316889474933
2022-03-10,0.025657953562315,39.04368588514489,Sentinel-2,16.37646476117273
2022-03-10,0.0316841772401699,39.05202724137933,Sentinel-2,16.962563281293612
2022-03-18,0.025928583289853,39.04405231033718,Sentinel-2,16.40248298241616
2022-03-18,0.0303649776595459,39.05016842595456,Sentinel-2,16.833053893952336
2022-03-23,0.0139151721271727,39.02850645363491,Sentinel-2,15.274932589110254
2022-03-23,0.0298359621452842,39.04942821738159,Sentinel-2,16.781309009752377
2022-04-22,0.0073761158450949,39.02064594655521,Sentinel-2,14.684766872785248
2022-04-22,0.00619866608191,39.01927415264579,Sentinel-2,14.580264768740403
2022-04-24,0.0165092971187154,39.031740458249764,Sentinel-2,15.513662739290547
2022-04-24,0.0153260641660015,39.03025710879692,Sentinel-2,15.404448673441292
2022-04-27,0.0038644604535756,39.01659335756335,Sentinel-2,14.374690072119273
2022-04-27,0.0114467741552469,39.025490588871364,Sentinel-2,15.050201096567498
2022-04-29,0.0373867243190072,39.060277826001936,Sentinel-2,17.530178867186034
2022-04-29,0.0371464087054536,39.0599229963397,Sentinel-2,17.506003440630288
2022-05-02,0.0234485067723783,39.040722743402554,Sentinel-2,16.165114355407788
2022-05-02,0.0213668169346077,39.03797688759857,Sentinel-2,15.96772074409307
2022-05-04,0.0220066598053316,39.038816155105074,Sentinel-2,16.028213761088555
2022-05-04,0.0142338106736752,39.02890011041547,Sentinel-2,15.304115116668626
2022-05-07,0.0149351380520698,39.02977007553956,Sentinel-2,15.368485226952368
2022-05-07,0.0114144556877985,39.02545149629441,Sentinel-2,15.04727441667718
2022-05-17,0.0363172933213034,39.05870364835167,Sentinel-2,17.422767855819156
2022-05-17,0.0349156018507794,39.05665928713442,Sentinel-2,17.282658515641778
2022-05-19,0.0261598934688237,39.04436610200398,Sentinel-2,16.42474360167854
2022-05-19,0.0335490519933158,39.05468669779242,Sentinel-2,17.146796957135667
2022-05-24,0.001253531657334,39.013655058968986,Sentinel-2,14.147253229630834
2022-05-29,0.022163893487093,39.03902303463184,Sentinel-2,16.043103545902127
2022-05-29,0.0251727112261742,39.043030785724824,Sentinel-2,16.32988505424631
2022-06-21,0.0162636495618711,39.03143136124397,Sentinel-2,15.49094436819892
2022-06-21,0.0196929028236681,39.03580094183975,Sentinel-2,15.810215586841958
2022-06-23,0.0126145668084156,39.026909971150346,Sentinel-2,15.156225832456045
2022-06-23,0.0002231794727104,39.012512864735086,Sentinel-2,14.058228779441352
2022-06-28,0.0323296967152761,39.05294357982317,Sentinel-2,17.02618212785729
2022-06-28,0.0274454366887143,39.046120222869476,Sentinel-2,16.548839474383655
2022-07-01,0.0705331568658819,39.11559186774282,Sentinel-2,21.079715340714714
2022-07-01,0.0715656782915103,39.11752835762779,Sentinel-2,21.197142305132786
2022-07-03,0.1882700711086635,39.43760319133569,Sentinel-2,37.139847216917694
2022-07-03,0.1816704200643327,39.413424360270746,Sentinel-2,36.097078025948186
2022-07-06,0.1388916471127518,39.27566507852276,Sentinel-2,29.748356319959345
2022-07-06,0.136243004320872,39.2681583322012,Sentinel-2,29.378657325782626
2022-07-08,0.2182393648625989,39.55805500851818,Sentinel-2,42.08807569463711
2022-07-08,0.2194837749227653,39.5634480619501,Sentinel-2,42.30108827003993
2022-07-11,0.1145997262787791,39.2109644229794,Sentinel-2,26.459844554162785
2022-07-11,0.1144126758045208,39.21050143942851,Sentinel-2,26.435412426172924
2022-07-13,0.2994707413711324,39.98256491875618,Sentinel-2,57.25551841663059
2022-07-13,0.310229628430171,40.050709650939034,Sentinel-2,59.45673317657871
2022-07-16,0.3530551469743146,40.35268176998519,Sentinel-2,68.66455430133539
2022-07-16,0.3543963911207901,40.362965277462,Sentinel-2,68.96444377768101
2022-07-18,0.4421395751012601,41.15532845853073,Sentinel-2,90.10193926702323
2022-07-18,0.4252798951941355,40.983888489019215,Sentinel-2,85.80817856188025
2022-07-21,0.4302685119915915,41.03361784909624,Sentinel-2,87.06715301051253
2022-07-21,0.4297027405013965,41.02793607428173,Sentinel-2,86.92388331068159
2022-07-23,0.4058319253794597,40.79784750547695,Sentinel-2,80.99245662983745
2022-07-23,0.4264977032272897,40.99595165567826,Sentinel-2,86.11462373442868
2022-07-26,0.2296866546976926,39.6088890937853,Sentinel-2,44.07026806924543
2022-07-26,0.2207879464091909,39.56913464713112,Sentinel-2,42.524976435383365
2022-07-28,0.4399036693294609,41.1320379380216,Sentinel-2,89.52615316491821
2022-07-28,0.4358282763781899,41.09002521993877,Sentinel-2,88.4816641426294
2022-08-02,0.2992210469850499,39.98101871315219,Sentinel-2,57.20496634449211
2022-08-02,0.1791074166052745,39.40425405606695,Sentinel-2,35.69667754414017
2022-08-05,0.3469870165365725,40.306800406488286,Sentinel-2,67.31651491680216
2022-08-05,0.2641640008617002,39.77926346840469,Sentinel-2,50.347990439638984
2022-08-07,0.4597446585336858,41.34476394397784,Sentinel-2,94.70344424746922
2022-08-07,0.3984294062403365,40.730241504301254,Sentinel-2,79.19806316657088
2022-08-10,0.1803107250767245,39.40854425521106,Sentinel-2,35.88434424626754
2022-08-10,0.1836493306484579,39.42058848629346,Sentinel-2,36.40797627834199
2022-08-12,0.5050090572700786,41.883096180343024,Sentinel-2,107.0873657623022
2022-08-12,0.510502800943866,41.95366319807506,Sentinel-2,108.64459125963407
2022-08-15,0.3714353631909278,40.498168817106155,Sentinel-2,72.83505510720373
2022-08-15,0.3681236987053179,40.47122144876906,Sentinel-2,72.07393587211753
2022-08-17,0.5759680612593304,42.88756032779028,Sentinel-2,128.10371111043563
2022-08-17,0.5740635461027181,42.85787612062,Sentinel-2,127.51408294602022
2022-08-20,0.5353292057690497,42.28729209926327,Sentinel-2,115.82801975489863
2022-08-20,0.5220957470372158,42.10642309574008,Sentinel-2,111.9691550464826
2022-08-22,0.5045755753982566,41.87757754727283,Sentinel-2,106.96499273155507
2022-08-22,0.4947581631822743,41.754511609536756,Sentinel-2,104.21306872233968
2022-08-25,0.33992517513923,40.25471961620291,Sentinel-2,65.76574011316677
2022-08-25,0.3562080857299552,40.376938133106414,Sentinel-2,69.37063153358883
2022-08-27,0.31135396663514,40.058004251832365,Sentinel-2,59.689363509510954
2022-08-27,0.361690016661506,40.41979789526513,Sentinel-2,70.60746779855968
2022-08-30,0.5658630915262808,42.73183444036077,Sentinel-2,124.99136690447588
2022-08-30,0.5609199801027037,42.657237257211115,Sentinel-2,123.48333670558281
2022-09-01,0.4873080860462206,41.66354969587419,Sentinel-2,102.14973243120622
2022-09-01,0.4748366500039353,41.515889390964325,Sentinel-2,98.74398558671984
2022-09-04,0.0669019574012839,39.108888229096394,Sentinel-2,20.670035869380303
2022-09-04,0.0705357965348269,39.11559680122477,Sentinel-2,21.080015017642964
2022-09-06,0.4409547548648946,41.14296534567073,Sentinel-2,89.79658466390184
2022-09-06,0.436585351676143,41.097787085768886,Sentinel-2,88.67520800346016
2022-09-09,0.3171560678835299,40.09617602522086,Sentinel-2,60.89765232719005
2022-09-09,0.3062470556616964,40.02513621967834,Sentinel-2,58.636674323197845
2022-09-16,0.5945278263692058,43.18508219146486,Sentinel-2,133.92352659958527
2022-09-16,0.6156945136916712,43.54303902747493,Sentinel-2,140.72420239303455
2022-09-19,0.3898828443752231,40.654336078455636,Sentinel-2,77.15283862247642
2022-09-19,0.3939703567950156,40.69035382322471,Sentinel-2,78.12745393850278
2022-09-24,0.4426746126864636,41.16092713851489,Sentinel-2,90.24000920274732
2022-09-24,0.4444450752408488,41.179523572546,Sentinel-2,90.69768179919379
2022-09-26,0.5947460778763546,43.18867077971113,Sentinel-2,133.99276048486132
2022-09-26,0.5954562971366395,43.20036313061687,Sentinel-2,134.21818484264412
2022-09-29,0.6258527111168651,43.72206101120875,Sentinel-2,144.04977949942491
2022-09-29,0.6777860591804219,44.71363437897933,Sentinel-2,161.67827426922761
2022-10-01,0.3180560665542867,40.10217684418818,Sentinel-2,61.08624938686586
2022-10-01,0.3225918103651975,40.132748146020376,Sentinel-2,62.04151739558719
2022-10-04,0.3512249133192291,40.33873248465316,Sentinel-2,68.25645937470304
2022-10-04,0.3610458114814871,40.41471584923352,Sentinel-2,70.46151626080962
2022-10-06,0.5428343818143468,42.39300023404368,Sentinel-2,118.04676848839262
2022-10-06,0.5474875414067724,42.459692309026366,Sentinel-2,119.43337192699545
2022-10-11,0.4683219769320457,41.44101627508529,Sentinel-2,96.98896979362098
2022-10-11,0.4679302155119538,41.43656263261264,Sentinel-2,96.88395728023167
2022-10-14,0.3617697920364988,40.42042807711212,Sentinel-2,70.6255529819584
2022-10-14,0.3769343627533544,40.543639498282126,Sentinel-2,74.10830417240781
2022-10-16,0.2571282071231672,39.74231632540717,Sentinel-2,49.029376394038145
2022-10-16,0.247942358547694,39.69578666863081,Sentinel-2,47.336765869077865
2022-10-19,0.4478612944156384,41.215712199964756,Sentinel-2,91.58423315670561
2022-10-19,0.4528466816352129,41.269250326621815,Sentinel-2,92.8861424882601
2022-10-26,0.1775102062739131,39.39860079429526,Sentinel-2,35.44844754840372
2022-10-26,0.2050158219719653,39.502705567388425,Sentinel-2,39.861706270689986
2022-10-29,0.4574519979245309,41.319479633082764,Sentinel-2,94.09738115725078
2022-10-29,0.4673104497790393,41.42952825240401,Sentinel-2,96.71794953177707
2022-11-03,0.6619766397234301,44.3979637181864,Sentinel-2,156.20087345670117
2022-11-03,0.7076638384653999,45.34451445422144,Sentinel-2,172.2951205893234
2022-11-13,0.0199189981448476,39.0360931878561,Sentinel-2,15.831426172848177
2022-11-13,0.0104532336410827,39.02429342458545,Sentinel-2,14.960414125931925
2022-11-15,0.0459343087219065,39.07331560065069,Sentinel-2,18.40465111206558
2022-11-15,0.0525478136235669,39.08397293400581,Sentinel-2,19.100739290850086
2022-12-13,0.0023464975471744,39.014877366608786,Sentinel-2,14.24213859958476
2022-12-13,0.0060411212721173,39.019091600427835,Sentinel-2,14.566323077638442
2023-01-22,0.0402820035516864,39.06460274017769,Sentinel-2,17.823204216958555
2023-01-22,0.0286710788719534,39.04780873548315,Sentinel-2,16.66775108521073
2023-01-24,0.0298017203892548,39.049380407936894,Sentinel-2,16.777963450048485
2023-01-24,0.0302025055799262,39.04994077594506,Sentinel-2,16.81715035080318
2023-01-27,0.015036494598528,39.029896205049816,Sentinel-2,15.37780387055087
2023-01-27,0.0181415188702045,39.03380955653276,Sentinel-2,15.665212112929497
2023-01-29,0.0840664385997408,39.142063932595725,Sentinel-2,22.65170841217454
2023-01-29,0.0845682129965268,39.14309162126823,Sentinel-2,22.711361825545595
2023-02-01,0.0239215170980267,39.04135286699721,Sentinel-2,16.210201784737766
2023-02-01,0.0237681153079905,39.041148259412225,Sentinel-2,16.195569971048844
2023-02-06,0.045384969018804,39.07245298376815,Sentinel-2,18.347596350654012
2023-02-06,0.0384824816551865,39.06190376821322,Sentinel-2,17.64069507119185
2023-02-11,0.1093066758214978,39.19806389720288,Sentinel-2,25.77372965147083
2023-02-11,0.0928774955029103,39.160604222703974,Sentinel-2,23.713437508866928
2023-03-15,0.016774503072842,39.03207483949648,Sentinel-2,15.538216268850736
2023-03-15,0.0159090664255155,39.030986248532386,Sentinel-2,15.458192600750593
2023-03-20,0.0047969280728691,39.01765813884831,Sentinel-2,14.456558980087415
2023-03-20,0.0017734688368076,39.014235147872455,Sentinel-2,14.192333458261727
2023-03-25,6.705173843247328e-05,39.01234064076856,Sentinel-2,14.044775034127804
2023-03-30,0.0001390611354943,39.012420046311554,Sentinel-2,14.050979007539826
2023-04-07,0.0051676730440285,39.018083757510944,Sentinel-2,14.489203583130893
2023-05-27,0.0110133193097534,39.02496712298835,Sentinel-2,15.010982293880542
2023-05-27,0.0163018857925101,39.03147943426384,Sentinel-2,15.49447905144919
2023-05-29,0.0025744976042534,39.01513374283236,Sentinel-2,14.261990854657979
2023-06-03,0.0873729695899538,39.148898235970144,Sentinel-2,23.04660728598233
2023-06-03,0.076931241754548,39.12781061782719,Sentinel-2,21.81403006471118
2023-06-06,0.0348381256149444,39.05654691115085,Sentinel-2,17.274936467499106
2023-06-06,0.0347536870484824,39.05642451072567,Sentinel-2,17.266523141390174
2023-06-11,0.0331010412193047,39.054044390324684,Sentinel-2,17.102413972634217
2023-06-11,0.0320368506574637,39.05252732139668,Sentinel-2,16.997300762511937
2023-06-13,0.1105734563122008,39.201113660409625,Sentinel-2,25.936945712048715
2023-06-13,0.123752524766441,39.23426516307432,Sentinel-2,27.671975296559843
2023-06-16,0.0548657735612287,39.0878288488946,Sentinel-2,19.34873352552904
2023-06-16,0.0574703066543593,39.09223742733609,Sentinel-2,19.62987909179545
2023-06-18,0.0589953970323552,39.0948565325619,Sentinel-2,19.795728396899356
2023-06-18,0.0593380033940619,39.09544875524962,Sentinel-2,19.833110224317828
2023-06-21,0.0681754127935985,39.111220359972826,Sentinel-2,20.81312629642439
2023-06-21,0.0791802090760784,39.13223101223222,Sentinel-2,22.075925362687332
2023-06-23,0.4068162500738247,40.80696878996588,Sentinel-2,81.23266419691872
2023-06-23,0.3679284035651172,40.46964249252009,Sentinel-2,72.0291843179041
2023-06-26,0.1874111752441306,39.434409992905294,Sentinel-2,37.003180344084306
2023-06-26,0.1771493851876173,39.39733018962599,Sentinel-2,35.39250793088623
2023-06-28,0.067386198173535,39.10977265330988,Sentinel-2,20.724372790748745
2023-06-28,0.0539686344118346,39.086328948740245,Sentinel-2,19.25250257081671
2023-07-01,0.0146779844860609,39.02945052506168,Sentinel-2,15.34486063940959
2023-07-01,0.0195262584727837,39.035585871536085,Sentinel-2,15.794594968053516
2023-07-03,0.0221121469553746,39.0389549214675,Sentinel-2,16.03820216918841
2023-07-03,0.0107892568343346,39.02469724553829,Sentinel-2,14.990737849138434
2023-07-06,0.1297837803267226,39.25032379650035,Sentinel-2,28.48850743683101
2023-07-06,0.1171643951188686,39.21736534774208,Sentinel-2,26.79620744550618
2023-07-08,0.1503078214974785,39.30933911132218,Sentinel-2,31.373034185090106
2023-07-08,0.1436390471541574,39.28940627857866,Sentinel-2,30.41782412110388
2023-07-11,0.3474471985454322,40.310243088119165,Sentinel-2,67.41824317911883
2023-07-11,0.3449934843131713,40.29195582819757,Sentinel-2,66.87677338389699
2023-07-13,0.3155165118171598,40.08529938002528,Sentinel-2,60.55488821311221
2023-07-13,0.3100694649336784,40.0496732149159,Sentinel-2,59.423634649862066
2023-07-16,0.2938742251385248,39.94828859628409,Sentinel-2,56.12828624631837
2023-07-16,0.2967769838363567,39.9659678032046,Sentinel-2,56.71143100915272
2023-07-18,0.3896564674363968,40.652356508632515,Sentinel-2,77.09905169344748
2023-07-18,0.393998074897798,40.690599844423694,Sentinel-2,78.13408513330154
2023-07-21,0.466225406997804,41.417246168524294,Sentinel-2,96.42767416118022
2023-07-21,0.4526288402181195,41.26689280796136,Sentinel-2,92.82905245461424
2023-07-26,0.3959452299705398,40.70794267591414,Sentinel-2,78.60066385854857
2023-07-26,0.398221680442909,40.72836943818238,Sentinel-2,79.14801699034913
2023-07-28,0.5670954667699184,42.75059331687805,Sentinel-2,125.36881530874396
2023-07-28,0.566055998906085,42.73476657179238,Sentinel-2,125.05041106494198
2023-07-31,0.4486259932994824,41.22386814388634,Sentinel-2,91.78330331119646
2023-07-31,0.4573168482065792,41.31799494990712,Sentinel-2,94.06171819349527
2023-08-02,0.4283532834374375,41.014427419188245,Sentinel-2,86.58266400096714
2023-08-02,0.4360628398351015,41.09242798709322,Sentinel-2,88.54160571779278
2023-08-05,0.4939070479232575,41.74401452439713,Sentinel-2,103.9762566535313
2023-08-05,0.4784289383833456,41.5578354261314,Sentinel-2,99.71878298186098
2023-08-07,0.371009073220845,40.494681726334235,Sentinel-2,72.73684194141194
2023-08-07,0.3127613425303272,40.067181855017594,Sentinel-2,59.98124793263437
2023-08-10,0.3603903999840595,40.409557846467656,Sentinel-2,70.31319133548755
2023-08-10,0.3695922858912882,40.48313121687971,Sentinel-2,72.4109350096376
2023-08-12,0.0593462279990429,39.0954629895466,Sentinel-2,19.834008172816926
2023-08-12,0.0554075780153596,39.08873928987297,Sentinel-2,19.40700127279215
2023-08-15,0.321110948254116,40.122706490968994,Sentinel-2,61.728755558456584
2023-08-15,0.3789602738236065,40.56062130193622,Sentinel-2,74.580350011763
2023-08-25,0.3906637980477103,40.661177391019045,Sentinel-2,77.33854528726977
2023-08-25,0.3744811148978642,40.52324157542594,Sentinel-2,73.53882239422808
2023-08-27,0.3551613045041158,40.36885318090367,Sentinel-2,69.13578422195314
2023-08-27,0.3874604133555477,40.63323531319248,Sentinel-2,76.57830525901069
2023-08-30,0.3795023741793452,40.56518644838076,Sentinel-2,74.70693220886221
2023-08-30,0.3821114915884919,40.58728343601951,Sentinel-2,75.3177673343168
2023-09-04,0.2288869826132382,39.60524801397389,Sentinel-2,43.93014367135199
2023-09-04,0.1889100732899528,39.43999170046491,Sentinel-2,37.241870304836745
2023-09-06,0.2748741611941805,39.83773472937743,Sentinel-2,52.39217009918446
2023-09-06,0.2797385771311426,39.86519694589906,Sentinel-2,53.33533229075644
2023-09-09,0.1911844016431028,39.448542765019056,Sentinel-2,37.60571021074753
2023-09-09,0.1985339656704566,39.47685703465021,Sentinel-2,38.79521525957552
2023-09-11,0.2576495572016286,39.74501484258964,Sentinel-2,49.12642528835614
2023-09-11,0.3172216424769797,40.096612522670725,Sentinel-2,60.91138302072703
2023-09-14,0.2330499982333997,39.624353067095285,Sentinel-2,44.6623386211721
2023-09-14,0.2345308805588291,39.63123907849287,Sentinel-2,44.92442170137842
2023-09-16,0.2625481026009801,39.77067623845748,Sentinel-2,50.0434447937904
2023-09-16,0.2636156532545169,39.77634260033399,Sentinel-2,50.24453052643729
2023-09-19,0.1984106778485751,39.4763734065763,Sentinel-2,38.77508836634267
2023-09-19,0.2019240904825962,39.49027266269798,Sentinel-2,39.35097202040326
2023-09-21,0.1070060261987115,39.1925852260967,Sentinel-2,25.478901480946792
2023-09-21,0.1040094446323856,39.185564650270784,Sentinel-2,25.097974290115058
2023-10-01,0.1586175651917603,39.33522965341831,Sentinel-2,32.58747767993262
2023-10-01,0.1632011470586608,39.35002118063079,Sentinel-2,33.26883822248193
2023-10-04,0.1434527310737487,39.28886001037638,Sentinel-2,30.391385103571285
2023-10-04,0.1504693704737494,39.30983122962777,Sentinel-2,31.396388275017117
2023-10-06,0.133552274309025,39.26064808616633,Sentinel-2,29.005875605146883
2023-10-06,0.1333026473022777,39.25995721649717,Sentinel-2,28.971434171955742
2023-10-14,0.1110683648590231,39.2023115668346,Sentinel-2,26.000880743334996
2023-10-14,0.1143818578680435,39.210425209665765,Sentinel-2,26.43138835877759
2023-10-19,0.1033774518165305,39.184100523996555,Sentinel-2,25.01808062843369
2023-10-19,0.1119997853543525,39.20457584469341,Sentinel-2,26.121464972531555
2023-10-29,0.0942952001715492,39.16368649876376,Sentinel-2,23.88708837425111
2023-10-29,0.0956368443774583,39.16662909089897,Sentinel-2,24.052142199996393
2023-10-31,0.0904424555288471,39.15537478067262,Sentinel-2,23.416999030984314
2023-10-31,0.0969424303113105,39.16951669629863,Sentinel-2,24.213431632731446
2023-11-03,0.0972738951389199,39.17025360518924,Sentinel-2,24.254485569404157
2023-11-03,0.0590795688276832,39.09500189912517,Sentinel-2,19.80490816597392
2023-11-05,0.0225919078336125,39.0395874735788,Sentinel-2,16.083684515354012
2023-11-05,0.0201885585063679,39.03644229158273,Sentinel-2,15.856740290137223
2023-11-08,0.066969183855574,39.109010837729834,Sentinel-2,20.67757393872694
2023-11-08,0.0700275250659281,39.114648476534775,Sentinel-2,21.02236180145981
2023-11-10,0.0341591775867641,39.055564907777814,Sentinel-2,17.207365590143937
2023-11-10,0.0297277229076018,39.04927713269475,Sentinel-2,16.770735149677247
2023-12-08,0.0151961228874084,39.03009505453156,Sentinel-2,15.392488069405175
2023-12-23,0.1214550293731143,39.228296316805235,Sentinel-2,27.36465092186241
2023-12-23,0.1287446861509807,39.247516569050546,Sentinel-2,28.346823263160854
2023-12-30,0.0463292416230808,39.07393787983086,Sentinel-2,18.445741556023886
2023-12-30,0.0428944272919257,39.068585043929595,Sentinel-2,18.090398371293556
2024-01-12,0.0342312753619916,39.05566895037994,Sentinel-2,17.21453246767135
2024-01-12,0.0345835591292087,39.056178131444106,Sentinel-2,17.249580278780904
2024-01-14,0.1527967202930751,39.316969967979695,Sentinel-2,31.733963810371286
2024-01-14,0.1106234717700417,39.20123455676785,Sentinel-2,25.94340266229444
2024-01-17,0.0232185607203159,39.04041725095779,Sentinel-2,16.14322726745069
2024-01-17,0.0254547984380903,39.043411318928776,Sentinel-2,16.356952222317908
2024-01-29,0.0807514993113295,39.1353586614407,Sentinel-2,22.260070725062835
2024-01-29,0.0778442641541208,39.12959723958047,Sentinel-2,21.92011573527629
2024-02-03,0.1827593900088812,39.41735763435986,Sentinel-2,36.2679731533368
2024-02-03,0.1269909720171989,39.24281716308685,Sentinel-2,28.108649887958947
2024-02-08,0.085377243336112,39.14475569405843,Sentinel-2,22.807749417691873
2024-02-08,0.0875621984862485,39.14929380664264,Sentinel-2,23.06933543181607
2024-02-11,0.16608364819239,39.35951225149455,Sentinel-2,33.701511062199
2024-02-11,0.1861394065503702,39.429707487339435,Sentinel-2,36.80134401781243
2024-02-23,0.2581581149454717,39.74765316928676,Sentinel-2,49.22119468109744
2024-02-23,0.2494489094426218,39.703286941469635,Sentinel-2,47.61211901702855
2024-02-26,0.0872831794876666,39.148710704907764,Sentinel-2,23.035827530208778
2024-02-26,0.0783672910479421,39.13062559608419,Sentinel-2,21.98103310149446
2024-03-07,0.1882490701261034,39.43752494695307,Sentinel-2,37.13650213668894
2024-03-07,0.2079529504424903,39.51469338401284,Sentinel-2,40.35034210893526
2024-03-09,0.1559009555788159,39.32663531450069,Sentinel-2,32.18750089212886
2024-03-09,0.1612269227972136,39.34360520553808,Sentinel-2,32.974363949012094
2024-03-12,0.0634152489308908,39.102605924306474,Sentinel-2,20.281480943779243
2024-03-12,0.0652444687109458,39.10588303970862,Sentinel-2,20.48473799156022
2024-03-14,0.2458047033867441,39.685231798095316,Sentinel-2,46.947579244783526
2024-03-14,0.2417391898403234,39.665438730831085,Sentinel-2,46.21230279527171
2024-03-17,0.2170706473045048,39.55301919695216,Sentinel-2,41.88856787276398
2024-03-17,0.2113933147436001,39.528955969594776,Sentinel-2,40.9269625200862
2024-03-19,0.1805679107095761,39.40946468981485,Sentinel-2,35.92452763446416
2024-03-19,0.1633214963118147,39.350414514209035,Sentinel-2,33.28683844057896
2024-03-24,0.1268904393102247,39.242549225261534,Sentinel-2,28.095032682004522
2024-03-24,0.1246575725038244,39.236638802606954,Sentinel-2,27.793602211255134
2024-03-29,0.0041152263374485,39.01687890573898,Sentinel-2,14.39667362698775
2024-03-29,0.0006035003017501,39.012933331599136,Sentinel-2,14.091041204101467
2024-04-01,0.0199808821610708,39.03617326792335,Sentinel-2,15.837235135362802
2024-04-01,0.0239275922144739,39.041360974990944,Sentinel-2,16.21078143151324
2024-04-08,0.0686391785954361,39.11207471119314,Sentinel-2,20.865393395840112
2024-04-08,0.0704350887187037,39.11540864299445,Sentinel-2,21.068583757296544
2024-04-11,0.06343204794244,39.10263583298651,Sentinel-2,20.283341679590094
2024-04-11,0.068912707279218,39.11257987138053,Sentinel-2,20.89625967731077
2024-04-16,0.0865422142770116,39.147167316587236,Sentinel-2,22.94699052907357
2024-04-16,0.0848666872839266,39.14370452508478,Sentinel-2,22.746892335150037
2024-04-18,0.1211650587312061,39.22754873938867,Sentinel-2,27.326008811084755
2024-04-18,0.1181742503321916,39.21991293745018,Sentinel-2,26.929354009890837
2024-04-23,0.0896420205749937,39.15367352556101,Sentinel-2,23.320058421104644
2024-04-23,0.0830234203820865,39.13993845757695,Sentinel-2,22.528022371307745
2024-04-26,0.018346375776273,39.03407112764026,Sentinel-2,15.684305905362686
2024-04-26,0.0148658859309177,39.029683955560195,Sentinel-2,15.36212053568959
2024-04-28,0.0263836381778234,39.04467016080095,Sentinel-2,16.44629592752007
2024-04-28,0.0128090704640794,39.027147670079486,Sentinel-2,15.173936450021024
2024-05-31,0.0193879652995689,39.035407603980715,Sentinel-2,15.781640077562587
2024-05-31,0.0194897545713794,39.03553879723638,Sentinel-2,15.79117466978865
2024-06-12,0.0495627275442023,39.079099983271924,Sentinel-2,18.78444664181095
2024-06-12,0.0454099358787879,39.07249211424694,Sentinel-2,18.35018688008572
2024-06-17,0.0988090877790894,39.173686764385394,Sentinel-2,24.44518539632104
2024-06-17,0.1002830537693908,39.17701429828481,Sentinel-2,24.629141629307934
2024-06-20,0.0595792344364778,39.095866592351335,Sentinel-2,19.859458345330633
2024-06-20,0.0613430590506906,39.098943128584644,Sentinel-2,20.052796849067796
2024-06-22,0.0666247128455429,39.10838318081607,Sentinel-2,20.6389671318912
2024-06-22,0.068182335943609,39.11123309401547,Sentinel-2,20.81390593117474
2024-06-25,0.0507357707818661,39.08100251969493,Sentinel-2,18.908326466117398
2024-06-25,0.0469371883195675,39.0748992765554,Sentinel-2,18.50911331111017
2024-06-27,0.1416089151726531,39.28348489397684,Sentinel-2,30.130467444808218
2024-06-27,0.1416714040009177,39.28366614690113,Sentinel-2,30.139288583268996
2024-07-02,0.0761290613754474,39.12624981862221,Sentinel-2,21.72109069465796
2024-07-02,0.072910832527233,39.12007149780696,Sentinel-2,21.350746002634068
2024-07-05,0.0743169371541546,39.12275456031178,Sentinel-2,21.51206140706018
2024-07-05,0.0759010702402108,39.12580773667519,Sentinel-2,21.69472163772665
2024-07-07,0.1245411880878874,39.236332854820894,Sentinel-2,27.777943788022238
2024-07-07,0.097377495539996,39.17048424458515,Sentinel-2,24.267325868536528
2024-07-10,0.056623801970831,39.09079571907026,Sentinel-2,19.538214199805324
2024-07-10,0.0563186354164594,39.0902780788601,Sentinel-2,19.505237127077713
2024-07-12,0.0974795914415635,39.170711682003436,Sentinel-2,24.27998378002036
2024-07-12,0.090904568308786,39.15636094842353,Sentinel-2,23.47307884773132
2024-07-15,0.1793760525587906,39.405209509157906,Sentinel-2,35.738524927700865
2024-07-15,0.1714069105184691,39.377428776562375,Sentinel-2,34.50903852707072
2024-07-17,0.2968943106693502,39.96668685653058,Sentinel-2,56.73507003991489
2024-07-17,0.2911919349125069,39.93214053681339,Sentinel-2,55.5923432503213
2024-07-20,0.0827061839526922,39.139294858793214,Sentinel-2,22.490486828386107
2024-07-20,0.0834458759577626,39.14079759769261,Sentinel-2,22.5780682103079
2024-07-22,0.2128155301880632,39.53492210957705,Sentinel-2,41.16667605686899
2024-07-22,0.238193193375173,39.6484728952322,Sentinel-2,45.57622953647929
2024-07-25,0.0997549753201358,39.175818605849166,Sentinel-2,24.563138482218815
2024-07-25,0.1060272418301325,39.19027777423119,Sentinel-2,25.354094053365593
2024-07-27,0.1008661313650724,39.17833911895506,Sentinel-2,24.70214487742346
2024-07-27,0.11017917591307,39.20016190399841,Sentinel-2,25.886078511412954
2024-07-30,0.0790031666032692,39.1318806387769,Sentinel-2,22.05523724431758
2024-07-30,0.0815502553237526,39.13696103515473,Sentinel-2,22.35404779536518
2024-08-01,0.0849106739810606,39.14379495059268,Sentinel-2,22.75213145805779
2024-08-01,0.0877151448096595,39.14961388480146,Sentinel-2,23.087715873960274
2024-08-04,0.1992261313200328,39.479577761457,Sentinel-2,38.90832186207478
2024-08-04,0.2063900679552293,39.50829300394844,Sentinel-2,40.08991555072295
2024-08-06,0.1680547742295405,39.366087357027304,Sentinel-2,33.99924265051813
2024-08-06,0.1334281172708052,39.26030434381135,Sentinel-2,28.988742434896636
2024-08-09,0.0197186739061327,39.03583422690443,Sentinel-2,15.8126322354289
2024-08-09,0.0295812620943316,39.049072894339986,Sentinel-2,16.75643468386632
2024-08-11,0.0938319546923062,39.1626762820438,Sentinel-2,23.83026074988492
2024-08-11,0.1094315918992059,39.198363583637786,Sentinel-2,25.789796521509736
2024-08-14,0.2440631373079572,39.67670802548754,Sentinel-2,46.63181839271227
2024-08-14,0.262687941621447,39.77141696614938,Sentinel-2,50.069759909622405
2024-08-16,0.1261160442643683,39.24049060734981,Sentinel-2,27.990272144680933
2024-08-16,0.1337208585319156,39.26111522420532,Sentinel-2,29.02914913784147
2024-08-19,0.1132234324258304,39.20757006151375,Sentinel-2,26.280394091842325
2024-08-19,0.1166879890416259,39.216168850266534,Sentinel-2,26.733532241121498
2024-08-21,0.1799589488513697,39.40728728009882,Sentinel-2,35.82942339260684
2024-08-21,0.183644892570238,39.420572337442735,Sentinel-2,36.40727732784441
2024-08-24,0.2022518728606629,39.491581799648316,Sentinel-2,39.40494351759584
2024-08-24,0.1805391491059051,39.409361694720836,Sentinel-2,35.92003256598952
2024-08-26,0.2257823583290206,39.59124094718346,Sentinel-2,43.38848415786387
2024-08-26,0.2324241996849327,39.621457367383485,Sentinel-2,44.55184245190391
2024-08-29,0.14233070961674,39.28558241420558,Sentinel-2,30.23245091328899
2024-08-29,0.1374111359845326,39.271455036466065,Sentinel-2,29.54136970365969
2024-08-31,0.1713478206910753,39.37722710495317,Sentinel-2,34.500014280582704
2024-08-31,0.163562864112835,39.35120413748447,Sentinel-2,33.32295594675273
2024-09-03,0.1790617000681102,39.404091589678146,Sentinel-2,35.689558738074155
2024-09-03,0.1787196472625243,39.40287723570487,Sentinel-2,35.63632134513789
2024-09-05,0.1524555441664535,39.31591771816917,Sentinel-2,31.684345492837295
2024-09-05,0.1521786596754992,39.31506521080526,Sentinel-2,31.64411056526781
2024-09-08,0.0301391616554307,39.049852096657865,Sentinel-2,16.81095272457032
2024-09-08,0.0533649632674089,39.085325035633225,Sentinel-2,19.187926298126076
2024-09-10,0.1369413913266784,39.270126672288086,Sentinel-2,29.475873884857293
2024-09-10,0.1441839525303537,39.291007203230365,Sentinel-2,30.49522586155718
2024-09-13,0.1247550010405673,39.2368950811114,Sentinel-2,27.806714348169557
2024-09-13,0.1289125857640288,39.247969017630616,Sentinel-2,28.36968854593247
2024-09-18,0.1640643001068772,39.352847843813905,Sentinel-2,33.39806160593337
2024-09-18,0.1627559870178229,39.34856849300393,Sentinel-2,33.20230610738389
2024-09-20,0.1486730432903442,39.30438392780626,Sentinel-2,31.13727553436862
2024-09-20,0.1648039621137024,39.355280556900006,Sentinel-2,33.509027419952886
2024-09-23,0.1246768013745893,39.2366893710695,Sentinel-2,27.796189780826847
2024-09-23,0.1293263808396341,39.249085987228995,Sentinel-2,28.42608769218809
2024-09-28,0.0864231349622696,39.14691997145007,Sentinel-2,22.93273358051037
2024-09-28,0.1010412437709451,39.178737938492674,Sentinel-2,24.724095331440573
2024-09-30,0.0794977237798753,39.13286041302538,Sentinel-2,22.11305873565115
2024-09-30,0.0808547485463937,39.13556531496753,Sentinel-2,22.272204485765613
2024-10-03,0.0721588547098194,39.11864697469403,Sentinel-2,21.264790676666202
2024-10-03,0.0752213736267253,39.12449376600475,Sentinel-2,21.616229002513325
2024-10-05,0.0859633870954073,39.145966798572424,Sentinel-2,22.877741294152774
2024-10-05,0.0965807939408736,39.16871446670252,Sentinel-2,24.16868947449016
2024-10-08,0.1000076721080037,39.17639027688672,Sentinel-2,24.59470887149651
2024-10-08,0.0915348650355338,39.157710744374526,Sentinel-2,23.54970247209028
2024-10-10,0.0982496398259157,39.172431826087575,Sentinel-2,24.37558535074855
2024-10-10,0.0988495799640275,39.17377776665641,Sentinel-2,24.45022768648497
2024-10-13,0.0402163302683056,39.06450361066754,Sentinel-2,17.816521445580108
2024-10-13,0.044689771229768,39.07136624518832,Sentinel-2,18.275560808136945
2024-10-15,0.0638040194725608,39.10329897308915,Sentinel-2,20.324571059338208
2024-10-15,0.0525400363526621,39.08396010295676,Sentinel-2,19.09991072998915
2024-10-18,0.1077086965696102,39.19425033910933,Sentinel-2,25.568730466614443
2024-10-18,0.1249428155369621,39.237389528293726,Sentinel-2,27.832001227725485
2024-11-02,0.0025387019169215,39.01509346019943,Sentinel-2,14.258872741643165
2024-11-04,0.0176226863545543,39.03314896806371,Sentinel-2,15.6169270275457
2024-11-07,0.0511570529755925,39.08168969241974,Sentinel-2,18.952946705730252
2024-11-07,0.0460690853016477,39.073527762530325,Sentinel-2,18.41866700833598
2024-11-12,0.0434698553428104,39.069472490564074,Sentinel-2,18.149608616815083
2024-11-12,0.0375745115029596,39.06055553752077,Sentinel-2,17.549085626798732
2024-11-24,0.1342928627560435,39.26270360456756,Sentinel-2,29.108198271976953
2024-11-24,0.1042619679028404,39.18615127245134,Sentinel-2,25.129940539775912
2024-11-29,0.0071070683089198,39.020331331675806,Sentinel-2,14.660840624778956
2024-12-02,0.1511257782390452,39.31183534921297,Sentinel-2,31.491385232912357
2024-12-02,0.1473881854023949,39.30052090895759,Sentinel-2,30.952709427080887
2024-12-04,0.0653887707934246,39.106143319609565,Sentinel-2,20.500827717662922
2024-12-04,0.0890636999031243,39.152449791300334,Sentinel-2,23.250173000759844
2024-12-09,0.1429627236862149,39.287426071619954,Sentinel-2,30.321915441430143
2024-12-09,0.1493863588140934,39.30654052688639,Sentinel-2,31.240018216388776
2024-12-09,0.12087451218022,39.22680096781915,Sentinel-2,27.28732272969285
2024-12-09,0.1258697822575689,39.23983791318063,Sentinel-2,27.95700654438851
2024-12-12,0.0111410552265528,39.025121195188724,Sentinel-2,15.022532194488704
2024-12-12,0.010624136215255,39.02449867293472,Sentinel-2,14.975831394106676
2024-12-12,0.0084003057882346,39.021849906608196,Sentinel-2,14.776104903266612
2024-12-12,0.009393425580599,39.02302692021138,Sentinel-2,14.865061390880447
2024-12-19,0.0259857604428411,39.044129824115494,Sentinel-2,16.407983610636432
2024-12-19,0.0323779831296709,39.053012303547895,Sentinel-2,17.03094748125364
2024-12-29,0.052593650897033,39.08404857138288,Sentinel-2,19.10562309718299
2024-12-29,0.0575368945485924,39.09235119887697,Sentinel-2,19.637101466131575
2025-01-08,0.2122257394407146,39.532442961993425,Sentinel-2,41.06717178473818
2025-01-08,0.4419762507981161,41.15362137626959,Sentinel-2,90.05981453081186
2025-01-11,0.0776247473298015,39.129166694954336,Sentinel-2,21.894580107975223
2025-01-11,0.0856296881689566,39.14527673631996,Sentinel-2,22.83787767901294
2025-01-16,0.2055117293824117,39.50471748456763,Sentinel-2,39.94397273108078
2025-01-16,0.212490043108005,39.53355306888902,Sentinel-2,41.11174604172048
2025-01-18,0.2230944241636123,39.57927851282882,Sentinel-2,42.92254963755105
2025-01-18,0.2329631755335774,39.62395081624404,Sentinel-2,44.64699939345884
2025-01-21,0.1273876904125478,39.243876030221976,Sentinel-2,28.162423929285627
2025-01-21,0.1299490423748662,39.25077183780269,Sentinel-2,28.511080180180286
2025-01-23,0.1538267510365143,39.320158803665294,Sentinel-2,31.884038883926376
2025-01-23,0.1809162342882563,39.410713253907794,Sentinel-2,35.97899165081202
2025-01-28,0.0860273914176016,39.14609932529713,Sentinel-2,22.885392185729593
2025-01-28,0.0932214756292749,39.16134952632368,Sentinel-2,23.75549894554742
2025-02-05,0.0125973412948162,39.0268889380113,Sentinel-2,15.154658064324027
2025-02-05,0.0147894714993189,39.02958898366817,Sentinel-2,15.355099747558155
2025-02-25,0.1652676562426696,39.35681055845702,Sentinel-2,33.57870032254184
2025-02-25,0.1757447900200576,39.392406772903925,Sentinel-2,35.17522947424716
2025-03-07,0.1863307977768677,39.43041322257011,Sentinel-2,36.831678622401824
2025-03-07,0.1797124806696999,39.40640796077814,Sentinel-2,35.79097234741716
2025-03-17,0.0253045671179366,39.043208555411276,Sentinel-2,16.342533198427216
2025-03-17,0.023726405475209,39.04109266868401,Sentinel-2,16.191593173204737
2025-03-29,0.0390347962822893,39.0627283346025,Sentinel-2,17.69657746156377
2025-03-29,0.0364214547169053,39.058856421758655,Sentinel-2,17.433210031271443
2025-03-31,0.014649968647703,39.029415750740576,Sentinel-2,15.342288388898355
2025-03-31,0.0157654690592295,39.03080634390789,Sentinel-2,15.444942849633872
2025-04-03,0.0999344985235578,39.176224644632214,Sentinel-2,24.58556445921467
2025-04-03,0.1044152000041475,39.18650768471495,Sentinel-2,25.14934986633432
2025-04-03,0.1154046850225444,39.21296281462047,Sentinel-2,26.565141696226704
2025-04-03,0.0813209289067873,39.13650012515914,Sentinel-2,22.327041182971396
2025-04-13,0.0102068229616909,39.023997990063556,Sentinel-2,14.93820518918181
2025-04-13,0.0194740305405337,39.035518524158284,Sentinel-2,15.78970153821011
2025-05-16,0.0133135763577917,39.02776594030788,Sentinel-2,15.219942989923089
2025-05-16,0.0212092554955133,39.03777085807093,Sentinel-2,15.952848741187445
2025-05-21,0.0773253334682921,39.12858045632258,Sentinel-2,21.859780529981286
2025-05-21,0.0722969523169649,39.11890804243964,Sentinel-2,21.280559541780956
2025-05-23,0.1438043877238752,39.28989152808885,Sentinel-2,30.441297926124207
2025-05-23,0.1646892158171062,39.354902528161595,Sentinel-2,33.49179897932915
2025-05-26,0.0972767787389448,39.17026002273811,Sentinel-2,24.254842908174997
2025-05-26,0.0982823171425908,39.172505005644695,Sentinel-2,24.379647339645516
2025-05-28,0.2096230253741222,39.52158706366985,Sentinel-2,40.62967959603978
2025-05-28,0.1756411955606872,39.392045082800344,Sentinel-2,35.15923468845101
2025-05-30,0.1895084348674726,39.442231858831065,Sentinel-2,37.33739943471863
2025-05-30,0.1597366418452676,39.33880715946322,Sentinel-2,32.75307772691096
2025-05-31,0.0738351729119031,39.12183242976148,Sentinel-2,21.45670445118773
2025-05-31,0.020982624247185,39.037474954894144,Sentinel-2,15.931474255903353
2025-06-02,0.1843012307538749,39.422964569632946,Sentinel-2,36.510726812592836
2025-06-02,0.1883701995508055,39.437976359988475,Sentinel-2,37.15579824053242
2025-06-02,0.1718936945659115,39.379092554320344,Sentinel-2,34.58343221918337
2025-06-02,0.1824822622139804,39.416354570661305,Sentinel-2,36.2244389861743
2025-06-05,0.0768793577755099,39.127709415195966,Sentinel-2,21.80801130290805
2025-06-05,0.0750801541937555,39.12422151176843,Sentinel-2,21.599943246429298
2025-06-07,0.1869899150770124,39.43284894704449,Sentinel-2,36.9362545341262
2025-06-07,0.1745644208872422,39.388297240979966,Sentinel-2,34.99322972994422
2025-06-10,0.1227922205770909,39.23176043473474,Sentinel-2,27.543270712307386
2025-06-10,0.1213179492722588,39.227942748205415,Sentinel-2,27.34637926037716
2025-06-12,0.0533465769428447,39.085294526282404,Sentinel-2,19.18596168772097
2025-06-17,0.355997202002503,40.37530679729526,Sentinel-2,69.323285122712
2025-06-17,0.3388501821559611,40.24691428205796,Sentinel-2,65.53137227003623
2025-06-19,0.2683880530359326,39.80200001388529,Sentinel-2,51.14888415537757
2025-06-19,0.2452408118728705,39.682464544259936,Sentinel-2,46.84521183433441
2025-06-20,0.1010588185223503,39.17877798918399,Sentinel-2,24.72629899603243
2025-06-20,0.099557698942253,39.17537293998993,Sentinel-2,24.538509229646383
2025-06-25,0.1589529250037588,39.336299461161566,Sentinel-2,32.63705287646465
2025-06-25,0.1592637294762502,39.337292680270764,Sentinel-2,32.68303716007019
2025-06-27,0.5775827532684575,42.91284957087385,Sentinel-2,128.60471574809236
2025-06-27,0.5745730382219651,42.86580190929385,Sentinel-2,127.67168098658055
2025-06-30,0.1134952662018189,39.20823824889439,Sentinel-2,26.315779268333973
2025-06-30,0.1120443100715998,39.204684405517206,Sentinel-2,26.127237707594766
2025-07-02,0.6423605319555011,44.02322844917099,Sentinel-2,149.53962928632353
2025-07-02,0.6065843680278303,43.386501319825086,Sentinel-2,137.77584638019584
2025-07-05,0.5743430405836578,42.86222262762152,Sentinel-2,127.60052475032339
2025-07-05,0.5704669999386324,42.80224373673022,Sentinel-2,126.40445530975431
2025-07-07,0.4925736524071626,41.727624131102594,Sentinel-2,103.60582222890473
2025-07-07,0.4783963122848395,41.55745233795164,Sentinel-2,99.7099070495818
2025-07-09,0.5232030085033851,42.12128946540575,Sentinel-2,112.28942232116046
2025-07-09,0.5021215018831612,41.84647056589909,Sentinel-2,106.27357860029066
2025-07-10,0.3194149528655589,40.111278178095546,Sentinel-2,61.37160403759148
2025-07-10,0.2882645330737468,39.91472196087183,Sentinel-2,55.01061616845557
2025-07-12,0.2286855872971908,39.60433316813409,Sentinel-2,43.894892887362204
2025-07-12,0.2485459278034729,39.69878537834036,Sentinel-2,47.44697464939176
2025-07-12,0.4181090415511025,40.913852741746055,Sentinel-2,84.01541814522253
2025-07-12,0.3842705112115705,40.60572560311618,Sentinel-2,75.82522801900464
2025-07-15,0.1222471565817468,39.23034508051841,Sentinel-2,27.47037806311762
2025-07-15,0.1160110294561554,39.214474540345215,Sentinel-2,26.64462427063988
2025-07-17,0.3409586210993496,40.262253715106034,Sentinel-2,65.99147338247579
2025-07-17,0.3338231535556977,40.210840080724005,Sentinel-2,64.44135036812507
2025-07-20,0.4548554217292869,41.2910676264192,Sentinel-2,93.41344522223372
2025-07-20,0.4628587759374863,41.37940610620628,Sentinel-2,95.52993073365244
2025-07-22,0.4254673226684882,40.98574186484855,Sentinel-2,85.85530466124708
2025-07-22,0.4019060119668395,40.761775888851965,Sentinel-2,80.03815080060961
2025-07-25,0.4486943453049106,41.22459814484624,Sentinel-2,91.80110810464151
2025-07-25,0.4256030653054776,40.987084884808624,Sentinel-2,85.88944383306958
2025-07-27,0.3621254450151978,40.4232398083311,Sentinel-2,70.70621007773644
2025-07-27,0.3749789436758317,40.52736619154702,Sentinel-2,73.65419611815638
2025-07-29,0.4668943301423379,41.4248130125662,Sentinel-2,96.60657330344922
2025-07-29,0.4579552941158099,41.32501425017517,Sentinel-2,94.23025211777818
2025-07-30,0.298719345809257,39.97791678183163,Sentinel-2,57.10346729659923
2025-07-30,0.297581555356227,39.97090573361578,Sentinel-2,56.873643668797
2025-08-01,0.4545560897020973,41.2878075508963,Sentinel-2,93.33476987220948
2025-08-01,0.4479107040079042,41.21623856790845,Sentinel-2,91.59708883562139
2025-08-01,0.4541291305040016,41.28316290958995,Sentinel-2,93.22260971661328
2025-08-01,0.4461399963182596,41.197427746699624,Sentinel-2,91.13696795933146
2025-08-04,0.5844275530807103,43.02130530870613,Sentinel-2,130.73976386328715
2025-08-04,0.5807849792746271,42.96333580333031,Sentinel-2,129.60129590498323
2025-08-06,0.2522929272384072,39.71758518188639,Sentinel-2,48.13432613860185
2025-08-06,0.2088833510137832,39.51852692042786,Sentinel-2,40.50582759537441
2025-08-11,0.3175829553851112,40.09901965105263,Sentinel-2,60.98706846531443
2025-08-11,0.2638389865197033,39.77753137549802,Sentinel-2,50.28665399935913
2025-08-14,0.4988376588410774,41.80520525057744,Sentinel-2,105.35204558565087
2025-08-14,0.4932486697256031,41.73591323787055,Sentinel-2,103.79326436082974
