datetime,chl_calibrated
2011-01-06,17.72968272035629
2011-01-20,37.51550223922634
2011-01-22,67.60367615975535
2011-01-27,74.31452405917558
2011-02-01,31.84233637585659
2011-02-02,22.954729660894326
2011-02-10,76.3056018833249
2011-02-21,14.132209399100642
2011-04-01,117.86521182924426
2011-04-12,193.96960699379594
2011-04-19,137.30555342724756
2011-04-22,128.3653635637864
2011-04-23,142.83791718410632
2011-05-01,154.94864122597187
2011-05-04,224.98635838341812
2011-05-10,66.52200308228984
2011-05-12,178.54504118540612
2011-05-13,81.48293920899484
2011-05-19,91.68650003277801
2011-05-24,331.02659348872635
2011-06-03,410.8934575612733
2011-06-09,418.5809391581745
2011-06-16,260.74353483354076
2011-06-17,577.3255305869534
2011-06-20,272.2647070599876
2011-06-22,215.75756058846585
2011-06-25,96.5208416267812
2011-07-01,216.66650635551466
2011-07-02,338.6368021427681
2011-07-03,224.12312539881052
2011-07-04,948.735102127229
2011-07-05,506.983122513394
2011-07-06,141.45879723118756
2011-07-08,955.1806289609032
2011-07-09,353.8481062367054
2011-07-10,384.20804928497535
2011-07-22,101.09813472039575
2011-07-24,198.63120017511127
2011-07-26,338.8632576944694
2011-07-27,138.7916204627092
2011-07-28,745.8650445501806
2011-07-30,753.6942501211965
2011-07-31,656.8674050170201
2011-08-02,515.928139382811
2011-08-03,552.951255426799
2011-08-04,384.9231499081069
2011-08-05,47.19580234420834
2011-08-06,719.1956901844677
2011-08-07,106.17805133181967
2011-08-09,506.5873068446224
2011-08-10,652.1479021548012
2011-08-11,371.64298084535125
2011-08-12,746.4835380715282
2011-08-13,161.4396584291271
2011-08-14,97.24781104094804
2011-08-16,745.0422741747043
2011-08-18,528.3293249084295
2011-08-20,355.68872092713167
2011-08-21,368.0987037397125
2011-08-22,591.7736482428519
2011-08-23,698.316317204856
2011-08-25,225.90538341400355
2011-08-27,209.57764466894636
2011-08-29,344.4385328064325
2011-09-03,484.25465355453
2011-09-05,279.7777337179452
2011-09-06,479.1951830309281
2011-09-08,278.98390129389907
2011-09-10,228.17891754917667
2011-09-11,256.2494849867916
2011-09-12,222.53817901782526
2011-09-13,338.00612608634555
2011-09-19,64.68312922722107
2011-09-21,467.5510470632203
2011-09-24,193.53908592972004
2011-09-28,201.8034444699549
2011-09-29,311.6083946683605
2011-10-08,115.32898787713926
2011-10-14,258.16682026288794
2011-10-17,706.5670963080413
2011-10-18,263.1410661150793
2011-10-23,190.45797568276393
2011-10-24,88.92063636240155
2011-10-25,137.70105753530635
2011-10-26,67.78484995626275
2011-10-27,36.12965995343505
2011-11-01,40.97801456482434
2011-11-02,45.55015213347564
2011-11-29,30.846254513015428
2011-12-01,13.69446882418442
2011-12-02,31.418087777667164
2011-12-03,35.36696586281327
2011-12-04,29.466891043871748
2011-12-05,58.93941500786401
2011-12-06,44.6930420410348
2011-12-07,22.542587753894264
2011-12-08,18.703819384260175
2011-12-09,32.1362228842827
2011-12-10,27.900781328069165
2011-12-12,56.72009382552717
2011-12-13,20.27926430383305
2011-12-16,26.224759185769074
2011-12-17,26.704476057725643
2011-12-21,33.48577073698286
2011-12-22,23.966535432298034
2011-12-23,17.918442052145394
2012-01-03,17.695271662846523
2012-01-04,75.55117893523757
2012-01-08,37.36956034186353
2012-01-10,32.513208114038484
2012-01-27,52.173371372428896
2012-02-02,85.73518788339362
2012-02-03,41.04424187432872
2012-02-06,102.31472305133025
2012-02-12,96.24236396667712
2012-02-24,172.85531845617385
2012-03-04,17.22083331131038
2012-03-08,81.73545993809645
2012-03-26,61.86169131742337
2012-04-14,87.98062371246537
2012-04-21,125.64090598619372
2012-04-22,582.0236152718758
2012-04-23,147.895689671788
2012-05-06,224.3371919992127
2012-05-07,201.46474860920668
2012-05-09,341.5876118728074
2012-05-10,127.84036231664831
2012-05-12,146.82265505846402
2012-05-13,384.1841805265469
2012-05-14,429.93734422471107
2012-05-15,90.11446616841522
2012-05-16,384.6061066058664
2012-05-17,158.00839383111418
2012-05-30,29.868398202814248
2012-06-01,304.03958845996135
2012-06-06,264.0657546362382
2012-06-10,461.19663241817034
2012-06-11,56.99577820103082
2012-06-13,33.10681311255953
2012-06-14,235.80792442082054
2012-06-15,174.5259980326353
2012-06-16,156.78531783078228
2012-06-20,30.444647825739825
2012-06-21,649.1285152676309
2012-06-24,17.394505401883475
2012-06-27,59.589677205159866
2012-07-02,999.0009722354465
2012-07-04,974.123903690228
2012-07-05,243.8131912013155
2012-07-07,362.5685934283119
2012-07-08,143.10127004458747
2012-07-09,724.4387119603361
2012-07-10,724.458528854454
2012-07-11,540.3694253729584
2012-07-12,311.0940911300646
2012-07-13,229.5461359677416
2012-07-21,862.1691041183095
2012-07-23,655.0448040740581
2012-07-24,414.9807033277716
2012-07-26,218.03489548292987
2012-07-27,186.62078587407944
2012-07-28,443.6136777545417
2012-07-29,78.14061799640272
2012-07-30,316.9388922145798
2012-07-31,304.5344806884818
2012-08-01,820.1664544834055
2012-08-02,625.8967564443317
2012-08-04,576.6770861855563
2012-08-06,545.3606814612816
2012-08-08,689.5853161822768
2012-08-11,210.83140932777965
2012-08-12,531.3783344876954
2012-08-13,192.33081886648176
2012-08-14,460.25329775013194
2012-08-16,484.55550615714736
2012-08-17,509.26297191823403
2012-08-21,741.144367829596
2012-08-22,887.329724896441
2012-08-23,157.23855324694432
2012-08-24,731.9743797251915
2012-08-25,150.38375875001424
2012-08-26,153.15972567803513
2012-08-27,84.73442827341728
2012-08-29,967.0892964270529
2012-08-30,725.1276202891929
2012-08-31,697.6432899456524
2012-09-01,211.5663222701696
2012-09-02,589.126278036774
2012-09-04,662.795520121068
2012-09-05,940.9589237531211
2012-09-06,344.21527070736033
2012-09-07,202.1401286106557
2012-09-11,610.5978597588797
2012-09-12,693.2532479387086
2012-09-14,766.5397118623557
2012-09-16,453.84495287191436
2012-09-17,181.14585304309347
2012-09-18,230.20593879809113
2012-09-19,149.81090771157088
2012-09-25,305.4840252966093
2012-09-26,310.92778559249047
2012-09-30,229.66654751626044
2012-10-02,826.1405424172134
2012-10-03,195.21665200040752
2012-10-04,193.57875720139705
2012-10-05,148.8366613322813
2012-10-06,366.8937904654603
2012-10-07,208.01119077629198
2012-10-08,76.44209058253989
2012-10-09,269.93967899422546
2012-10-10,399.4070726036824
2012-10-11,298.8712279915257
2012-10-17,514.7494107354198
2012-10-18,461.7723403404193
2012-10-25,137.10513319232317
2012-11-06,364.08431000003685
2012-11-08,25.142068513464967
2012-11-15,32.381932890420686
2012-11-26,31.294907987465443
2013-01-02,16.358946637195725
2013-01-04,40.94687225082747
2013-01-16,15.512982045166023
2013-01-17,21.956799164286625
2013-01-18,16.470847877478786
2013-01-19,22.579823276177198
2013-01-20,17.245255991197773
2013-01-21,24.82208973020343
2013-01-22,23.831575238082106
2013-02-08,22.797221170043613
2013-02-15,183.9486487257744
2013-03-04,57.663674497990726
2013-03-07,16.899914569428343
2013-03-08,36.78619974476665
2013-03-09,151.6312966202199
2013-03-30,132.39997943335598
2013-04-22,72.7008357422922
2013-04-23,174.71218121698487
2013-04-24,161.3396919648082
2013-04-25,149.76651720367713
2013-04-26,241.8520384196583
2013-04-27,104.88800729186435
2013-05-01,605.9990682351371
2013-05-02,343.21086563432567
2013-05-03,288.398607429103
2013-05-04,147.21100604107536
2013-05-05,417.9434354470695
2013-05-06,85.06474437259979
2013-05-07,155.14918921694112
2013-05-08,49.80263040110047
2013-05-09,844.6371084362887
2013-05-10,232.54960680362143
2013-05-20,411.87926197957853
2013-05-31,418.9849721276356
2013-06-02,414.3366533015226
2013-06-03,582.9124746792507
2013-06-04,465.70418502515884
2013-06-05,339.486724746779
2013-06-06,450.9383043096572
2013-06-07,75.574664282644
2013-06-08,782.6818867770695
2013-06-09,166.47543224998776
2013-06-10,844.7407465439137
2013-06-14,433.5300586860468
2013-06-16,51.94321491741481
2013-06-30,200.3043526932347
2013-07-01,376.6225759695714
2013-07-02,68.20203007181523
2013-07-03,518.223549716424
2013-07-04,221.45659619359967
2013-07-06,747.9373156622328
2013-07-07,243.74346484003584
2013-07-08,765.0926870219308
2013-07-09,156.39058790117798
2013-07-10,621.0814576261957
2013-07-11,326.70700261133226
2013-07-13,205.18934907554285
2013-07-15,720.5114188077271
2013-07-16,224.69541227963168
2013-07-17,513.4316232047338
2013-07-18,666.9490797224614
2013-07-19,570.7476919470408
2013-07-20,253.64057167727114
2013-07-22,420.90311018640756
2013-07-23,487.3578856214322
2013-07-24,391.38720958673605
2013-07-25,321.01698182214074
2013-07-26,898.4648399794713
2013-07-27,206.84556535530666
2013-07-29,580.1366415825618
2013-07-30,415.7418145902164
2013-08-03,846.5385182212617
2013-08-05,321.2303581189691
2013-08-06,294.8211894351211
2013-08-08,275.9312949044278
2013-08-10,638.2167040885722
2013-08-12,432.2879002855422
2013-08-18,523.1913968387224
2013-08-19,150.65097545581762
2013-08-20,779.1807928479031
2013-08-24,901.5676085489216
2013-08-27,389.79856156618746
2013-09-01,710.2065223061447
2013-09-07,847.0522002874691
2013-09-08,487.64086275328077
2013-09-09,622.6345282211407
2013-09-10,244.56520450668123
2013-09-12,216.78874103073298
2013-09-13,351.39754948661124
2013-09-15,73.68693018395892
2013-09-19,220.8103951007154
2013-10-04,201.1348647324783
2013-10-05,562.9815965769773
2013-10-06,146.04130006586487
2013-10-13,176.41022642848725
2013-10-14,109.39074148027336
2013-10-15,166.4675960300821
2013-10-16,290.66443560056973
2013-10-17,244.53905402626765
2013-10-18,431.9886095584994
2013-10-19,118.60212073779371
2013-10-20,216.69713208011038
2013-10-21,197.1539930002353
2013-10-22,117.47442483291533
2013-10-23,115.35121585492357
2013-10-24,217.15741877057948
2013-10-25,367.45426876168597
2013-10-26,124.21118733045653
2013-10-28,16.922113850493155
2013-10-29,46.401634850803504
2013-10-30,97.12076958827254
2013-11-01,46.22623892318665
2013-11-21,18.98010205659103
2013-11-22,28.30838887389738
2013-11-23,22.490821524161824
2013-11-24,32.19733245509213
2013-11-25,18.874695819748695
2013-11-28,35.539263354797654
2013-11-29,67.0273547779052
2013-12-04,6.940657687654176
2013-12-09,15.346383912525194
2013-12-11,14.689423590083967
2013-12-16,27.05113082169856
2013-12-17,113.53979850535328
2013-12-26,74.3657662345276
2013-12-27,24.605426065719612
2013-12-28,39.800053654730654
2014-01-02,56.79307975159317
2014-01-04,48.625723797876994
2014-01-05,18.865395612695313
2014-01-15,54.83844974831045
2014-01-16,154.92321478925103
2014-01-17,77.22355698340249
2014-01-18,90.04217267825072
2014-01-20,60.07720654105106
2014-01-21,28.189432205316493
2014-01-22,64.91682038850512
2014-01-23,27.34231828646687
2014-01-24,27.463000679822905
2014-01-25,29.108654349998115
2014-01-26,25.4385919049271
2014-02-01,32.93804958241578
2014-02-22,57.2683819698104
2014-02-28,128.55513427104447
2014-03-11,188.4941086704251
2014-03-12,252.1046943128745
2014-03-13,65.56109857966756
2014-03-18,205.9250182788177
2014-03-22,168.03330088524393
2014-03-23,88.29351459094396
2014-03-24,50.63039110391377
2014-04-07,175.85598909554508
2014-04-08,95.87799703339694
2014-04-09,199.45563641038703
2014-04-11,234.87011406857135
2014-04-12,208.23618596033947
2014-04-13,255.82666093219768
2014-04-14,84.87359353635792
2014-04-20,74.62681588862185
2014-04-29,426.1594042653664
2014-04-30,106.64344771614083
2014-05-01,78.8946428249523
2014-05-07,186.06094051405458
2014-05-13,245.88989678155008
2014-05-14,160.80179265483534
2014-05-16,78.39102556449018
2014-05-20,138.094781873347
2014-05-21,277.2313473632515
2014-05-29,248.29644353393545
2014-05-30,165.7695261113446
2014-05-31,163.19126680861734
2014-06-01,53.02350021291563
2014-06-02,291.812961566055
2014-06-03,707.1927510942268
2014-06-04,265.46082500461824
2014-06-05,208.89377964126635
2014-06-06,170.41457634696414
2014-06-07,318.81710963827794
2014-06-08,137.0209259698743
2014-06-09,142.64669988760298
2014-06-10,21.163856745814638
2014-06-11,349.4663121679047
2014-06-19,230.92644403022072
2014-06-30,477.26198805478026
2014-07-01,975.8814501127914
2014-07-05,385.5796790830668
2014-07-06,985.818192904806
2014-07-07,552.1966153665426
2014-07-09,614.0062706805496
2014-07-10,357.32068477162636
2014-07-12,382.93640303796457
2014-07-14,371.32603648724063
2014-07-15,639.8911124179848
2014-07-16,132.96537833359469
2014-07-17,509.54970182218824
2014-07-18,426.29381310396997
2014-07-19,94.7516079077737
2014-07-26,297.9855814347212
2014-07-28,234.50260063500454
2014-07-29,305.5469772335267
2014-07-30,199.4181592644593
2014-07-31,715.5248393831079
2014-08-01,351.6082286983021
2014-08-02,501.67878844867147
2014-08-03,612.0943796537452
2014-08-04,143.89969652304202
2014-08-06,328.0248225846132
2014-08-07,835.137816868424
2014-08-08,263.029802208437
2014-08-09,388.2485744126596
2014-08-10,267.48551745292167
2014-08-16,223.03598128959206
2014-08-17,387.77567725238356
2014-08-18,413.3723258807185
2014-08-19,144.3226492642194
2014-08-20,71.51213528083049
2014-08-22,436.3740394855792
2014-08-26,474.7664723038081
2014-08-27,582.2051029680973
2014-08-28,531.8564109026747
2014-08-29,127.22449861799451
2014-09-01,695.7611544705461
2014-09-02,813.6602812728745
2014-09-03,346.3299231676288
2014-09-04,782.1587228104138
2014-09-05,131.43864933327598
2014-09-08,271.42475596934526
2014-09-09,95.91750732375199
2014-09-10,727.4638114490035
2014-09-11,865.1244186595993
2014-09-12,233.47725960286135
2014-09-13,254.3670474551159
2014-09-14,219.9987218214232
2014-09-16,245.6154324923879
2014-09-19,497.56282788070706
2014-09-20,403.0880548175973
2014-09-27,196.25931493355776
2014-09-28,378.365109200482
2014-09-29,808.2691652954901
2014-10-01,345.6558180164324
2014-10-02,733.0826993864431
2014-10-04,849.7609850297138
2014-10-05,527.7408205206842
2014-10-06,179.803934212227
2014-10-07,543.5981169074881
2014-10-09,338.9213914494088
2014-10-19,421.970304434571
2014-10-27,67.16302000027945
2014-11-10,14.89173694418856
2014-11-11,46.563655395241796
2014-11-12,67.15322229885344
2014-11-15,19.885433209121192
2014-11-16,18.008958536746476
2014-11-17,14.224301355997454
2014-11-30,24.813988944208
2014-12-03,29.136307257308943
2014-12-14,69.4784878125425
2014-12-22,28.916501103120506
2014-12-30,8.877492713180628
2014-12-31,22.714693321446763
2015-01-01,16.366433029092473
2015-01-02,24.78349387983868
2015-01-07,325.60691866354426
2015-01-08,17.902834376226725
2015-01-09,28.580407797155658
2015-01-13,20.590291631195612
2015-01-24,22.89170017455692
2015-01-25,76.72308344472576
2015-01-26,161.5613906580844
2015-01-29,25.100486657969636
2015-01-30,83.25309830591402
2015-01-31,33.36747445068968
2015-02-14,20.098893935624925
2015-02-16,183.5134525626663
2015-02-22,84.29811784760007
2015-02-23,216.7018185613441
2015-02-28,64.06867557020544
2015-03-01,116.85592412347694
2015-03-02,551.9026525727533
2015-03-03,103.37148163017734
2015-03-04,314.04624950810086
2015-03-07,88.60262983473145
2015-03-08,152.43755831451008
2015-03-09,228.96894199744088
2015-03-18,192.82484250965797
2015-03-26,129.15386812849124
2015-03-27,90.80533290695114
2015-03-29,29.852596609183678
2015-04-09,155.67644224346435
2015-04-12,36.320313585987584
2015-04-15,34.63153412382859
2015-04-16,263.2888618018965
2015-04-17,132.3659262720416
2015-04-18,116.10127349649764
2015-04-20,102.15364421630956
2015-04-22,75.90924884939305
2015-04-27,208.04717404368057
2015-04-30,66.6109838030091
2015-05-02,141.0740489798657
2015-05-03,71.44910334605312
2015-05-04,67.60942866816399
2015-05-07,102.6564182951582
2015-05-08,120.7080105098685
2015-05-09,69.18324367097097
2015-05-18,147.74846667991596
2015-05-25,257.3720652691987
2015-05-26,98.62867178634689
2015-05-27,312.52083442693333
2015-05-28,77.65020768852483
2015-05-29,96.34741469035778
2015-05-30,77.31654816522492
2015-06-04,28.776827257456798
2015-06-05,215.7401772815217
2015-06-06,30.92008258572456
2015-06-07,203.28640187806587
2015-06-08,199.71234095321765
2015-06-10,198.1997364411804
2015-06-11,106.02725688530192
2015-06-12,110.4279451459535
2015-06-13,40.62073416793353
2015-06-14,171.0320539248823
2015-06-16,107.39921061628081
2015-06-17,97.03117427451465
2015-06-18,84.53857819185482
2015-06-19,60.207632932330164
2015-06-22,47.561137448441585
2015-06-24,69.12949790874082
2015-06-25,615.6865436470082
2015-06-26,175.22495735200349
2015-06-29,22.36765124039369
2015-06-30,176.72137175571615
2015-07-01,31.83612990550627
2015-07-02,326.73288169884995
2015-07-03,113.30688229875155
2015-07-05,59.421258067075264
2015-07-06,145.76571382336144
2015-07-08,32.91035204258491
2015-07-14,103.76325029612723
2015-07-15,26.281223462705338
2015-07-16,80.58749307242385
2015-07-17,113.40719871648831
2015-07-18,109.34297414118046
2015-07-19,116.83551662797443
2015-07-20,153.45980764907353
2015-07-21,87.9682746573458
2015-07-22,20.266186518215594
2015-07-23,93.32854292269472
2015-07-24,28.298491948759622
2015-07-28,147.58690184252677
2015-07-29,68.01421108285516
2015-07-30,69.28591090172671
2015-07-31,255.80197668798945
2015-08-04,91.22960174630882
2015-08-05,92.36383578975885
2015-08-06,421.8460222404017
2015-08-07,39.12482458139174
2015-08-08,97.09528497489396
2015-08-11,62.01867847375848
2015-08-12,88.48124989219787
2015-08-13,168.49166091751528
2015-08-15,46.02779272329944
2015-08-16,204.84997821522114
2015-08-17,100.43083529595602
2015-08-18,138.70493344133982
2015-08-19,299.8779371011769
2015-08-20,158.34251852685898
2015-08-21,59.59929418815811
2015-08-22,95.21492557770537
2015-08-25,43.51557009688618
2015-08-26,367.525956856731
2015-08-27,161.20331369408686
2015-08-31,678.7412787074942
2015-09-01,163.9781010300979
2015-09-03,92.35607501859326
2015-09-07,109.28810743394695
2015-09-08,150.88931488269995
2015-09-09,163.53916848950377
2015-09-10,130.27158498298328
2015-09-11,891.5982061508209
2015-09-12,87.53307331195758
2015-09-18,48.13456255776135
2015-09-19,83.43121297869952
2015-09-20,732.4921465705028
2015-09-21,475.18544767173285
2015-09-23,124.9392582414923
2015-09-25,54.31779076194925
2015-09-27,158.05844836015055
2015-09-28,171.72066473387795
2015-09-29,238.00825032955424
2015-09-30,89.41610772204211
2015-10-01,103.19326202223957
2015-10-02,31.12714341508641
2015-10-04,108.97654250215321
2015-10-05,200.62551344585174
2015-10-11,211.53565113050004
2015-10-12,603.5598063771619
2015-10-13,218.39738502415
2015-10-14,157.37866168962805
2015-10-20,32.653077667056365
2015-10-22,139.1340878982041
2015-11-06,21.195106230712444
2015-11-20,26.98990589506671
2015-11-21,54.060569834081726
2015-11-23,61.74624430368608
2015-11-25,24.242463624090455
2015-11-26,17.235118936094413
2015-11-27,23.25544704575617
2015-11-28,31.355492968572328
2015-11-29,28.03996630836834
2015-12-01,34.94775491837268
2015-12-31,18.287380951558173
2016-01-01,45.622573251954556
2016-01-02,61.66708766641582
2016-01-08,33.56369968083494
2016-01-10,175.16711567985948
2016-01-25,203.265965726676
2016-01-27,17.135469688173366
2016-02-07,63.70275401649902
2016-02-08,60.57950631377108
2016-02-09,57.97824617043292
2016-03-17,121.72809462554638
2016-03-19,120.24727837837999
2016-03-29,709.028107471591
2016-03-30,360.4173534591164
2016-03-31,108.74087617759997
2016-04-01,255.58626639160605
2016-04-02,104.81309122958406
2016-04-06,185.41943197000202
2016-04-07,306.8944630819888
2016-04-08,380.3869730824429
2016-04-09,117.18217020952136
2016-04-10,241.83379214179158
2016-04-11,188.58437894286976
2016-04-16,256.8046291267422
2016-04-17,138.1229548797719
2016-04-18,94.00376707793718
2016-04-19,172.91304759007164
2016-04-20,134.7519404851479
2016-04-30,356.07702052640025
2016-05-01,541.7130607779095
2016-05-02,328.0787445839955
2016-05-07,89.85160272290875
2016-05-09,409.0027159918716
2016-05-11,337.65529600314386
2016-05-12,119.94939796236753
2016-05-17,248.03322544199858
2016-05-18,200.390713588193
2016-05-28,288.69483935878753
2016-05-29,376.51682442419474
2016-05-30,45.708022776346
2016-05-31,107.32756974385238
2016-06-03,141.41699655949097
2016-06-04,124.80500156740028
2016-06-05,147.44052675053294
2016-06-06,243.92563988268213
2016-06-07,108.40854178360213
2016-06-12,139.98956232797877
2016-06-20,378.5336236702219
2016-06-21,369.75457631499614
2016-06-22,89.14942289331488
2016-06-25,510.2335125710521
2016-06-26,452.5561448261617
2016-06-27,630.1292644073814
2016-06-28,298.07514433956214
2016-06-29,146.47938920744008
2016-06-30,473.7636566099713
2016-07-02,299.7266592339284
2016-07-03,76.47575221981505
2016-07-04,808.2249767734514
2016-07-05,186.9644754651626
2016-07-14,602.3816765729786
2016-07-15,156.58184812295627
2016-07-16,281.22935855918536
2016-07-21,480.61724237521446
2016-07-23,237.44663989201266
2016-07-24,51.87921900065711
2016-07-25,359.5465012694945
2016-07-26,160.66352289893788
2016-07-27,210.87449973360626
2016-07-28,659.1070507837339
2016-07-29,299.2753045584844
2016-07-30,205.96857295745417
2016-07-31,224.15089354130072
2016-08-01,309.8573075468592
2016-08-03,310.07852687859594
2016-08-04,696.5909850635231
2016-08-05,281.9255568640444
2016-08-06,391.9505580073917
2016-08-10,211.21755790730765
2016-08-11,169.99372290083477
2016-08-12,449.8994630993025
2016-08-13,47.29138323183729
2016-08-14,766.9488471886016
2016-08-15,802.3795541029733
2016-08-16,490.9553031878508
2016-08-17,199.30891617073505
2016-08-18,507.0363936633293
2016-08-19,74.06202370366617
2016-08-20,183.07287110906725
2016-08-21,187.55485682630635
2016-08-22,61.13949088693241
2016-08-23,558.1586455452566
2016-08-24,443.96313462053445
2016-08-25,134.83188299012676
2016-08-26,157.79623104366783
2016-08-27,264.60846765754104
2016-08-29,230.56775611812384
2016-08-31,118.96533838368498
2016-09-05,396.92750019555
2016-09-08,607.4114048917731
2016-09-09,243.82675599415902
2016-09-10,371.68516482986087
2016-09-11,161.86095199845573
2016-09-12,94.77584988365464
2016-09-13,221.82189289608675
2016-09-14,193.535754436397
2016-09-15,177.43713748583428
2016-09-16,163.11873316710154
2016-09-20,146.68512229420585
2016-09-21,153.47097056310804
2016-09-24,524.0840349780159
2016-09-25,520.4147454123431
2016-09-26,370.4826636140748
2016-09-27,527.0618502371636
2016-09-28,426.38573962743675
2016-09-30,85.99929436786638
2016-10-11,125.76553925281456
2016-10-12,100.0989669734235
2016-10-22,155.90468920095125
2016-10-28,214.8312537737535
2016-11-04,33.276079086729816
2016-11-08,126.42974322636812
2016-11-10,97.49685905437423
2016-11-19,80.81964983818064
2016-12-21,14.980827562860298
2016-12-29,15.055429169497879
2016-12-31,17.758320563147382
2017-01-06,14.398197540744455
2017-01-16,43.18529371367241
2017-01-24,74.53914500465929
2017-02-13,41.057774443749416
2017-02-17,218.74615181166
2017-02-25,128.37515791913842
2017-03-02,45.09504860937158
2017-03-19,286.37363752379866
2017-04-03,266.2240317053254
2017-04-15,165.11745309104487
2017-04-21,204.0847227528547
2017-04-29,142.928291735805
2017-05-03,710.1884131101119
2017-05-07,215.07168283012663
2017-05-08,171.905366025012
2017-05-09,339.7849158847947
2017-05-10,65.64728538401252
2017-05-19,108.81203450951863
2017-05-20,169.57273240337645
2017-05-21,121.54917356226036
2017-05-23,257.9643206790356
2017-05-24,80.31137779922669
2017-05-25,395.8051354246498
2017-05-26,121.8360534011604
2017-05-28,379.2520552935654
2017-05-29,328.9134117107197
2017-05-31,59.19563094587807
2017-06-17,702.1904966732409
2017-06-18,62.18071695902922
2017-06-19,465.73043396772954
2017-06-20,98.80752720083943
2017-06-21,203.55141245782087
2017-06-22,443.12562284743495
2017-06-26,439.2818762168932
2017-06-27,29.439848444372963
2017-06-28,486.4097231428137
2017-06-29,797.1912722235115
2017-07-01,373.99101586597607
2017-07-02,392.93007929329144
2017-07-03,693.2590400002537
2017-07-05,453.0960460538044
2017-07-06,223.28275825296674
2017-07-08,731.191612968068
2017-07-10,396.09736312202915
2017-07-11,81.98129880882418
2017-07-12,541.2253785032619
2017-07-13,605.156072085147
2017-07-14,565.0178369879947
2017-07-15,407.0493609127859
2017-07-17,724.1557530621187
2017-07-18,168.66552655902842
2017-07-19,244.1682755116465
2017-07-20,123.9354982315847
2017-07-21,980.3410292251089
2017-07-22,247.0888659925235
2017-07-23,835.3501835838142
2017-07-24,235.51722065832425
2017-07-25,275.33451092379806
2017-07-26,215.68562405055886
2017-07-27,136.04258336586875
2017-07-28,749.8602116739883
2017-07-29,615.8252427859909
2017-07-31,228.08425188954047
2017-08-01,697.6939590327812
2017-08-04,128.67078034335768
2017-08-05,180.8610754569602
2017-08-08,187.62706189596048
2017-08-09,772.2497256355572
2017-08-10,215.39340871112125
2017-08-11,215.18815939726417
2017-08-16,247.38991413459794
2017-08-18,120.15080128576452
2017-08-19,297.3850968492077
2017-08-30,122.13136378244316
2017-09-01,118.90205206972148
2017-09-10,142.51371299319962
2017-09-11,189.61842018242615
2017-09-13,192.76627894288976
2017-09-14,44.9474967382699
2017-09-15,218.70943705173732
2017-09-24,478.5723117871046
2017-09-26,217.661593112195
2017-09-27,592.3985256109061
2017-09-28,167.76751715151983
2017-10-03,337.6777598007237
2017-10-04,364.7795547346106
2017-10-05,324.16545790908043
2017-10-06,593.1385950437519
2017-10-14,348.29763751138273
2017-10-16,178.40283805567978
2017-10-23,333.72605859361875
2017-10-25,275.51109906191425
2017-10-26,383.2543778601698
2017-10-27,214.81255004360872
2017-10-28,151.4328723910369
2017-10-30,72.26947072390074
2017-10-31,100.05733999128051
2017-11-14,70.12848903275156
2017-12-05,62.83384445605046
2017-12-06,34.024551329639785
2017-12-07,87.74209047722408
2017-12-08,43.477404578137964
2017-12-09,138.1774358095442
2017-12-10,22.424193002717203
2017-12-11,29.864958781655073
2017-12-13,16.38419405427035
2017-12-31,18.235430795815056
2018-01-01,28.07508535234615
2018-01-03,35.88878677945782
2018-01-14,31.723518904353863
2018-02-06,78.13698997084087
2018-02-12,42.50089428497072
2018-02-13,33.31718153638393
2018-03-06,105.44357823051679
2018-03-10,97.84394240029472
2018-03-11,140.81816520192902
2018-03-19,103.29711702217908
2018-03-20,65.5935045108284
2018-04-19,196.60342893970284
2018-04-22,296.4043871709351
2018-04-23,86.49895440007444
2018-04-24,57.51349578530022
2018-04-25,106.70807437340827
2018-04-26,122.01248205517639
2018-05-02,314.92237921426096
2018-05-03,249.3496103474079
2018-05-07,855.9621469294617
2018-05-08,106.97920286871123
2018-05-12,53.34143679656111
2018-05-13,109.55491252420418
2018-05-14,200.31428056285085
2018-05-17,215.02466896274208
2018-05-18,330.75753606830665
2018-05-22,162.60825493168804
2018-05-23,503.99055061197043
2018-05-24,244.8830444364885
2018-05-27,110.76759556085695
2018-05-28,456.66595496150836
2018-06-01,958.8234963334186
2018-06-02,172.49891537336603
2018-06-05,59.50639080946085
2018-06-11,465.28604027296115
2018-06-12,163.86008481826465
2018-06-19,635.0551310119615
2018-06-20,310.75341574853525
2018-06-21,51.64034781043083
2018-06-22,414.7942847989566
2018-06-23,520.8559881973887
2018-06-26,903.5494933743101
2018-06-27,687.6706465278368
2018-06-28,159.51877491714134
2018-06-29,550.6599175555044
2018-06-30,33.418190027436616
2018-07-05,442.3690667403295
2018-07-06,640.9672848707881
2018-07-07,166.27739622661795
2018-07-08,665.2226667616418
2018-07-09,40.91540089623678
2018-07-11,253.95866949941933
2018-07-14,274.27917480936776
2018-07-15,564.6094232362326
2018-07-17,325.5566247763231
2018-07-18,217.5689830578043
2018-07-20,353.41744356305173
2018-07-21,232.86421730707224
2018-07-22,539.59353638968
2018-07-23,593.9630758673378
2018-07-24,535.1066620781494
2018-07-27,321.49240247931425
2018-07-28,637.6128265283495
2018-07-29,499.64691623960033
2018-07-30,133.2573369182551
2018-07-31,581.6637829272049
2018-08-02,337.40957548545083
2018-08-05,172.0588515407556
2018-08-06,422.688257109224
2018-08-07,143.73946784964457
2018-08-08,348.17869542119234
2018-08-10,312.18756108974463
2018-08-12,305.8662267894562
2018-08-14,219.29271291245678
2018-08-15,158.6373392714267
2018-08-17,71.78309329184067
2018-08-18,348.22062129266044
2018-08-19,305.65155659315496
2018-08-21,676.3482526104098
2018-08-22,106.13574932731706
2018-08-24,107.81016885318078
2018-08-28,229.26339228051987
2018-08-29,229.01632007891695
2018-09-01,499.654043666185
2018-09-02,313.5408667504551
2018-09-03,784.9160299496244
2018-09-04,322.9204460765732
2018-09-05,430.85429410745013
2018-09-07,531.1137340729765
2018-09-08,490.95039192101916
2018-09-09,410.24359533613637
2018-09-18,215.40682190010037
2018-09-19,450.5845769921907
2018-09-20,268.444657918876
2018-09-24,206.0736132317505
2018-09-25,157.60969636470682
2018-09-26,355.08155148026265
2018-09-27,344.4486398388221
2018-09-28,146.35725483285825
2018-10-03,336.5758472312343
2018-10-10,583.6626382027671
2018-10-11,229.68919418220833
2018-10-12,105.68623870539119
2018-10-14,148.88650468943453
2018-10-15,704.5838408603198
2018-10-16,272.8528433493561
2018-10-17,193.23539102402594
2018-10-18,89.95611918933682
2018-10-19,177.3408194042792
2018-10-20,151.09432999567682
2018-10-21,87.13810768352728
2018-10-22,147.74358050200783
2018-11-08,50.80783684581135
2018-11-09,27.563914671604564
2018-11-10,86.34440280884593
2018-11-11,60.08514316784089
2018-11-12,22.694774946271963
2018-11-15,64.69531301022286
2018-11-16,20.928532480534933
2018-11-17,195.87602319467095
2018-11-18,30.42881901636389
2018-11-19,47.435710614500806
2018-11-20,88.73561798400662
2018-12-04,36.154225186875294
2018-12-05,36.84572281934537
2018-12-06,52.77693412122941
2018-12-13,27.55044473188375
2018-12-31,79.45157876009947
2019-01-01,29.39777894593369
2019-01-02,30.04271751634496
2019-01-12,60.72843170970101
2019-01-13,42.46200035969705
2019-01-14,42.841301207844516
2019-01-24,20.87135702044101
2019-01-25,41.63943587099922
2019-01-29,48.423509345548894
2019-01-30,22.775439283660745
2019-01-31,22.27584736232375
2019-03-03,19.32033205051235
2019-03-10,15.39462719568549
2019-03-15,19.1559504398198
2019-03-17,22.403989232498024
2019-03-18,15.893002167540095
2019-03-19,17.296751417114514
2019-03-24,15.809170264190913
2019-03-30,134.994684667478
2019-04-18,165.80808521630544
2019-04-24,243.46529027269116
2019-04-26,233.73685722475633
2019-04-28,305.11403209455267
2019-04-29,164.8727313810929
2019-04-30,283.1688239962894
2019-05-01,185.0279334057675
2019-05-02,122.13064087039159
2019-05-03,227.76613916315503
2019-05-04,107.17985790577768
2019-05-05,147.83966944676885
2019-05-06,205.999647829799
2019-05-07,107.12980439481161
2019-05-08,161.90952482714837
2019-05-09,131.8225215127679
2019-05-10,813.5852541388061
2019-05-11,233.0568535756183
2019-05-13,303.93069628485057
2019-05-29,222.74804923319294
2019-05-31,456.70691551264645
2019-06-01,171.7039107428342
2019-06-02,643.0467217916316
2019-06-03,167.09245400690997
2019-06-04,579.5084257289051
2019-06-12,305.4070166069786
2019-06-14,621.6287993402115
2019-06-15,138.79481066405768
2019-06-16,466.91442269285255
2019-06-17,27.561852724955134
2019-06-19,85.03265302626124
2019-06-22,140.06850006283537
2019-06-24,103.84272053845427
2019-06-26,186.21639036585682
2019-06-28,435.8720973053617
2019-06-30,512.1066622095559
2019-07-05,244.17391920616953
2019-07-19,71.37345965403225
2019-07-20,453.20555939039923
2019-07-21,244.0896654693026
2019-07-24,492.04681123126176
2019-07-25,294.4168318043619
2019-07-27,239.78373577924555
2019-07-28,191.5787828075786
2019-07-30,149.16897021119323
2019-07-31,688.6905752680664
2019-08-01,358.0609828645406
2019-08-03,305.53924111251473
2019-08-04,71.1898935236499
2019-08-05,611.6043437884042
2019-08-06,132.29989181228655
2019-08-07,368.79579024076435
2019-08-12,315.75356924494696
2019-08-15,340.7242106716484
2019-08-16,571.1973035774778
2019-08-17,215.80322020834706
2019-08-18,369.0304591565912
2019-08-19,316.29123544775575
2019-08-23,858.4621089865137
2019-08-24,146.90379521909162
2019-08-25,273.40515810897466
2019-08-26,707.4967909036354
2019-08-27,133.01669863876987
2019-08-28,304.4559013196259
2019-08-30,548.5192165793935
2019-08-31,261.15277067268283
2019-09-01,29.046448078689373
2019-09-02,226.22548200311334
2019-09-03,112.7907250055505
2019-09-04,362.4448913536884
2019-09-05,420.15118825984644
2019-09-06,355.44241611211703
2019-09-11,464.0792668773548
2019-09-12,568.579885577863
2019-09-14,205.67544701479846
2019-09-21,197.30622440983652
2019-09-25,132.58009141360088
2019-10-05,34.310721451800504
2019-10-06,254.17805549799417
2019-10-07,646.4533923724588
2019-10-09,44.65006875016542
2019-10-10,262.5896090877975
2019-10-14,55.830421912785
2019-10-24,188.7506801391308
2019-10-27,47.666640585752
2019-10-28,41.417640705923795
2019-10-29,95.91093313188412
2019-10-30,84.27699664485506
2019-11-01,43.65413937950159
2019-11-02,89.3590052583256
2019-11-03,130.53768256438872
2019-11-04,69.73974677741016
2019-11-06,65.82532273590107
2019-11-08,36.40779375889363
2019-11-09,71.43017167532436
2019-11-11,65.93048938628098
2019-11-20,27.674042224019704
2019-11-21,28.833447895070268
2019-11-22,19.636739131586925
2019-11-28,77.23977138343731
2019-11-29,17.570967126355114
2019-11-30,21.481376390596715
2019-12-02,76.19480990636673
2019-12-03,22.9642409228945
2019-12-05,16.44458031224571
2019-12-28,8.848182851985959
2020-01-25,21.022889622115837
2020-02-10,45.89790366539453
2020-02-12,30.943594772958765
2020-02-13,36.54851061993016
2020-02-18,379.38665773759834
2020-02-19,478.43948635002823
2020-02-21,136.82699682879766
2020-02-22,141.86469058101218
2020-02-25,206.76575160898585
2020-02-27,118.21096634411576
2020-02-28,92.2130744634032
2020-03-01,24.545728065541777
2020-03-04,22.696888598276068
2020-03-05,85.60615576547539
2020-03-09,21.70536023579801
2020-03-10,91.20812914150959
2020-03-12,266.6302913945669
2020-03-15,277.62817780500546
2020-03-16,101.64337687712865
2020-03-17,70.59573583750377
2020-03-19,142.83692226050476
2020-03-21,153.09210616617676
2020-03-22,160.50267210489108
2020-04-05,37.0813518115598
2020-04-07,79.54134173326601
2020-04-08,110.8298647522298
2020-04-09,73.32084548658909
2020-04-10,146.68680278398713
2020-04-11,231.62597296591653
2020-04-12,91.60513739924318
2020-04-13,196.59832716645778
2020-04-14,52.15171768126911
2020-04-16,64.1457676973432
2020-04-17,164.062511760112
2020-04-20,116.13474451963539
2020-04-28,64.94813062427134
2020-05-07,131.51264445291963
2020-05-08,132.38923305283063
2020-05-15,406.1525309764161
2020-05-24,141.58441993072378
2020-05-27,79.20725418694111
2020-05-28,386.2825194560891
2020-05-29,56.71046585451559
2020-06-01,101.17130830327056
2020-06-02,284.7902258273613
2020-06-19,808.7883735650513
2020-06-25,643.174140252476
2020-07-02,299.43844268382617
2020-07-03,81.16983145315189
2020-07-05,20.60027519163542
2020-07-11,527.0209738227935
2020-07-14,228.9732293463164
2020-07-18,472.9628685860142
2020-07-19,456.2165820225007
2020-07-20,628.3536216776564
2020-07-21,100.7996350437318
2020-07-22,682.2653140787363
2020-07-25,863.5633758657785
2020-07-26,535.2013097036744
2020-07-30,391.685637342536
2020-08-01,373.28735917413843
2020-08-03,475.5555963554602
2020-08-04,117.15788704007858
2020-08-05,443.32679524857076
2020-08-07,939.5949297140598
2020-08-11,419.9485538671972
2020-08-13,177.88908552684833
2020-08-14,886.6705546854517
2020-08-17,437.4830179057471
2020-08-18,326.5803599392162
2020-08-19,444.14875672149606
2020-08-20,902.9697490341132
2020-08-22,137.38732725708226
2020-08-23,703.5513311976936
2020-08-24,385.30364224140817
2020-08-25,972.2331903497352
2020-08-26,271.42497913041404
2020-08-28,408.80623801353283
2020-08-29,85.36261357285206
2020-08-30,568.7972060883021
2020-08-31,169.35129101679001
2020-09-01,471.14086710169727
2020-09-03,973.7804621854842
2020-09-04,208.43777755945032
2020-09-05,391.24863818828703
2020-09-27,422.62079851933544
2020-09-28,263.10604861965146
2020-09-29,107.33695033823275
2020-09-30,85.75718170300658
2020-10-02,109.53658312295093
2020-10-03,87.25280759083878
2020-10-04,178.85930013666126
2020-10-06,76.50932088963393
2020-10-08,51.649936963137755
2020-10-09,76.70053073837697
2020-10-15,111.70436778900603
2020-10-16,63.69470969568002
2020-10-20,15.43499410138068
2020-10-22,32.673521724339636
2020-10-25,30.312487156405048
2020-10-26,67.19482770911827
2020-10-27,42.52902406452717
2020-10-28,58.96516842941647
2020-10-29,37.29698972152458
2020-10-31,43.58247594397423
2020-11-01,26.966086986690655
2020-11-02,51.15475868382907
2020-11-21,21.130730898698847
2020-11-29,58.65535277333689
2020-12-01,273.08086911677
2020-12-02,18.156864189681258
2020-12-04,43.07107341922904
2020-12-05,28.032297177412204
2020-12-08,32.4861268057595
2020-12-12,4.183232548744063
2020-12-23,25.056774084559247
2020-12-27,19.700495162279086
2020-12-28,28.586623439961215
2021-01-13,10.126255338821107
2021-01-14,34.742853703048596
2021-01-18,27.9501027123221
2021-01-19,31.224392833081236
2021-01-23,27.695654667468467
2021-02-09,18.111568643759966
2021-02-10,305.65921983481917
2021-03-03,125.57060146569563
2021-03-11,517.0010393421004
2021-03-12,455.4900614821378
2021-03-13,46.175185330909514
2021-03-16,192.60298097764513
2021-03-27,206.88979363207352
2021-03-30,68.98255052672765
2021-03-31,120.7434879042183
2021-04-01,124.96859327998806
2021-04-05,76.11651822773993
2021-04-06,74.49065041653988
2021-04-07,64.86787468060882
2021-04-09,63.00301412195614
2021-04-11,191.32559336644334
2021-04-13,79.88942996406999
2021-04-14,145.75965270762828
2021-04-15,304.3178228896135
2021-04-16,142.95506662980156
2021-04-17,148.6316927441819
2021-04-18,65.97856110851158
2021-04-19,65.45872745666347
2021-04-20,120.03648221573806
2021-04-21,90.45626533665593
2021-04-22,219.96731598812235
2021-04-27,121.76346013736847
2021-04-28,73.23792819071095
2021-05-04,116.83042141974985
2021-05-05,62.40917115213371
2021-05-10,129.42276706345987
2021-05-11,172.7787771206852
2021-05-14,27.881175200477152
2021-05-15,112.92731231708997
2021-05-16,404.0899373262497
2021-05-17,74.75784008613269
2021-05-26,339.70780249836713
2021-05-28,28.99642304181713
2021-05-29,20.106602412359745
2021-05-30,39.35541698070701
2021-05-31,137.93306004526292
2021-06-01,287.6971307906197
2021-06-02,156.99860214969476
2021-06-03,418.95413121403953
2021-06-04,28.11712993039466
2021-06-16,478.56336405183623
2021-06-17,252.83809855526974
2021-06-18,145.51361996846353
2021-06-19,186.16215192163742
2021-06-20,313.15423451426756
2021-06-21,266.29228243163743
2021-06-23,405.26001259323675
2021-06-24,126.59606985753544
2021-06-26,167.86444616052648
2021-06-27,145.19423477654422
2021-06-28,213.89723753684248
2021-06-29,710.7330382496984
2021-06-30,391.4888831368775
2021-07-02,233.01377054248377
2021-07-03,205.1903079893332
2021-07-04,182.7517754868663
2021-07-05,168.9884843154491
2021-07-07,351.8988988505171
2021-07-09,232.7502739688465
2021-07-10,217.77413394069146
2021-07-11,117.91410162641834
2021-07-12,113.12975325176674
2021-07-13,109.11008923478865
2021-07-14,99.45533112830293
2021-07-15,28.288191201619284
2021-07-16,183.89305417368368
2021-07-17,92.29307662950237
2021-07-18,320.81862583297504
2021-07-19,70.13084043023225
2021-07-20,154.85519914490203
2021-07-23,166.322814548952
2021-07-25,198.96780387964733
2021-07-26,21.623125028448797
2021-07-28,493.1889050892466
2021-07-29,216.77388918834004
2021-08-01,89.39199246170178
2021-08-02,525.4275584318467
2021-08-05,187.6855889360147
2021-08-07,793.6265007733795
2021-08-08,94.15771449341072
2021-08-09,309.5847869773827
2021-08-10,169.82939920208804
2021-08-11,119.41616032855575
2021-08-16,62.8599434392242
2021-08-18,132.27046798709492
2021-08-22,19.75696306833298
2021-08-23,127.25033200282118
2021-08-24,30.016114830503337
2021-08-27,149.93330057818685
2021-08-31,98.55412783530686
2021-09-02,31.386167188482514
2021-09-05,41.66769863665313
2021-09-06,149.4938343296581
2021-09-08,145.05779484987212
2021-09-12,123.6804941158648
2021-09-13,61.70595210939662
2021-09-14,93.89001580633172
2021-09-15,244.85132831642895
2021-09-16,80.02184388224829
2021-09-20,610.2513196305997
2021-09-21,116.48543337021135
2021-09-23,199.22668146774956
2021-09-24,151.3495365793973
2021-09-25,68.96690268323451
2021-09-26,115.07499897307385
2021-10-01,287.8045540479739
2021-10-02,176.3536422261548
2021-10-03,293.8679869158916
2021-10-07,74.97829884428623
2021-10-15,337.2554756227691
2021-10-16,160.29175274505118
2021-10-19,70.20781900701488
2021-10-30,21.54610266359103
2021-10-31,33.50291846523284
2021-11-08,14.220556484861046
2021-11-22,26.678389583098724
2021-11-29,16.158595739069785
2021-12-01,15.620131788558535
2021-12-03,37.41743762732977
2022-01-22,510.41062521906713
2022-01-23,85.58359901220234
2022-01-24,53.173596498000094
2022-01-25,101.12676961831566
2022-01-26,73.27468177591089
2022-01-27,29.829149904526837
2022-01-29,27.605508522821943
2022-02-06,130.0272303445681
2022-02-08,34.104726406789034
2022-02-10,19.451551981339623
2022-02-11,51.65695675712492
2022-02-12,14.957688475462747
2022-02-13,21.50968564976651
2022-02-17,927.9006763396826
2022-02-18,68.94033564681509
2022-02-19,74.87276819759697
2022-02-25,187.8829434652636
2022-03-07,210.425925362088
2022-03-12,352.5655083981051
2022-03-25,48.51213620926101
2022-04-01,55.005219937658005
2022-04-06,76.4551047150066
2022-04-07,60.62645148048074
2022-04-22,51.75358188793247
2022-04-24,55.96600995827079
2022-05-01,118.10251736720095
2022-05-21,142.8794370241877
2022-06-07,81.1729732220895
2022-06-20,78.15783995942017
2022-06-21,500.27591251231286
2022-06-22,231.13465641685144
2022-06-24,538.0902455842871
2022-06-25,53.58542480166341
2022-06-26,233.79912840730657
2022-06-27,497.79973585710445
2022-06-28,326.0457628046822
2022-06-29,149.5414108561609
2022-06-30,150.22192874460302
2022-07-01,141.20977561633728
2022-07-02,34.66164811034074
2022-07-08,33.55113184485847
2022-07-10,372.9759545956686
2022-07-11,621.9551531960468
2022-07-12,291.9327515644327
2022-07-13,161.6921774372491
2022-07-14,298.6996782315079
2022-07-15,732.5790913938586
2022-07-16,146.58683344600138
2022-07-17,216.96555741188394
2022-07-18,21.760303125834174
2022-07-19,213.79778622694934
2022-07-20,141.5428442702097
2022-07-22,265.6207200364509
2022-07-23,407.7410593334302
2022-07-24,250.5034868744708
2022-07-25,317.81732604015093
2022-07-26,105.55895281590637
2022-07-27,69.16530284108086
2022-07-29,101.33459200335408
2022-08-01,77.57552867570989
2022-08-02,117.67447481248956
2022-08-04,959.5011990373883
2022-08-05,187.80690310582744
2022-08-06,679.8850455738694
2022-08-07,96.56739084326124
2022-08-11,236.87382813969816
2022-08-13,288.6520960456811
2022-08-14,368.785617416547
2022-08-15,555.5099582567902
2022-08-16,681.3488297065566
2022-08-20,200.7497511097174
2022-08-21,242.10678644912903
2022-08-23,677.9186667571623
2022-08-24,197.27706279335092
2022-08-25,108.15909442639595
2022-08-26,97.08636282833811
2022-08-28,86.04740159756096
2022-08-30,105.24377654386477
2022-08-31,193.38004454236253
2022-09-01,171.03437775577328
2022-09-04,511.0491644532148
2022-09-05,320.6392857302415
2022-09-06,170.11315218179755
2022-09-08,486.12851180045925
2022-09-09,114.11220871289844
2022-09-19,117.22517757844192
2022-09-20,47.09624254775361
2022-09-23,280.6700933567406
2022-09-24,507.31196355456177
2022-09-25,727.0701484452471
2022-09-26,206.57226050419524
2022-09-27,219.82406992063278
2022-10-01,506.47391822646136
2022-10-02,523.8691107037064
2022-10-03,208.70950098024332
2022-10-04,386.6486131186232
2022-10-05,170.65800412384536
2022-10-06,348.4699608557466
2022-10-08,112.17544961040092
2022-10-27,99.26164684705927
2022-10-29,46.07609018366389
2022-11-09,28.969324448112072
2022-11-10,57.75989610444065
2022-11-14,172.1585314007855
2022-11-15,16.958688178160283
2022-11-16,25.820948878487595
2022-11-17,28.025377088592037
2022-11-18,41.449087826509974
2022-11-19,15.487809137622005
2022-11-20,14.76638780513687
2022-11-23,75.90013232759368
2022-11-24,17.2392859444019
2022-12-15,21.68815198275584
2022-12-17,17.771837337020106
2022-12-21,29.35647990986376
2023-01-20,19.16812818309678
2023-01-29,135.75681897900353
2023-01-30,27.918399023869743
2023-02-11,13.407245980591112
2023-02-25,35.4207284391795
2023-03-18,128.45557650030227
2023-03-21,102.08454189016037
2023-04-27,66.62309333654473
2023-04-28,80.32109801931742
2023-04-29,57.76622783590871
2023-05-03,74.5276019064131
2023-05-10,27.754028501420777
2023-05-11,74.18853921404191
2023-05-12,106.94080575059992
2023-05-13,48.03248863978533
2023-05-14,260.07164423874144
2023-05-15,243.16349077325336
2023-05-16,201.2979018942115
2023-05-17,99.42625060099549
2023-05-19,88.44758998174655
2023-05-20,149.03206050049891
2023-05-23,167.1902066315917
2023-05-24,117.6301980150149
2023-05-25,110.13953946697272
2023-05-28,57.05813660944883
2023-05-29,146.54843569497683
2023-05-30,759.1709130156836
2023-05-31,134.24595165808944
2023-06-01,268.8286594022776
2023-06-02,166.5927087535889
2023-06-03,239.48679878470418
2023-06-05,159.47322309435492
2023-06-06,83.82072494250293
2023-06-10,315.2075625456899
2023-06-11,182.86799738317464
2023-06-12,238.78922849889298
2023-06-14,244.76301857992107
2023-06-15,100.23288891378222
2023-06-16,188.76339263412999
2023-06-21,630.9909242911389
2023-06-22,139.05807619595694
2023-06-23,33.63601328991281
2023-06-24,155.19636170529932
2023-06-25,370.0855988627936
2023-06-26,318.941536422587
2023-06-29,160.82232326918339
2023-06-30,102.75745462252891
2023-07-02,194.08953358171888
2023-07-03,136.94350745425524
2023-07-04,82.94610656389358
2023-07-05,52.80813470697121
2023-07-07,119.95998157928685
2023-07-08,200.50493207957564
2023-07-09,134.6937566539153
2023-07-10,45.95919071538979
2023-07-11,175.22943444078754
2023-07-12,157.86387967692212
2023-07-14,622.793360078972
2023-07-16,193.1423298243354
2023-07-18,509.3972586662966
2023-07-19,172.2330861950444
2023-07-20,223.49996321172773
2023-07-21,133.7671268793849
2023-07-23,219.34803406736324
2023-07-26,246.3268936150975
2023-07-27,65.56278957960265
2023-07-28,119.65825133325485
2023-07-29,153.8080990963449
2023-07-30,108.29903684086294
2023-07-31,88.9755088935777
2023-08-01,337.15254395171763
2023-08-02,165.46590131828043
2023-08-03,104.09395763674658
2023-08-07,166.0584599047719
2023-08-08,89.98459240915663
2023-08-10,75.60572633897071
2023-08-11,244.25212528358242
2023-08-12,756.5414953031022
2023-08-13,272.68643597569576
2023-08-15,112.36752430889116
2023-08-16,235.83014656772224
2023-08-18,205.8616722459021
2023-08-23,305.5815416422889
2023-08-26,100.90969877910652
2023-08-27,40.53863946682983
2023-09-02,149.420708212207
2023-09-05,133.46257036546484
2023-09-06,235.16760945284608
2023-09-08,113.26580558323475
2023-09-09,89.389842102666
2023-09-12,93.64611766130861
2023-09-13,247.8505390929334
2023-09-14,154.36795404783012
2023-09-15,152.0459970928821
2023-09-16,608.9436308160767
2023-09-19,84.55826766677302
2023-09-22,740.6238884901945
2023-10-01,163.56560475627916
2023-10-04,64.08613677464048
2023-10-05,868.1623126804371
2023-10-06,701.7191891939308
2023-10-07,136.9374131409262
2023-10-08,176.5090498840396
2023-10-18,94.4606020640565
2023-10-19,98.24871808347976
2023-10-28,59.87911116843438
2023-10-29,319.1380238437066
2023-10-30,73.27431953077966
2023-10-31,60.37379592156433
2023-11-14,30.073716780867205
2023-11-15,100.29363603221157
2023-11-16,36.231606567072305
2023-11-17,23.992798728241223
2023-11-20,101.811825949453
2023-11-21,19.012473840180693
2023-11-24,30.650634733403415
2023-11-25,47.87885288974987
2023-11-26,16.545473061615567
2023-11-27,57.37070544825443
2023-11-28,24.81481226101374
2023-12-12,236.47208265690028
2023-12-20,14.417358854129361
2024-01-01,21.83488308529892
2024-01-30,21.77541491519114
2024-02-13,76.49826921848079
2024-02-23,66.24316034533342
2024-02-24,67.23611772695872
2024-03-14,284.34410098734304
2024-03-16,544.8530715307127
2024-03-18,172.70173532977137
2024-03-19,236.0768168019551
2024-03-29,90.12277911759882
2024-03-30,208.25598211852298
2024-03-31,47.735414572375134
2024-04-01,93.17380715273067
2024-04-02,79.65052801612242
2024-04-17,110.89289316618682
2024-04-18,132.8867103711751
2024-04-19,100.51106660982933
2024-04-20,38.58437798104981
2024-04-21,46.621205044930576
2024-04-23,68.69385221053247
2024-05-08,192.24616564532639
2024-05-09,277.5445860505951
2024-05-10,161.3493298396365
2024-05-12,285.25569101539605
2024-05-13,206.18884699920207
2024-05-14,33.918182404031384
2024-05-15,76.27072564681478
2024-05-16,67.60314360367767
2024-05-17,90.04192639728174
2024-05-18,53.27355549693982
2024-05-20,246.06572250155767
2024-05-26,120.96016293653959
2024-05-30,160.34064980443026
2024-05-31,75.75023077665159
2024-06-05,439.53426279201193
2024-06-06,336.7929334706334
2024-06-09,679.706369439531
2024-06-10,354.85859238659157
2024-06-11,178.544084660588
2024-06-12,47.367522322739326
2024-06-13,235.8088970774275
2024-06-18,411.96444335021073
2024-06-19,242.3108611715725
2024-06-20,394.36243819304434
2024-06-21,140.79959524170863
2024-06-22,126.79638067752299
2024-06-23,206.37040614310374
2024-06-24,33.99893458886318
2024-06-25,490.37535070628303
2024-06-28,244.76548205877978
2024-07-02,249.52032308597347
2024-07-03,247.82543591067162
2024-07-05,403.2059414774943
2024-07-06,98.29169067373736
2024-07-07,771.6953532250989
2024-07-08,413.8853472447525
2024-07-09,587.3196053886098
2024-07-10,90.8552515683704
2024-07-11,36.82788808875394
2024-07-12,164.92041911183642
2024-07-13,472.7691722001734
2024-07-14,210.33526354767378
2024-07-15,308.82239468643445
2024-07-16,305.23561282751507
2024-07-18,412.61201082300465
2024-07-19,265.31207871861784
2024-07-20,110.88068296274504
2024-07-22,113.42028765708497
2024-07-23,639.82147166551
2024-07-25,152.86599832394663
2024-07-27,87.6129633215632
2024-08-01,230.80317584137845
2024-08-04,362.6960844906955
2024-08-05,229.80023164944262
2024-08-06,129.6431813677198
2024-08-07,159.1347849766494
2024-08-09,148.45303793900996
2024-08-10,89.0670917657437
2024-08-16,117.29510161564635
2024-08-18,130.70922792059778
2024-08-25,154.3632050356104
2024-08-26,117.59157097353747
2024-08-28,202.43155851859052
2024-08-29,551.4903032311853
2024-08-30,258.0634250316639
2024-08-31,367.94674197559215
2024-09-02,53.39471766383901
2024-09-03,161.65775913239563
2024-09-05,41.00473470565252
2024-09-08,507.6618934717699
2024-09-10,180.30153876005485
2024-09-14,224.80280570644254
2024-09-16,42.70107200355836
2024-09-20,280.1514130079673
2024-09-21,127.47745659095058
2024-09-22,135.9359229532552
2024-09-24,212.94982891390262
2024-09-27,396.8473235610245
2024-09-28,182.3952084601887
2024-09-29,235.08500446523217
2024-09-30,160.7356737083741
2024-10-01,137.781511547373
2024-10-02,259.25106922158926
2024-10-03,276.6436889801346
2024-10-05,421.7242063253397
2024-10-06,165.22057255886926
2024-10-07,176.14129452915645
2024-10-08,101.79735961250424
2024-10-12,240.59183985715038
2024-10-13,64.02539637970112
2024-10-14,102.60609586414274
2024-11-07,32.676151031134644
2024-11-29,23.366481839271064
2024-12-03,63.05310319203596
2024-12-04,16.22709005685501
2024-12-05,21.079597437732883
2025-01-06,314.5415118408522
2025-01-09,111.76485354386016
2025-01-15,26.272293109429953
2025-01-16,50.3214018851554
2025-01-18,19.86255505689882
2025-01-19,50.24117826072421
2025-01-20,25.361848836399634
2025-01-22,21.511127705232532
2025-01-24,18.836672338753644
2025-01-25,19.481493611746266
2025-01-26,24.560588725621727
2025-01-27,18.947736385999114
2025-01-28,18.72332202540209
2025-01-29,17.973074715157047
2025-02-12,16.151506969002696
2025-02-26,153.52661820786588
2025-02-27,51.713340121248244
2025-02-28,102.69449344379628
2025-03-01,51.11776363012475
2025-03-05,129.23917711404502
2025-03-06,219.48327308483331
2025-03-07,46.91598357994276
2025-04-04,90.01322309914387
2025-04-13,287.6693603805329
2025-04-14,141.14994428942194
2025-04-16,119.00176181138015
2025-04-17,206.72269657328084
2025-04-22,119.57321756228507
2025-04-23,171.676071108159
2025-04-30,87.69351448032418
2025-05-01,67.01365682041255
2025-05-02,34.69949794525544
2025-05-04,253.57160326179638
2025-05-05,379.28159450412
2025-05-06,86.512122550938
2025-05-07,43.82148444751715
2025-05-08,157.77829516235312
2025-05-09,67.94707223943432
2025-05-10,39.95083042844235
2025-05-21,98.74020358592267
2025-05-24,96.11238413720946
2025-05-27,274.4972838049634
2025-05-28,167.48832316123952
2025-05-30,539.6864509395192
2025-05-31,108.95465762387636
2025-06-01,43.82554625684357
2025-06-02,185.7097231873331
2025-06-03,191.61574117051578
2025-06-05,90.5343945227271
2025-06-07,296.47784631226693
2025-06-08,180.7854287063758
2025-06-10,266.68959865542655
2025-06-12,73.89978021423559
2025-06-14,158.39364979339368
2025-06-15,431.11402913631827
2025-06-17,212.2509614154417
2025-06-23,137.51046337430978
2025-06-24,340.7119567119742
2025-06-25,246.89424472482108
2025-06-30,144.2531724862557
2025-07-02,312.28215436925507
2025-07-03,73.9540332426875
2025-07-05,735.1372223150571
2025-07-06,447.8968254584421
2025-07-07,258.27373780643336
2025-07-08,287.1041441667687
2025-07-10,264.84063059119205
2025-07-11,43.52347053967109
2025-07-12,181.71631913670157
2025-07-13,698.3436398350457
2025-07-14,207.3749225405341
2025-07-15,367.6964716869786
2025-07-16,834.6868897774248
2025-07-17,427.6904629475936
2025-07-18,240.73619794509625
2025-07-22,367.2634287390379
2025-07-24,102.88023124779139
2025-07-25,214.1065294651814
2025-07-27,275.27778780670064
2025-07-28,255.66352951231798
2025-07-29,91.52648850898208
2025-08-01,93.89703222278847
2025-08-02,252.13977527491267
2025-08-09,256.6047243567907
2025-08-10,736.3595205059626
2025-08-11,494.6184055957016
2025-08-12,570.3693746860149
2025-08-13,244.66836925965742
