date,ndci,sensor
2011-01-28,-0.6871589283099502,UpperKlamath_Landsat
2011-04-02,-0.6007600836714257,UpperKlamath_Landsat
2011-04-18,-0.32827461238577815,UpperKlamath_Landsat
2011-05-04,-0.5877061223687093,UpperKlamath_Landsat
2011-05-20,-0.49968205309372365,UpperKlamath_Landsat
2011-06-21,-0.5970904997687231,UpperKlamath_Landsat
2011-07-07,-0.5449472892517057,UpperKlamath_Landsat
2011-07-23,-0.7110763818061424,UpperKlamath_Landsat
2011-08-08,-0.7696874765151612,UpperKlamath_Landsat
2011-08-24,-0.7380103409875127,UpperKlamath_Landsat
2011-09-09,-0.578804416850328,UpperKlamath_Landsat
2011-10-11,-0.5411533155008853,UpperKlamath_Landsat
2011-10-27,-0.41248241737878144,UpperKlamath_Landsat
2011-11-12,-0.5607533883621119,UpperKlamath_Landsat
2011-01-28,-0.6855687226662043,UpperKlamath_Landsat
2011-04-02,-0.5980981200464497,UpperKlamath_Landsat
2011-04-18,-0.3445530909800783,UpperKlamath_Landsat
2011-05-04,-0.5864823853256169,UpperKlamath_Landsat
2011-05-20,-0.5023853086346932,UpperKlamath_Landsat
2011-06-21,-0.597481128287838,UpperKlamath_Landsat
2011-07-07,-0.5438037079186618,UpperKlamath_Landsat
2011-07-23,-0.7116006033638904,UpperKlamath_Landsat
2011-08-08,-0.7688894947628223,UpperKlamath_Landsat
2011-08-24,-0.7296866757232248,UpperKlamath_Landsat
2011-09-09,-0.5783290939407791,UpperKlamath_Landsat
2011-10-27,-0.4082361971148279,UpperKlamath_Landsat
2011-11-12,-0.5756814897371283,UpperKlamath_Landsat
2012-05-07,-0.5493220941504829,UpperKlamath_Landsat
2020-06-30,-0.6811516962471021,UpperKlamath_Landsat
2020-07-16,-0.7833306941763937,UpperKlamath_Landsat
2020-08-01,-0.7960410401696596,UpperKlamath_Landsat
2020-09-02,-0.8330309354408206,UpperKlamath_Landsat
2020-10-04,-0.7578547411311167,UpperKlamath_Landsat
2020-10-20,-0.6883861308216057,UpperKlamath_Landsat
2020-11-05,-0.5631422658494818,UpperKlamath_Landsat
2020-11-21,-0.7376629214001938,UpperKlamath_Landsat
2020-12-23,-0.41434435086471555,UpperKlamath_Landsat
2021-02-25,-0.6744682647043915,UpperKlamath_Landsat
2021-03-13,-0.3873112933513003,UpperKlamath_Landsat
2021-03-29,-0.592785062743832,UpperKlamath_Landsat
2021-04-14,-0.6170244375569536,UpperKlamath_Landsat
2021-05-16,-0.4786314981979909,UpperKlamath_Landsat
2021-06-01,-0.4555486127837805,UpperKlamath_Landsat
2021-06-17,-0.5386963511581091,UpperKlamath_Landsat
2021-07-03,-0.46963032234175517,UpperKlamath_Landsat
2021-08-04,-0.7967967060357054,UpperKlamath_Landsat
2021-08-20,-0.7281590496931712,UpperKlamath_Landsat
2021-09-05,-0.7330166113223355,UpperKlamath_Landsat
2021-09-21,-0.5410287388973586,UpperKlamath_Landsat
2021-10-07,-0.05343236571638408,UpperKlamath_Landsat
2021-11-08,-0.4055085805028211,UpperKlamath_Landsat
2021-11-24,-0.5245634555852573,UpperKlamath_Landsat
2021-12-10,-0.1800208453706844,UpperKlamath_Landsat
2022-02-12,-0.39328508925803835,UpperKlamath_Landsat
2022-03-16,-0.6929936764104758,UpperKlamath_Landsat
2022-04-01,-0.3112618654656126,UpperKlamath_Landsat
2022-07-06,-0.32818274312918777,UpperKlamath_Landsat
2022-07-23,-0.509617423739425,UpperKlamath_Landsat
2022-08-09,-0.5696864700198063,UpperKlamath_Landsat
2022-08-26,-0.7126297505145696,UpperKlamath_Landsat
2022-10-16,-0.5915550774120113,UpperKlamath_Landsat
2023-03-11,-0.04560544088194578,UpperKlamath_Landsat
2023-06-07,-0.42024859227570677,UpperKlamath_Landsat
2023-06-29,-0.3553667468924778,UpperKlamath_Landsat
2023-07-21,-0.45429381506811906,UpperKlamath_Landsat
2023-09-08,-0.11310984864588594,UpperKlamath_Landsat
2023-10-05,-0.34640905910259906,UpperKlamath_Landsat
2011-01-20,-0.4035920735215401,UpperKlamath_Landsat
2011-03-09,-0.5706370561886013,UpperKlamath_Landsat
2011-04-26,-0.26558467058910434,UpperKlamath_Landsat
2011-06-13,-0.17276836473079102,UpperKlamath_Landsat
2011-07-15,-0.625567976283134,UpperKlamath_Landsat
2011-07-31,-0.6647028973571456,UpperKlamath_Landsat
2011-08-16,-0.7327346348989355,UpperKlamath_Landsat
2011-09-01,-0.5146834876016013,UpperKlamath_Landsat
2011-09-17,-0.3450274765578146,UpperKlamath_Landsat
2011-10-19,-0.484649109482185,UpperKlamath_Landsat
2011-11-04,-0.3962137805478494,UpperKlamath_Landsat
2011-12-06,-0.42714912335033145,UpperKlamath_Landsat
2011-12-22,-0.5872932649065186,UpperKlamath_Landsat
2012-01-07,-0.3781513160985509,UpperKlamath_Landsat
2012-01-23,-0.7226727381845651,UpperKlamath_Landsat
2012-02-24,-0.5515915382685097,UpperKlamath_Landsat
2012-04-28,-0.41736640871131797,UpperKlamath_Landsat
2012-05-30,-0.4397503868893648,UpperKlamath_Landsat
2012-06-15,-0.10895348711210155,UpperKlamath_Landsat
2012-07-01,-0.7303600472196,UpperKlamath_Landsat
2012-08-02,-0.7617696209233142,UpperKlamath_Landsat
2012-08-18,-0.6563186729435524,UpperKlamath_Landsat
2012-09-03,-0.7162492328986637,UpperKlamath_Landsat
2012-09-19,-0.5550729787192704,UpperKlamath_Landsat
2012-10-05,-0.5531581982584273,UpperKlamath_Landsat
2012-10-21,-0.10819824502792515,UpperKlamath_Landsat
2012-11-22,-0.052581764141898114,UpperKlamath_Landsat
2013-03-30,-0.5005866153596258,UpperKlamath_Landsat
2013-04-15,-0.44366991711109915,UpperKlamath_Landsat
2013-05-01,-0.32311446698648305,UpperKlamath_Landsat
2013-05-17,-0.621421424959446,UpperKlamath_Landsat
2013-06-02,-0.1621268227814261,UpperKlamath_Landsat
2013-06-18,-0.3046476121681742,UpperKlamath_Landsat
2013-07-20,-0.48052669302374934,UpperKlamath_Landsat
2013-08-05,-0.6725419848484503,UpperKlamath_Landsat
2013-09-06,-0.41413910869602094,UpperKlamath_Landsat
2013-10-08,-0.6485252739975906,UpperKlamath_Landsat
2013-10-24,-0.7037569951913699,UpperKlamath_Landsat
2013-11-09,-0.7118352992834378,UpperKlamath_Landsat
2013-11-25,-0.597418634624352,UpperKlamath_Landsat
2014-04-02,-0.5211631965199458,UpperKlamath_Landsat
2014-05-04,-0.3623501663247785,UpperKlamath_Landsat
2014-05-20,-0.12637578386457887,UpperKlamath_Landsat
2014-06-05,-0.1501337706495417,UpperKlamath_Landsat
2014-07-07,-0.36879680079463206,UpperKlamath_Landsat
2014-08-08,-0.5052379887292818,UpperKlamath_Landsat
2014-08-24,-0.4497768422052284,UpperKlamath_Landsat
2014-10-11,-0.06071544118681032,UpperKlamath_Landsat
2014-10-27,-0.8318669912959404,UpperKlamath_Landsat
2014-11-12,-0.21145972459395465,UpperKlamath_Landsat
2014-12-30,-0.7598590408445007,UpperKlamath_Landsat
2015-01-31,-0.4970677090471114,UpperKlamath_Landsat
2015-02-16,-0.6410515843779624,UpperKlamath_Landsat
2015-03-04,-0.5987271443588498,UpperKlamath_Landsat
2015-04-21,-0.5587733094152852,UpperKlamath_Landsat
2015-05-23,-0.16137890447034023,UpperKlamath_Landsat
2015-06-08,-0.47661825640019256,UpperKlamath_Landsat
2015-06-24,-0.34924086597634796,UpperKlamath_Landsat
2015-07-26,-0.8159698855962807,UpperKlamath_Landsat
2015-08-11,-0.440305909972717,UpperKlamath_Landsat
2015-08-27,-0.5245087902287433,UpperKlamath_Landsat
2015-09-12,-0.36009179822881704,UpperKlamath_Landsat
2015-09-28,-0.5358835656027146,UpperKlamath_Landsat
2015-10-14,-0.6394396216107422,UpperKlamath_Landsat
2016-03-06,-0.445689523588356,UpperKlamath_Landsat
2016-03-22,-0.44628783938428385,UpperKlamath_Landsat
2016-04-07,-0.605696175902423,UpperKlamath_Landsat
2016-05-09,-0.21820246607521554,UpperKlamath_Landsat
2016-05-25,-0.22024997307103933,UpperKlamath_Landsat
2016-06-26,-0.5306644008909308,UpperKlamath_Landsat
2016-07-12,-0.5706441738820908,UpperKlamath_Landsat
2016-07-28,-0.3039559594486784,UpperKlamath_Landsat
2016-08-13,-0.6503924498432051,UpperKlamath_Landsat
2016-09-14,-0.5596478753969235,UpperKlamath_Landsat
2016-09-30,-0.46209497956491574,UpperKlamath_Landsat
2016-11-01,-0.655908202555203,UpperKlamath_Landsat
2016-11-17,-0.5069699241182518,UpperKlamath_Landsat
2016-12-03,-0.4912725764512589,UpperKlamath_Landsat
2017-03-25,-0.14788121005672308,UpperKlamath_Landsat
2017-04-10,-0.2942877649438426,UpperKlamath_Landsat
2017-05-12,0.05977178128696396,UpperKlamath_Landsat
2017-05-28,-0.3549025549845832,UpperKlamath_Landsat
2017-06-13,-0.5800924060847413,UpperKlamath_Landsat
2017-06-29,-0.3821908205574308,UpperKlamath_Landsat
2017-07-15,-0.6606908276086961,UpperKlamath_Landsat
2017-07-31,-0.42967630673481977,UpperKlamath_Landsat
2017-08-16,-0.4407444639234222,UpperKlamath_Landsat
2017-09-01,-0.7515123615908744,UpperKlamath_Landsat
2017-10-03,-0.612377100161437,UpperKlamath_Landsat
2017-11-04,-0.6307136573310488,UpperKlamath_Landsat
2017-12-06,-0.41754072649302915,UpperKlamath_Landsat
2018-03-28,-0.468103247736622,UpperKlamath_Landsat
2018-05-15,-0.4876251287779786,UpperKlamath_Landsat
2018-06-16,-0.19343750787878863,UpperKlamath_Landsat
2018-07-02,-0.633072944784495,UpperKlamath_Landsat
2018-07-18,-0.4682917791846175,UpperKlamath_Landsat
2018-08-03,-0.8362299410831362,UpperKlamath_Landsat
2018-08-19,-0.7519470843231673,UpperKlamath_Landsat
2018-09-04,-0.7281893324337125,UpperKlamath_Landsat
2018-09-20,-0.8061477869928758,UpperKlamath_Landsat
2018-10-06,-0.4395534896834013,UpperKlamath_Landsat
2018-10-22,-0.5751874495614644,UpperKlamath_Landsat
2018-11-07,-0.5609818673015902,UpperKlamath_Landsat
2018-12-25,-0.5269508134767588,UpperKlamath_Landsat
2019-02-11,-0.399366646115305,UpperKlamath_Landsat
2019-03-15,-0.3117395973207499,UpperKlamath_Landsat
2019-03-31,-0.4484859468781511,UpperKlamath_Landsat
2019-04-16,-0.5934123972607859,UpperKlamath_Landsat
2019-05-02,-0.4417926827650439,UpperKlamath_Landsat
2019-06-03,-0.3868495526177196,UpperKlamath_Landsat
2019-06-19,-0.22132893250939875,UpperKlamath_Landsat
2019-07-05,-0.6215180337756732,UpperKlamath_Landsat
2019-07-21,-0.6457967840897328,UpperKlamath_Landsat
2019-08-22,-0.5122607109163305,UpperKlamath_Landsat
2019-09-23,-0.5381527122277034,UpperKlamath_Landsat
2019-10-09,-0.617262764150873,UpperKlamath_Landsat
2019-10-25,-0.6415250796120395,UpperKlamath_Landsat
2019-11-10,-0.5075727595522156,UpperKlamath_Landsat
2019-12-28,-0.5085686535482727,UpperKlamath_Landsat
2020-02-14,-0.5967137825815227,UpperKlamath_Landsat
2020-03-01,-0.6231563393158723,UpperKlamath_Landsat
2020-03-17,-0.2018282420680984,UpperKlamath_Landsat
2020-04-02,-0.4817242637415029,UpperKlamath_Landsat
2020-05-04,-0.45059831694817193,UpperKlamath_Landsat
2020-06-21,-0.5326149257873619,UpperKlamath_Landsat
2020-07-07,-0.8476730490513403,UpperKlamath_Landsat
2020-07-23,-0.6675380013009572,UpperKlamath_Landsat
2020-08-08,-0.6720538186259132,UpperKlamath_Landsat
2020-09-09,-0.6417294322731438,UpperKlamath_Landsat
2020-09-25,-0.1544134627902669,UpperKlamath_Landsat
2020-10-11,-0.6116175624414409,UpperKlamath_Landsat
2020-10-27,-0.6145569125627228,UpperKlamath_Landsat
2020-12-14,-0.4744071448952376,UpperKlamath_Landsat
2021-03-20,-0.3785081068577591,UpperKlamath_Landsat
2021-04-05,-0.4742295964333082,UpperKlamath_Landsat
2021-04-21,-0.372058662088699,UpperKlamath_Landsat
2021-05-07,-0.4326632114605196,UpperKlamath_Landsat
2021-06-08,-0.4828864044519978,UpperKlamath_Landsat
2021-06-24,-0.6922109760376882,UpperKlamath_Landsat
2021-07-10,-0.7520177713450956,UpperKlamath_Landsat
2021-07-26,-0.7461321562667853,UpperKlamath_Landsat
2021-08-11,-0.7465009219067529,UpperKlamath_Landsat
2021-08-27,-0.7608482146901216,UpperKlamath_Landsat
2021-09-12,-0.7635462977008675,UpperKlamath_Landsat
2021-09-28,-0.5955224312342112,UpperKlamath_Landsat
2021-10-14,-0.7152471036514579,UpperKlamath_Landsat
2022-02-03,-0.599842844404183,UpperKlamath_Landsat
2022-02-19,-0.3940323137153059,UpperKlamath_Landsat
2022-03-07,-0.5238726441854219,UpperKlamath_Landsat
2022-03-23,-0.580390843570626,UpperKlamath_Landsat
2022-06-24,-0.3612343967857049,UpperKlamath_Landsat
2022-07-11,-0.560836851288428,UpperKlamath_Landsat
2022-07-28,-0.5278628816480551,UpperKlamath_Landsat
2022-08-14,-0.6668850083833193,UpperKlamath_Landsat
2022-08-31,-0.5986012776393976,UpperKlamath_Landsat
2022-10-04,-0.5506515057049914,UpperKlamath_Landsat
2022-10-21,-0.15944048864319335,UpperKlamath_Landsat
2023-03-16,-0.6043541861073136,UpperKlamath_Landsat
2023-04-29,-0.2725763359379989,UpperKlamath_Landsat
2023-05-21,-0.26350620986499085,UpperKlamath_Landsat
2023-06-12,-0.46938744178095615,UpperKlamath_Landsat
2023-07-04,-0.3895253780550769,UpperKlamath_Landsat
2023-10-15,-0.34553681566605876,UpperKlamath_Landsat
2011-01-20,-0.4465972659923333,UpperKlamath_Landsat
2011-03-09,-0.6393988776828645,UpperKlamath_Landsat
2011-04-26,-0.2671656078062976,UpperKlamath_Landsat
2011-06-13,-0.17425716488736887,UpperKlamath_Landsat
2011-07-15,-0.620818646133053,UpperKlamath_Landsat
2011-07-31,-0.6633862837549928,UpperKlamath_Landsat
2011-08-16,-0.7320326019777124,UpperKlamath_Landsat
2011-09-01,-0.5157079555241687,UpperKlamath_Landsat
2011-09-17,-0.3499226944416422,UpperKlamath_Landsat
2011-10-19,-0.4930222992339304,UpperKlamath_Landsat
2011-11-04,-0.4075085537690801,UpperKlamath_Landsat
2011-12-06,-0.43220170047811923,UpperKlamath_Landsat
2011-12-22,-0.5915271754343991,UpperKlamath_Landsat
2012-01-07,-0.4011543595404492,UpperKlamath_Landsat
2012-01-23,-0.6744240741398784,UpperKlamath_Landsat
2012-02-24,-0.5456096752035027,UpperKlamath_Landsat
2012-04-28,-0.4185273562475851,UpperKlamath_Landsat
2012-05-30,-0.43298766236409875,UpperKlamath_Landsat
2012-06-15,-0.10935770935177282,UpperKlamath_Landsat
2012-07-01,-0.7255579995874291,UpperKlamath_Landsat
2012-08-02,-0.7648335930820319,UpperKlamath_Landsat
2012-08-18,-0.659161903486028,UpperKlamath_Landsat
2012-09-03,-0.7167142762601946,UpperKlamath_Landsat
2012-09-19,-0.5584216462668969,UpperKlamath_Landsat
2012-10-05,-0.5639321701243646,UpperKlamath_Landsat
2012-10-21,0.01930520345597164,UpperKlamath_Landsat
2012-11-22,-0.0857944557142644,UpperKlamath_Landsat
2013-03-30,-0.49919415994006433,UpperKlamath_Landsat
2013-04-15,-0.44516762428618367,UpperKlamath_Landsat
2013-05-01,-0.32403519073483944,UpperKlamath_Landsat
2013-05-17,-0.5952894985403611,UpperKlamath_Landsat
2013-06-02,-0.16242058786176491,UpperKlamath_Landsat
2013-07-20,-0.47866829667368394,UpperKlamath_Landsat
2013-08-05,-0.7454554689945532,UpperKlamath_Landsat
2013-09-06,-0.41724410893642333,UpperKlamath_Landsat
2013-10-08,-0.6516841156448112,UpperKlamath_Landsat
2013-10-24,-0.7084764489766634,UpperKlamath_Landsat
2013-11-09,-0.7023023513494191,UpperKlamath_Landsat
2013-11-25,-0.5689231830240963,UpperKlamath_Landsat
2014-04-02,-0.5212552358796578,UpperKlamath_Landsat
2014-04-18,-0.30504883241393876,UpperKlamath_Landsat
2014-05-04,-0.3970897510951406,UpperKlamath_Landsat
2014-05-20,-0.12532049168410467,UpperKlamath_Landsat
2014-06-05,-0.14889779832758054,UpperKlamath_Landsat
2014-07-07,-0.36953067625201813,UpperKlamath_Landsat
2014-08-08,-0.5066014278952887,UpperKlamath_Landsat
2014-08-24,-0.4514410223188728,UpperKlamath_Landsat
2014-10-11,-0.12193282590287048,UpperKlamath_Landsat
2014-10-27,-0.8326483002800955,UpperKlamath_Landsat
2014-11-12,-0.2252189992181682,UpperKlamath_Landsat
2014-11-28,-0.136328097592066,UpperKlamath_Landsat
2014-12-30,-0.7722809055361387,UpperKlamath_Landsat
2015-01-31,-0.4828220273198333,UpperKlamath_Landsat
2015-02-16,-0.65631602542384,UpperKlamath_Landsat
2015-03-04,-0.6009213167987119,UpperKlamath_Landsat
2015-04-21,-0.5592937277029836,UpperKlamath_Landsat
2015-05-07,-0.20680880637472374,UpperKlamath_Landsat
2015-05-23,-0.1828039059527061,UpperKlamath_Landsat
2015-06-08,-0.4660962348859609,UpperKlamath_Landsat
2015-06-24,-0.34779562668055647,UpperKlamath_Landsat
2015-07-26,-0.8149563565756055,UpperKlamath_Landsat
2015-08-11,-0.4287691144124871,UpperKlamath_Landsat
2015-08-27,-0.5256318810865863,UpperKlamath_Landsat
2015-09-28,-0.5350908451223286,UpperKlamath_Landsat
2015-10-14,-0.6497734605544636,UpperKlamath_Landsat
2016-03-06,-0.6110606516084818,UpperKlamath_Landsat
2016-03-22,-0.496084749938784,UpperKlamath_Landsat
2016-04-07,-0.5937038291554487,UpperKlamath_Landsat
2016-05-09,-0.22246060734670012,UpperKlamath_Landsat
2016-05-25,-0.22677988303098845,UpperKlamath_Landsat
2016-06-26,-0.5294259250961157,UpperKlamath_Landsat
2016-07-12,-0.5655455506383539,UpperKlamath_Landsat
2016-07-28,-0.30378013515728486,UpperKlamath_Landsat
2016-08-13,-0.6544625118548723,UpperKlamath_Landsat
2016-09-14,-0.5562380933624016,UpperKlamath_Landsat
2016-09-30,-0.30782971836498046,UpperKlamath_Landsat
2016-11-01,-0.7005068053186099,UpperKlamath_Landsat
2016-11-17,-0.49789046463505426,UpperKlamath_Landsat
2016-12-03,-0.49208273932378077,UpperKlamath_Landsat
2017-03-25,-0.18655868650932586,UpperKlamath_Landsat
2017-04-10,-0.28972618313468773,UpperKlamath_Landsat
2017-05-12,0.025603900072795675,UpperKlamath_Landsat
2017-05-28,-0.35520123747257054,UpperKlamath_Landsat
2017-06-13,-0.5827630266545097,UpperKlamath_Landsat
2017-06-29,-0.383791277235472,UpperKlamath_Landsat
2017-07-15,-0.654383809238956,UpperKlamath_Landsat
2017-07-31,-0.43009981625594806,UpperKlamath_Landsat
2017-08-16,-0.44561747698791637,UpperKlamath_Landsat
2017-09-01,-0.7435575804208379,UpperKlamath_Landsat
2017-09-17,-0.08818715944278763,UpperKlamath_Landsat
2017-10-03,-0.6120006585273141,UpperKlamath_Landsat
2017-11-04,-0.6507560461865645,UpperKlamath_Landsat
2017-12-06,-0.4386915007007843,UpperKlamath_Landsat
2018-03-28,-0.4640820283933851,UpperKlamath_Landsat
2018-05-15,-0.4820292769078487,UpperKlamath_Landsat
2018-06-16,-0.19377928824111093,UpperKlamath_Landsat
2018-07-02,-0.6368407393019506,UpperKlamath_Landsat
2018-07-18,-0.4690821799374106,UpperKlamath_Landsat
2018-08-03,-0.8407449363342707,UpperKlamath_Landsat
2018-08-19,-0.7536015034462319,UpperKlamath_Landsat
2018-09-04,-0.7259261535806295,UpperKlamath_Landsat
2018-09-20,-0.8116916471774426,UpperKlamath_Landsat
2018-10-06,-0.4124913060585431,UpperKlamath_Landsat
2018-10-22,-0.5809920022252454,UpperKlamath_Landsat
2018-11-07,-0.5754869766354966,UpperKlamath_Landsat
2018-12-25,-0.5365539101526394,UpperKlamath_Landsat
2019-02-11,-0.37894682993520845,UpperKlamath_Landsat
2019-03-15,-0.6249832586970936,UpperKlamath_Landsat
2019-03-31,-0.4412313530353936,UpperKlamath_Landsat
2019-04-16,-0.6010845456810507,UpperKlamath_Landsat
2019-05-02,-0.4377432791778623,UpperKlamath_Landsat
2019-06-03,-0.39018109211606483,UpperKlamath_Landsat
2019-06-19,-0.2227061533737841,UpperKlamath_Landsat
2019-07-05,-0.6211577149628121,UpperKlamath_Landsat
2019-07-21,-0.6450458278798941,UpperKlamath_Landsat
2019-08-22,-0.5239253680276117,UpperKlamath_Landsat
2019-09-23,-0.536724402024627,UpperKlamath_Landsat
2019-10-09,-0.6136983915040226,UpperKlamath_Landsat
2019-10-25,-0.6370052146695112,UpperKlamath_Landsat
2019-11-10,-0.5174064046732862,UpperKlamath_Landsat
2019-12-28,-0.5013928060537568,UpperKlamath_Landsat
2020-02-14,-0.5976886311276153,UpperKlamath_Landsat
2020-03-01,-0.6373453340165192,UpperKlamath_Landsat
2020-04-02,-0.4722301504920454,UpperKlamath_Landsat
2020-05-04,-0.4516870830588291,UpperKlamath_Landsat
2020-06-21,-0.5374833234935671,UpperKlamath_Landsat
2020-07-07,-0.8523420753989486,UpperKlamath_Landsat
2020-07-23,-0.6778971396883988,UpperKlamath_Landsat
2020-08-08,-0.6710173484202685,UpperKlamath_Landsat
2020-09-09,-0.6484810803740843,UpperKlamath_Landsat
2020-10-11,-0.6040234342848619,UpperKlamath_Landsat
2020-10-27,-0.6120959803342085,UpperKlamath_Landsat
2020-12-14,-0.5046747873870264,UpperKlamath_Landsat
2021-01-31,-0.3674246381521453,UpperKlamath_Landsat
2021-03-20,-0.27473991419188665,UpperKlamath_Landsat
2021-04-05,-0.46677379002218644,UpperKlamath_Landsat
2021-04-21,-0.3694323194961938,UpperKlamath_Landsat
2021-05-07,-0.4312681942505581,UpperKlamath_Landsat
2021-06-08,-0.47855324503115687,UpperKlamath_Landsat
2021-06-24,-0.6820561631039231,UpperKlamath_Landsat
2021-07-10,-0.7526940751067612,UpperKlamath_Landsat
2021-07-26,-0.7536371598175438,UpperKlamath_Landsat
2021-08-11,-0.7385997386207538,UpperKlamath_Landsat
2021-08-27,-0.758350308345766,UpperKlamath_Landsat
2021-09-12,-0.7748713484574296,UpperKlamath_Landsat
2021-09-28,-0.6186049408267746,UpperKlamath_Landsat
2021-10-14,-0.7133796978807906,UpperKlamath_Landsat
2022-02-03,-0.5819255045961157,UpperKlamath_Landsat
2022-02-19,-0.3987120692373577,UpperKlamath_Landsat
2022-03-07,-0.5486383336988463,UpperKlamath_Landsat
2022-03-23,-0.577253046557468,UpperKlamath_Landsat
2022-05-21,-0.5668535058200345,UpperKlamath_Landsat
2022-06-07,-0.23832055316321557,UpperKlamath_Landsat
2022-06-24,-0.35883338380204066,UpperKlamath_Landsat
2022-07-11,-0.5551759494337473,UpperKlamath_Landsat
2022-07-28,-0.519244810296165,UpperKlamath_Landsat
2022-08-14,-0.6701855969594159,UpperKlamath_Landsat
2022-08-31,-0.596034615686228,UpperKlamath_Landsat
2022-10-04,-0.5643257571978056,UpperKlamath_Landsat
2022-10-21,-0.21891481231304594,UpperKlamath_Landsat
2022-11-24,-0.37586032232146016,UpperKlamath_Landsat
2023-04-24,-0.4902661425231208,UpperKlamath_Landsat
2023-04-29,-0.264056176399597,UpperKlamath_Landsat
2023-05-16,-0.4498355191253396,UpperKlamath_Landsat
2023-05-21,-0.2702276112976502,UpperKlamath_Landsat
2023-06-12,-0.4852983923662571,UpperKlamath_Landsat
2023-07-04,-0.4063072654316757,UpperKlamath_Landsat
2023-07-26,-0.7414909503390748,UpperKlamath_Landsat
2023-09-13,-0.5135121523693028,UpperKlamath_Landsat
2023-10-15,-0.3785386321971474,UpperKlamath_Landsat
2013-04-23,-0.7663312449286855,UpperKlamath_Landsat
2013-05-25,-0.6404846395646833,UpperKlamath_Landsat
2013-06-10,-0.20818186576934225,UpperKlamath_Landsat
2013-07-12,-0.038496968108086685,UpperKlamath_Landsat
2013-07-28,-0.32150269944647786,UpperKlamath_Landsat
2013-08-13,-0.5229648360319072,UpperKlamath_Landsat
2013-08-29,-0.7932043817102504,UpperKlamath_Landsat
2013-09-14,-0.762862639940568,UpperKlamath_Landsat
2013-09-30,-0.8018067777782669,UpperKlamath_Landsat
2013-10-16,-0.8732332530468387,UpperKlamath_Landsat
2013-11-17,-0.8807175015620508,UpperKlamath_Landsat
2014-01-04,-0.7864187786906791,UpperKlamath_Landsat
2014-01-20,-0.4989567810410617,UpperKlamath_Landsat
2014-02-05,-0.5386737008828585,UpperKlamath_Landsat
2014-05-12,-0.5746483036959524,UpperKlamath_Landsat
2014-06-29,0.030899684974455225,UpperKlamath_Landsat
2014-07-15,-0.21937020354289694,UpperKlamath_Landsat
2014-07-31,-0.2833672150112754,UpperKlamath_Landsat
2014-08-16,0.2591846191300409,UpperKlamath_Landsat
2014-09-01,-0.7933437352012754,UpperKlamath_Landsat
2014-10-03,-0.8108376143461936,UpperKlamath_Landsat
2014-10-19,-0.7683261156105929,UpperKlamath_Landsat
2014-12-06,-0.29049951332162616,UpperKlamath_Landsat
2015-01-07,-0.6495851896639577,UpperKlamath_Landsat
2015-02-24,-0.8683017021800638,UpperKlamath_Landsat
2015-04-29,-0.5344874057116417,UpperKlamath_Landsat
2015-06-16,-0.11397313763765844,UpperKlamath_Landsat
2015-07-02,-0.5854615833816148,UpperKlamath_Landsat
2015-07-18,-0.22091363150142998,UpperKlamath_Landsat
2015-08-03,-0.10208079524364427,UpperKlamath_Landsat
2015-08-19,-0.3063530664926525,UpperKlamath_Landsat
2015-09-20,-0.0821202050322919,UpperKlamath_Landsat
2015-10-06,-0.6095483218454477,UpperKlamath_Landsat
2015-10-22,-0.8098534568694514,UpperKlamath_Landsat
2015-11-07,-0.7544802285335737,UpperKlamath_Landsat
2016-02-11,-0.4606217961520545,UpperKlamath_Landsat
2016-02-27,-0.11048953015361473,UpperKlamath_Landsat
2016-04-15,-0.7995342044047912,UpperKlamath_Landsat
2016-05-01,-0.5313220157226409,UpperKlamath_Landsat
2016-05-17,-0.3106256942810238,UpperKlamath_Landsat
2016-06-02,0.0009759301674801679,UpperKlamath_Landsat
2016-07-04,-0.07890924623782515,UpperKlamath_Landsat
2016-08-05,-0.21046601872627807,UpperKlamath_Landsat
2016-08-21,-0.7380642147230771,UpperKlamath_Landsat
2016-09-22,-0.5392693117710944,UpperKlamath_Landsat
2016-10-08,-0.7806924285415016,UpperKlamath_Landsat
2016-11-09,-0.8753649291122177,UpperKlamath_Landsat
2017-06-05,-0.27735673020186524,UpperKlamath_Landsat
2017-06-21,-0.17132145647402627,UpperKlamath_Landsat
2017-07-07,-0.006174002644342986,UpperKlamath_Landsat
2017-08-08,0.3219613510832189,UpperKlamath_Landsat
2017-08-24,-0.4840152374376938,UpperKlamath_Landsat
2017-09-09,-0.29674232771806197,UpperKlamath_Landsat
2017-10-11,0.1961814029405157,UpperKlamath_Landsat
2017-12-14,-0.4914360459852343,UpperKlamath_Landsat
2017-12-30,-0.18644833172469866,UpperKlamath_Landsat
2018-04-21,-0.8004947782209842,UpperKlamath_Landsat
2018-06-08,-0.27804905279727693,UpperKlamath_Landsat
2018-06-24,-0.7234651512370679,UpperKlamath_Landsat
2018-07-10,0.18291195001538285,UpperKlamath_Landsat
2018-07-26,-0.6013747043843704,UpperKlamath_Landsat
2018-08-11,-0.15311783257892958,UpperKlamath_Landsat
2018-08-27,-0.4958426725709576,UpperKlamath_Landsat
2018-09-12,0.1710100967105147,UpperKlamath_Landsat
2018-09-28,0.17366756634090227,UpperKlamath_Landsat
2018-10-14,-0.23920228490066311,UpperKlamath_Landsat
2018-10-30,-0.8646335033867524,UpperKlamath_Landsat
2018-11-15,-0.6530347432608895,UpperKlamath_Landsat
2019-01-02,-0.7393797625809833,UpperKlamath_Landsat
2019-04-24,-0.6575157811500875,UpperKlamath_Landsat
2019-05-26,-0.14515487511779027,UpperKlamath_Landsat
2019-06-11,-0.5334317630137786,UpperKlamath_Landsat
2019-07-13,-0.4424365456608825,UpperKlamath_Landsat
2019-08-14,-0.1744120273200938,UpperKlamath_Landsat
2019-08-30,0.07896562334941579,UpperKlamath_Landsat
2019-09-15,-0.2613091417328502,UpperKlamath_Landsat
2019-10-01,-0.5635611332395539,UpperKlamath_Landsat
2019-11-02,-0.8816605062690277,UpperKlamath_Landsat
2019-11-18,-0.439780078331692,UpperKlamath_Landsat
2020-06-29,-0.07882833259390398,UpperKlamath_Landsat
2020-07-15,-0.11020864356778058,UpperKlamath_Landsat
2020-07-31,0.025668807137033428,UpperKlamath_Landsat
2020-09-01,-0.37352892002393456,UpperKlamath_Landsat
2020-09-17,-0.045843642562774525,UpperKlamath_Landsat
2020-10-03,-0.4540832577734285,UpperKlamath_Landsat
2020-11-20,-0.8847913175571754,UpperKlamath_Landsat
2021-04-13,-0.6981724214233455,UpperKlamath_Landsat
2021-04-29,-0.7337613137814895,UpperKlamath_Landsat
2021-05-15,-0.5082240240277482,UpperKlamath_Landsat
2021-05-31,-0.6359465209468113,UpperKlamath_Landsat
2021-06-16,-0.2617940129985163,UpperKlamath_Landsat
2021-07-02,-0.4388391477031032,UpperKlamath_Landsat
2021-07-18,-0.29921127708080086,UpperKlamath_Landsat
2021-08-03,0.03128359283556405,UpperKlamath_Landsat
2021-08-19,-0.3077958611793334,UpperKlamath_Landsat
2021-09-04,0.6978745461016987,UpperKlamath_Landsat
2021-09-20,-0.4467914555897586,UpperKlamath_Landsat
2021-10-06,-0.36171113673561484,UpperKlamath_Landsat
2021-11-07,-0.8493224652330927,UpperKlamath_Landsat
2021-11-23,-0.821758400119246,UpperKlamath_Landsat
2022-01-26,-0.40395689399125945,UpperKlamath_Landsat
2022-02-11,-0.8254230466912114,UpperKlamath_Landsat
2022-03-31,-0.548721170974979,UpperKlamath_Landsat
2022-04-16,-0.7877059664208409,UpperKlamath_Landsat
2022-05-18,-0.6224082639261923,UpperKlamath_Landsat
2022-06-19,-0.655089312100069,UpperKlamath_Landsat
2022-07-21,-0.4843551001296752,UpperKlamath_Landsat
2022-08-06,-0.3612946424731668,UpperKlamath_Landsat
2022-08-22,-0.2641251132584308,UpperKlamath_Landsat
2022-09-07,0.10909442982669179,UpperKlamath_Landsat
2022-09-23,0.19381412256381808,UpperKlamath_Landsat
2022-10-09,-0.021216285648017055,UpperKlamath_Landsat
2022-10-25,-0.17799126975720111,UpperKlamath_Landsat
2022-11-26,-0.7467841104340676,UpperKlamath_Landsat
2022-12-12,-0.8292068341503877,UpperKlamath_Landsat
2023-01-29,-0.8182928960257688,UpperKlamath_Landsat
2023-05-21,-0.5146180379056151,UpperKlamath_Landsat
2023-06-06,-0.1804042332180984,UpperKlamath_Landsat
2023-06-22,-0.12526514662091204,UpperKlamath_Landsat
2023-07-08,-0.4285099992768998,UpperKlamath_Landsat
2023-07-24,0.2254694401837645,UpperKlamath_Landsat
2023-08-09,-0.48120274327098306,UpperKlamath_Landsat
2023-08-25,-0.22494481211527714,UpperKlamath_Landsat
2023-09-10,-0.7279513922997208,UpperKlamath_Landsat
2023-10-12,-0.803595082627559,UpperKlamath_Landsat
2023-10-28,-0.8706243737031816,UpperKlamath_Landsat
2023-11-29,-0.3058604582166413,UpperKlamath_Landsat
2023-12-15,-0.5772793970719335,UpperKlamath_Landsat
2024-03-20,-0.8138698229753759,UpperKlamath_Landsat
2024-04-05,-0.842656775461871,UpperKlamath_Landsat
2024-05-07,-0.5131778927315437,UpperKlamath_Landsat
2024-05-23,-0.8611315746720563,UpperKlamath_Landsat
2024-06-08,-0.40468471743394935,UpperKlamath_Landsat
2024-06-24,-0.22980646106158298,UpperKlamath_Landsat
2024-07-10,-0.7165652068926538,UpperKlamath_Landsat
2024-08-27,-0.8002177071073574,UpperKlamath_Landsat
2024-09-12,-0.29209024363249086,UpperKlamath_Landsat
2024-10-14,-0.7665700266243304,UpperKlamath_Landsat
2024-10-30,-0.04884373556889632,UpperKlamath_Landsat
2025-01-18,-0.7476374542060075,UpperKlamath_Landsat
2025-03-07,-0.7652956824227545,UpperKlamath_Landsat
2025-05-26,-0.3249829473418446,UpperKlamath_Landsat
2025-06-11,-0.5034628930415196,UpperKlamath_Landsat
2025-06-27,0.16516392163518837,UpperKlamath_Landsat
2025-07-13,-0.1559673146577619,UpperKlamath_Landsat
2013-04-23,-0.7695893302247608,UpperKlamath_Landsat
2013-05-25,-0.6439965216728184,UpperKlamath_Landsat
2013-06-10,-0.18365649524051894,UpperKlamath_Landsat
2013-06-26,-0.035634830802857065,UpperKlamath_Landsat
2013-07-12,-0.03106937304151612,UpperKlamath_Landsat
2013-07-28,-0.27961616164237424,UpperKlamath_Landsat
2013-08-13,-0.4868728345383081,UpperKlamath_Landsat
2013-08-29,-0.7830616173459495,UpperKlamath_Landsat
2013-09-14,-0.7613146805725816,UpperKlamath_Landsat
2013-09-30,-0.7932315769021439,UpperKlamath_Landsat
2013-10-16,-0.833987499201503,UpperKlamath_Landsat
2013-11-17,-0.8228702153859132,UpperKlamath_Landsat
2014-01-20,-0.44441568035528584,UpperKlamath_Landsat
2014-02-05,-0.40463043533547677,UpperKlamath_Landsat
2014-04-26,-0.2706768567012478,UpperKlamath_Landsat
2014-05-12,-0.5534943488962614,UpperKlamath_Landsat
2014-05-28,-0.5302887569117349,UpperKlamath_Landsat
2014-06-29,0.03189203570476344,UpperKlamath_Landsat
2014-07-15,-0.21892322217991045,UpperKlamath_Landsat
2014-07-31,-0.376236447757437,UpperKlamath_Landsat
2014-08-16,0.2061677991516685,UpperKlamath_Landsat
2014-09-01,-0.8024882978780389,UpperKlamath_Landsat
2014-10-03,-0.8121939131363126,UpperKlamath_Landsat
2014-10-19,-0.7663362009502177,UpperKlamath_Landsat
2015-01-07,-0.647132528872851,UpperKlamath_Landsat
2015-01-23,-0.8961072441350869,UpperKlamath_Landsat
2015-02-24,-0.8316648343504389,UpperKlamath_Landsat
2015-04-29,-0.5370044078411086,UpperKlamath_Landsat
2015-06-16,-0.10400600411406621,UpperKlamath_Landsat
2015-07-02,-0.5646626850173656,UpperKlamath_Landsat
2015-07-18,-0.22212998294878258,UpperKlamath_Landsat
2015-08-03,-0.10612377376189498,UpperKlamath_Landsat
2015-08-19,-0.3056633202175545,UpperKlamath_Landsat
2015-09-04,-0.2944163064729544,UpperKlamath_Landsat
2015-09-20,-0.0785981863650203,UpperKlamath_Landsat
2015-10-06,-0.5553562533792678,UpperKlamath_Landsat
2015-10-22,-0.8105717244537424,UpperKlamath_Landsat
2015-11-07,-0.7256764956263323,UpperKlamath_Landsat
2016-02-11,-0.3171222391978588,UpperKlamath_Landsat
2016-03-30,-0.8292237499226932,UpperKlamath_Landsat
2016-04-15,-0.807162038164137,UpperKlamath_Landsat
2016-05-01,-0.5277034787895445,UpperKlamath_Landsat
2016-05-17,-0.33490566506436764,UpperKlamath_Landsat
2016-06-02,0.004548453392249843,UpperKlamath_Landsat
2016-07-04,-0.06787733971689655,UpperKlamath_Landsat
2016-08-05,-0.20528019193801342,UpperKlamath_Landsat
2016-08-21,-0.7372744760653288,UpperKlamath_Landsat
2016-09-06,0.013315400134499018,UpperKlamath_Landsat
2016-10-08,-0.7823280973858268,UpperKlamath_Landsat
2016-11-09,-0.8727626644064014,UpperKlamath_Landsat
2017-04-02,-0.8196047556254767,UpperKlamath_Landsat
2017-06-05,-0.2641110069071818,UpperKlamath_Landsat
2017-06-21,-0.15341125562632707,UpperKlamath_Landsat
2017-07-07,0.0006458682030909424,UpperKlamath_Landsat
2017-08-08,0.3337339106370012,UpperKlamath_Landsat
2017-08-24,-0.39646570768098016,UpperKlamath_Landsat
2017-09-09,-0.2934350492197533,UpperKlamath_Landsat
2017-12-14,-0.53983953376211,UpperKlamath_Landsat
2017-12-30,-0.1670570106417572,UpperKlamath_Landsat
2018-04-21,-0.8420698504287379,UpperKlamath_Landsat
2018-06-08,-0.27203334334911283,UpperKlamath_Landsat
2018-06-24,-0.7149705690392322,UpperKlamath_Landsat
2018-07-10,0.18189852105844734,UpperKlamath_Landsat
2018-07-26,-0.6004592835543042,UpperKlamath_Landsat
2018-08-11,-0.15431979295650142,UpperKlamath_Landsat
2018-08-27,-0.49265771907267497,UpperKlamath_Landsat
2018-09-12,0.10744470088468124,UpperKlamath_Landsat
2018-09-28,0.1946344682301957,UpperKlamath_Landsat
2018-10-14,-0.23286151618515757,UpperKlamath_Landsat
2018-10-30,-0.8617518104282801,UpperKlamath_Landsat
2018-11-15,-0.545345439096152,UpperKlamath_Landsat
2019-01-02,-0.7597053452567111,UpperKlamath_Landsat
2019-04-24,-0.6285871819338472,UpperKlamath_Landsat
2019-05-10,-0.7847648476286379,UpperKlamath_Landsat
2019-05-26,-0.14110621060366116,UpperKlamath_Landsat
2019-06-11,-0.5240751180638689,UpperKlamath_Landsat
2019-06-27,0.31613934861647935,UpperKlamath_Landsat
2019-07-13,-0.4341566411257042,UpperKlamath_Landsat
2019-08-14,-0.1744925130144451,UpperKlamath_Landsat
2019-08-30,0.07824289309136227,UpperKlamath_Landsat
2019-09-15,-0.26321280028850275,UpperKlamath_Landsat
2019-10-01,-0.4464629599299149,UpperKlamath_Landsat
2019-11-02,-0.8472935541830043,UpperKlamath_Landsat
2019-11-18,-0.4214585441285277,UpperKlamath_Landsat
2020-04-26,-0.8888236222448,UpperKlamath_Landsat
2020-06-29,-0.0693393283955807,UpperKlamath_Landsat
2020-07-15,-0.10508146138641769,UpperKlamath_Landsat
2020-07-31,0.02600820094660863,UpperKlamath_Landsat
2020-09-01,-0.3404559314608883,UpperKlamath_Landsat
2020-09-17,-0.04350739105979481,UpperKlamath_Landsat
2020-10-03,-0.27033092638388595,UpperKlamath_Landsat
2020-11-20,-0.8841634838984836,UpperKlamath_Landsat
2021-03-12,-0.9185849526656701,UpperKlamath_Landsat
2021-04-13,-0.7034706691650291,UpperKlamath_Landsat
2021-04-29,-0.6403097667919787,UpperKlamath_Landsat
2021-05-15,-0.5652437603456946,UpperKlamath_Landsat
2021-05-31,-0.643535792432665,UpperKlamath_Landsat
2021-06-16,-0.259532206142792,UpperKlamath_Landsat
2021-07-02,-0.4193552020952685,UpperKlamath_Landsat
2021-07-18,-0.2957523429200995,UpperKlamath_Landsat
2021-08-03,0.023706142139434068,UpperKlamath_Landsat
2021-08-19,-0.3023946985664569,UpperKlamath_Landsat
2021-09-04,0.17639438713844227,UpperKlamath_Landsat
2021-09-20,-0.45117275708319937,UpperKlamath_Landsat
2021-10-06,-0.41791382319832815,UpperKlamath_Landsat
2021-11-23,-0.8292451228864954,UpperKlamath_Landsat
2022-01-26,-0.42040699225971256,UpperKlamath_Landsat
2022-02-11,-0.7955300686603284,UpperKlamath_Landsat
2022-03-31,-0.5899003716933764,UpperKlamath_Landsat
2022-04-16,-0.7827076527901169,UpperKlamath_Landsat
2022-05-18,-0.5943266870417535,UpperKlamath_Landsat
2022-06-19,-0.6299716122843971,UpperKlamath_Landsat
2022-07-21,-0.4423359998057985,UpperKlamath_Landsat
2022-08-06,-0.3499851617111057,UpperKlamath_Landsat
2022-08-22,-0.2375162829245813,UpperKlamath_Landsat
2022-09-07,0.11513193723517783,UpperKlamath_Landsat
2022-09-23,0.23471346464048093,UpperKlamath_Landsat
2022-10-09,-0.058203079483855176,UpperKlamath_Landsat
2022-10-25,-0.16476801405652827,UpperKlamath_Landsat
2022-11-26,-0.7281370774888345,UpperKlamath_Landsat
2022-12-12,-0.7983844643224883,UpperKlamath_Landsat
2023-01-29,-0.7952827162972579,UpperKlamath_Landsat
2023-05-21,-0.4741521303307715,UpperKlamath_Landsat
2023-06-06,-0.17485850625123067,UpperKlamath_Landsat
2023-06-22,-0.12424410394411738,UpperKlamath_Landsat
2023-07-08,-0.41940853368482794,UpperKlamath_Landsat
2023-07-24,0.17823162488728767,UpperKlamath_Landsat
2023-08-09,-0.46330825644494045,UpperKlamath_Landsat
2023-08-25,-0.18354375473941406,UpperKlamath_Landsat
2023-09-10,-0.6358824045205795,UpperKlamath_Landsat
2023-10-12,-0.794292311388855,UpperKlamath_Landsat
2023-10-28,-0.8627536391020029,UpperKlamath_Landsat
2023-12-15,-0.5787718352703196,UpperKlamath_Landsat
2024-03-20,-0.590151313185996,UpperKlamath_Landsat
2024-04-05,-0.8455861010556128,UpperKlamath_Landsat
2024-05-07,-0.4481581733384853,UpperKlamath_Landsat
2024-05-23,-0.8359737014580364,UpperKlamath_Landsat
2024-06-08,-0.4018151067235884,UpperKlamath_Landsat
2024-06-24,-0.22537268110828323,UpperKlamath_Landsat
2024-07-10,-0.7102678001760743,UpperKlamath_Landsat
2024-07-26,-0.8043442416060148,UpperKlamath_Landsat
2024-08-27,-0.8047909239323325,UpperKlamath_Landsat
2024-09-12,-0.28947973879951716,UpperKlamath_Landsat
2024-10-14,-0.7550499626271915,UpperKlamath_Landsat
2025-01-18,-0.7358705278594381,UpperKlamath_Landsat
2025-05-26,-0.3099698679256217,UpperKlamath_Landsat
2025-06-11,-0.4529451542656286,UpperKlamath_Landsat
2025-06-27,0.15552781423021117,UpperKlamath_Landsat
2025-07-13,-0.14980200663295232,UpperKlamath_Landsat
