chl,date,sensor
47.54064041499043,2011-01-19,Aqua
22.32966951177062,2011-01-20,Aqua
49.78751930682671,2011-01-22,Aqua
50.561244793126725,2011-01-23,Aqua
34.80565687583358,2011-01-27,Aqua
36.48805215298841,2011-01-28,Aqua
34.914621525958665,2011-02-01,Aqua
34.673685045253166,2011-02-07,Aqua
41.98549445066105,2011-02-09,Aqua
24.462249613450048,2011-02-10,Aqua
36.72422387830135,2011-02-12,Aqua
49.78602807642677,2011-02-20,Aqua
32.46205456666109,2011-02-27,Aqua
32.26595419721053,2011-03-02,Aqua
36.04492205481839,2011-03-07,Aqua
37.280833167987744,2011-03-21,Aqua
42.618758644415614,2011-03-22,Aqua
41.45559856883454,2011-03-31,Aqua
37.47718167327821,2011-04-02,Aqua
32.27470093774704,2011-04-03,Aqua
39.625077274449495,2011-04-05,Aqua
44.86838377411932,2011-04-11,Aqua
40.39031555474436,2011-04-12,Aqua
42.16535464364773,2011-04-13,Aqua
40.701346483531744,2011-04-18,Aqua
39.70736525308914,2011-04-19,Aqua
55.53354759842558,2011-04-21,Aqua
39.023214442856926,2011-04-25,Aqua
42.927635094524284,2011-04-26,Aqua
36.542367789074646,2011-04-27,Aqua
40.53822250782901,2011-04-28,Aqua
41.17554210655519,2011-04-30,Aqua
36.61235259483768,2011-05-01,Aqua
36.590590309793875,2011-05-03,Aqua
36.668098969753366,2011-05-04,Aqua
39.3290957912147,2011-05-08,Aqua
42.575909257597054,2011-05-09,Aqua
40.09969539125854,2011-05-10,Aqua
39.558734599326094,2011-05-12,Aqua
47.511875932483186,2011-05-18,Aqua
49.13852555529348,2011-05-21,Aqua
46.94623621384735,2011-05-22,Aqua
59.11591503880077,2011-05-23,Aqua
46.586293289513776,2011-06-07,Aqua
50.499094549020185,2011-06-08,Aqua
46.586293289513776,2011-06-09,Aqua
47.4535915434955,2011-06-13,Aqua
49.5748296520055,2011-06-14,Aqua
51.936553644333635,2011-06-15,Aqua
46.90821733410372,2011-06-16,Aqua
55.299273754932,2011-06-17,Aqua
51.83991165164617,2011-06-19,Aqua
55.24536192094688,2011-06-20,Aqua
55.15513943033407,2011-06-22,Aqua
50.88418590605288,2011-06-23,Aqua
61.20321735637306,2011-06-24,Aqua
64.35914353750249,2011-06-26,Aqua
62.36099212264803,2011-06-30,Aqua
61.300292917518014,2011-07-01,Aqua
54.67852680579896,2011-07-02,Aqua
70.37184899638356,2011-07-03,Aqua
69.4684748247456,2011-07-04,Aqua
74.97281728351278,2011-07-05,Aqua
78.65772077494815,2011-07-06,Aqua
64.92763041288698,2011-07-07,Aqua
61.95968075976808,2011-07-08,Aqua
86.45615357021057,2011-07-09,Aqua
61.088681426146486,2011-07-10,Aqua
94.56805201104396,2011-07-14,Aqua
81.36243852272969,2011-07-15,Aqua
110.5723713025123,2011-07-20,Aqua
112.14354561525019,2011-07-21,Aqua
121.83724934882588,2011-07-22,Aqua
83.23476662715298,2011-07-23,Aqua
94.10955800924496,2011-07-24,Aqua
73.45798598217233,2011-07-26,Aqua
72.33509045770082,2011-07-27,Aqua
82.2756626667613,2011-07-28,Aqua
68.19313555106926,2011-07-29,Aqua
83.86155676760964,2011-07-30,Aqua
74.26375934114226,2011-07-31,Aqua
74.2954987826777,2011-08-01,Aqua
77.01557453599067,2011-08-02,Aqua
76.5681635014374,2011-08-03,Aqua
36.73072804091654,2011-08-04,Aqua
75.31649572292149,2011-08-05,Aqua
70.60889810127763,2011-08-06,Aqua
34.673685045253166,2011-08-07,Aqua
63.82137241438345,2011-08-08,Aqua
58.582547246309,2011-08-09,Aqua
71.49420013626539,2011-08-10,Aqua
83.28539876370445,2011-08-11,Aqua
59.811171627915385,2011-08-12,Aqua
80.48151144070029,2011-08-13,Aqua
80.12713276182399,2011-08-15,Aqua
98.28602324061478,2011-08-16,Aqua
67.17759650632689,2011-08-17,Aqua
103.72993750374324,2011-08-18,Aqua
66.59235664691407,2011-08-19,Aqua
73.91029464052048,2011-08-20,Aqua
61.911549375472624,2011-08-21,Aqua
82.00762313621559,2011-08-22,Aqua
118.16706157284374,2011-08-23,Aqua
60.6785409329617,2011-08-25,Aqua
80.20902436848202,2011-08-26,Aqua
92.09766865628652,2011-08-27,Aqua
78.79338566984775,2011-08-28,Aqua
86.2565536268046,2011-08-29,Aqua
83.48412868723284,2011-08-30,Aqua
76.66325811078045,2011-09-01,Aqua
95.52523854057763,2011-09-02,Aqua
70.9071540935567,2011-09-03,Aqua
60.44390704855824,2011-09-04,Aqua
81.8930073229381,2011-09-05,Aqua
53.10498824401676,2011-09-06,Aqua
58.350314658607275,2011-09-07,Aqua
73.83208900085539,2011-09-08,Aqua
71.66696597291528,2011-09-13,Aqua
71.49420013626539,2011-09-16,Aqua
49.727514480015536,2011-09-17,Aqua
73.26862389865427,2011-09-18,Aqua
73.17869779195011,2011-09-19,Aqua
62.21669106824659,2011-09-20,Aqua
54.967399302738684,2011-09-21,Aqua
59.950726018367895,2011-09-23,Aqua
72.16649885248887,2011-09-26,Aqua
66.38407947832015,2011-09-27,Aqua
57.115866047542845,2011-09-28,Aqua
54.67852680579896,2011-09-29,Aqua
43.670175824871194,2011-10-06,Aqua
35.24615087475781,2011-10-07,Aqua
41.4232973321278,2011-10-08,Aqua
61.8683443381606,2011-10-09,Aqua
50.92315551853463,2011-10-11,Aqua
42.129331275031156,2011-10-17,Aqua
53.419672578189875,2011-10-18,Aqua
49.935527140337705,2011-10-19,Aqua
54.435823264729024,2011-10-21,Aqua
45.00145924756592,2011-10-22,Aqua
39.60238125011235,2011-10-24,Aqua
46.645721265031085,2011-10-25,Aqua
50.73220899127244,2011-10-26,Aqua
43.60647995325188,2011-10-27,Aqua
56.54521402637214,2011-10-29,Aqua
50.46703582323374,2011-10-31,Aqua
39.98682773594668,2011-11-01,Aqua
49.265560508508294,2011-11-02,Aqua
75.53738416042341,2011-11-04,Aqua
49.66901691578845,2011-11-11,Aqua
47.96221312428047,2011-11-14,Aqua
43.08666316894583,2011-11-19,Aqua
30.01673163373046,2011-11-25,Aqua
43.046130369316984,2011-11-28,Aqua
55.28621942968777,2011-11-29,Aqua
32.58925352589743,2011-11-30,Aqua
40.951439951053224,2011-12-01,Aqua
38.77269991346096,2011-12-02,Aqua
40.52197111909786,2011-12-03,Aqua
30.82439440090364,2011-12-04,Aqua
43.107331094758095,2011-12-05,Aqua
39.287090288432765,2011-12-06,Aqua
36.004924302262026,2011-12-07,Aqua
43.27240946260441,2011-12-08,Aqua
39.75510116583966,2011-12-09,Aqua
37.464461522251575,2011-12-12,Aqua
33.04769335227481,2011-12-13,Aqua
37.91065879602695,2011-12-17,Aqua
48.672439989163564,2011-12-18,Aqua
52.001875387084034,2011-12-19,Aqua
44.58969131181191,2011-12-20,Aqua
46.75845879687064,2011-12-21,Aqua
47.27245077457177,2011-12-22,Aqua
50.6362292399367,2011-12-23,Aqua
47.84357722463,2011-12-25,Aqua
42.18577089037212,2011-12-31,Aqua
46.13015400628869,2012-01-02,Aqua
45.58046048971121,2012-01-03,Aqua
62.42691563784331,2012-01-06,Aqua
45.47305871417934,2012-01-08,Aqua
58.99179482835043,2012-01-09,Aqua
51.14461546367802,2012-01-12,Aqua
57.0641151043136,2012-01-13,Aqua
63.53740041575527,2012-01-14,Aqua
56.02987874651913,2012-01-16,Aqua
55.70248143168439,2012-01-26,Aqua
52.06954210223251,2012-01-27,Aqua
51.31890600459756,2012-01-30,Aqua
40.259473718457514,2012-02-02,Aqua
53.01284182141537,2012-02-03,Aqua
59.55539881011149,2012-02-05,Aqua
62.51444000095403,2012-02-06,Aqua
45.105513158318786,2012-02-11,Aqua
47.566121513899816,2012-02-15,Aqua
54.5364338333145,2012-02-18,Aqua
46.41844733254178,2012-02-19,Aqua
48.95886608979431,2012-02-23,Aqua
45.72560960764468,2012-02-24,Aqua
40.46263883591779,2012-03-01,Aqua
40.90267718755832,2012-03-02,Aqua
37.284956860282854,2012-03-03,Aqua
39.166024948360175,2012-03-04,Aqua
35.83739098100052,2012-03-07,Aqua
41.63550014968969,2012-03-09,Aqua
41.54525939987877,2012-03-17,Aqua
38.31915314648819,2012-03-18,Aqua
42.61875864441559,2012-03-23,Aqua
33.10877116278506,2012-03-28,Aqua
34.57758128742398,2012-04-02,Aqua
59.425947139123494,2012-04-14,Aqua
40.27124687807135,2012-04-20,Aqua
37.41848636196008,2012-04-21,Aqua
36.08598634581589,2012-04-24,Aqua
40.67989951511373,2012-04-28,Aqua
34.98531605900463,2012-04-29,Aqua
38.04997185128644,2012-05-01,Aqua
36.36898535860275,2012-05-05,Aqua
36.99206220857064,2012-05-06,Aqua
36.2516973154545,2012-05-07,Aqua
39.23903120750799,2012-05-08,Aqua
41.213115399431,2012-05-09,Aqua
37.659070552749505,2012-05-10,Aqua
38.18046896710913,2012-05-11,Aqua
38.14623572668454,2012-05-12,Aqua
40.618952272232846,2012-05-13,Aqua
44.28626025322068,2012-05-14,Aqua
42.58282644668821,2012-05-15,Aqua
47.6545549729479,2012-05-16,Aqua
44.63855619383964,2012-05-17,Aqua
46.12315295179863,2012-05-18,Aqua
46.39385770126095,2012-05-23,Aqua
44.00005040704125,2012-05-26,Aqua
49.41224228647005,2012-05-30,Aqua
43.27169669957616,2012-05-31,Aqua
49.44002244515949,2012-06-01,Aqua
45.67009689229995,2012-06-02,Aqua
51.4839960191822,2012-06-05,Aqua
50.34974738591,2012-06-06,Aqua
43.09029401053171,2012-06-08,Aqua
43.475099293651006,2012-06-09,Aqua
50.34974738591,2012-06-10,Aqua
34.44622941768443,2012-06-13,Aqua
45.02061562037723,2012-06-14,Aqua
41.82828312053388,2012-06-17,Aqua
53.117999201439254,2012-06-19,Aqua
44.079640010473,2012-06-20,Aqua
47.0035432149506,2012-06-24,Aqua
60.15391175073228,2012-06-26,Aqua
53.80457388798926,2012-06-27,Aqua
70.38413686495784,2012-07-02,Aqua
75.41841113434444,2012-07-03,Aqua
78.83657195890243,2012-07-04,Aqua
78.47612494900879,2012-07-05,Aqua
62.905963755745084,2012-07-06,Aqua
90.033572386026,2012-07-07,Aqua
103.99617627611467,2012-07-08,Aqua
80.44347617172805,2012-07-09,Aqua
34.673685045253166,2012-07-10,Aqua
87.27572714417673,2012-07-11,Aqua
80.77660142105562,2012-07-12,Aqua
67.49028702414212,2012-07-13,Aqua
117.59807704273835,2012-07-14,Aqua
78.78622506633191,2012-07-15,Aqua
129.14357453407163,2012-07-18,Aqua
128.4575110432259,2012-07-20,Aqua
118.77340179616654,2012-07-21,Aqua
104.3739270967215,2012-07-23,Aqua
83.03272613629193,2012-07-24,Aqua
85.01435742272291,2012-07-25,Aqua
94.25187805113569,2012-07-27,Aqua
64.90206253134014,2012-07-28,Aqua
84.97547747127847,2012-07-29,Aqua
74.19735301582544,2012-07-30,Aqua
79.57117137112725,2012-07-31,Aqua
82.74905341826506,2012-08-01,Aqua
79.09948085801642,2012-08-02,Aqua
86.2565536268046,2012-08-03,Aqua
76.22254392421469,2012-08-04,Aqua
83.25280811683746,2012-08-05,Aqua
73.54352691966257,2012-08-06,Aqua
76.670128067199,2012-08-07,Aqua
73.74877643732499,2012-08-08,Aqua
87.4255768713085,2012-08-10,Aqua
34.673685045253166,2012-08-11,Aqua
62.73557486319396,2012-08-12,Aqua
82.43664282938516,2012-08-13,Aqua
34.673685045253166,2012-08-14,Aqua
34.673685045253166,2012-08-15,Aqua
34.673685045253166,2012-08-16,Aqua
34.673685045253166,2012-08-17,Aqua
34.673685045253166,2012-08-18,Aqua
62.16000001755815,2012-08-19,Aqua
58.083006934870475,2012-08-21,Aqua
34.673685045253166,2012-08-22,Aqua
71.39890070594839,2012-08-23,Aqua
90.81762280910989,2012-08-24,Aqua
240.5719768064547,2012-08-25,Aqua
60.21399930584393,2012-08-26,Aqua
34.673685045253166,2012-08-27,Aqua
72.98075238986935,2012-08-28,Aqua
101.75931870206585,2012-08-29,Aqua
34.673685045253166,2012-08-30,Aqua
68.15100047991362,2012-08-31,Aqua
33.32954955515738,2012-09-01,Aqua
66.24064753321726,2012-09-02,Aqua
82.93329351963645,2012-09-03,Aqua
56.31209465055232,2012-09-04,Aqua
80.39601854162768,2012-09-05,Aqua
67.09064705271108,2012-09-06,Aqua
85.69924142584361,2012-09-07,Aqua
65.89166255726153,2012-09-08,Aqua
71.99302968233405,2012-09-09,Aqua
71.19406816043319,2012-09-10,Aqua
68.21916551065664,2012-09-11,Aqua
77.2705009147072,2012-09-12,Aqua
62.62829903989954,2012-09-13,Aqua
57.21438307943913,2012-09-15,Aqua
63.96713792464307,2012-09-16,Aqua
55.49027729791145,2012-09-17,Aqua
52.02707117094028,2012-09-18,Aqua
80.31876742652102,2012-09-19,Aqua
58.825605750302515,2012-09-20,Aqua
64.02978825681438,2012-09-21,Aqua
58.57138016658927,2012-09-22,Aqua
69.58960139544135,2012-09-23,Aqua
66.09634168116484,2012-09-24,Aqua
143.68202299961726,2012-09-25,Aqua
72.39278538158405,2012-09-26,Aqua
71.11300972596703,2012-09-30,Aqua
53.34416678304047,2012-10-01,Aqua
65.60766331839139,2012-10-02,Aqua
42.8538965574979,2012-10-03,Aqua
47.04693354038047,2012-10-04,Aqua
44.10196306690722,2012-10-05,Aqua
42.74397608683182,2012-10-06,Aqua
56.82493681397562,2012-10-07,Aqua
53.03338831832784,2012-10-08,Aqua
51.30532633626272,2012-10-09,Aqua
55.33163124790635,2012-10-10,Aqua
54.95246095741215,2012-10-11,Aqua
59.950726018367895,2012-10-13,Aqua
40.870178144042164,2012-10-16,Aqua
43.21661200239629,2012-10-17,Aqua
49.533449430910544,2012-10-21,Aqua
42.798384442767556,2012-10-25,Aqua
46.92827350811962,2012-10-29,Aqua
40.094448901161584,2012-11-01,Aqua
35.91666616927302,2012-11-04,Aqua
28.52538511674499,2012-11-06,Aqua
37.10224883697294,2012-11-07,Aqua
34.518572900665504,2012-11-10,Aqua
46.36411537773297,2012-11-21,Aqua
26.83290754817461,2012-11-25,Aqua
45.33486039319395,2012-12-02,Aqua
36.264081772817846,2012-12-05,Aqua
22.587870917575327,2012-12-08,Aqua
23.1922430486254,2012-12-09,Aqua
22.4827582169725,2012-12-13,Aqua
34.951240456875844,2012-12-30,Aqua
37.4929214829841,2013-02-25,Aqua
38.482051476653844,2013-03-08,Aqua
43.12518244298566,2013-03-09,Aqua
42.94996619709681,2013-03-10,Aqua
43.59747976488999,2013-03-13,Aqua
45.23855652996027,2013-03-15,Aqua
34.91413012228107,2013-03-17,Aqua
43.172002256790485,2013-03-22,Aqua
40.798348960036655,2013-03-23,Aqua
47.757586345984,2013-03-29,Aqua
45.40442623740939,2013-04-02,Aqua
41.31484513346489,2013-04-08,Aqua
38.477010203344825,2013-04-09,Aqua
44.27000657268965,2013-04-11,Aqua
43.74610213294653,2013-04-15,Aqua
41.567186520743704,2013-04-17,Aqua
40.94440088210032,2013-04-18,Aqua
41.256977983525594,2013-04-20,Aqua
38.25315175720517,2013-04-22,Aqua
33.85672787364609,2013-04-23,Aqua
41.83879172982507,2013-04-24,Aqua
41.09785796226112,2013-04-26,Aqua
38.978428135683366,2013-04-27,Aqua
42.396212408208214,2013-04-30,Aqua
42.58330340911216,2013-05-01,Aqua
44.262698269942696,2013-05-02,Aqua
43.05766947648198,2013-05-03,Aqua
41.370880551869625,2013-05-09,Aqua
48.096707354021916,2013-05-10,Aqua
40.63049049394326,2013-05-14,Aqua
50.19630568035571,2013-05-17,Aqua
51.03663840739449,2013-05-19,Aqua
49.607965765786155,2013-05-20,Aqua
44.10055765984171,2013-05-24,Aqua
44.21584967575841,2013-05-26,Aqua
50.7475248988573,2013-05-28,Aqua
46.23687034702503,2013-05-29,Aqua
53.18202943916266,2013-05-30,Aqua
58.70762899705501,2013-05-31,Aqua
44.0934684431334,2013-06-02,Aqua
54.40758676322848,2013-06-03,Aqua
59.51930604513973,2013-06-04,Aqua
56.631686253784274,2013-06-05,Aqua
72.97264916379248,2013-06-06,Aqua
47.760010221378224,2013-06-07,Aqua
67.58796162921941,2013-06-08,Aqua
41.98594414507861,2013-06-09,Aqua
64.24506290654159,2013-06-10,Aqua
66.51532198906825,2013-06-11,Aqua
69.580922064223,2013-06-12,Aqua
73.81599150998038,2013-06-14,Aqua
127.81293634707974,2013-06-17,Aqua
57.876971481498465,2013-06-19,Aqua
144.0662900396765,2013-06-21,Aqua
112.22606914385292,2013-06-22,Aqua
165.26240432450857,2013-06-27,Aqua
154.93161785400397,2013-06-28,Aqua
86.26146759956121,2013-06-29,Aqua
97.40360706838703,2013-06-30,Aqua
65.27999049274975,2013-07-02,Aqua
68.71726000032407,2013-07-03,Aqua
97.97653511624695,2013-07-04,Aqua
142.52830148433273,2013-07-05,Aqua
75.64512884124619,2013-07-06,Aqua
80.9482017803419,2013-07-07,Aqua
100.4843972544741,2013-07-08,Aqua
56.261528821549284,2013-07-09,Aqua
118.82834484281052,2013-07-10,Aqua
99.32007318510563,2013-07-11,Aqua
107.05087910127055,2013-07-12,Aqua
98.97397497359891,2013-07-13,Aqua
86.62489566415536,2013-07-14,Aqua
75.08848317964002,2013-07-15,Aqua
57.61848030308591,2013-07-16,Aqua
129.5805813573102,2013-07-17,Aqua
64.85221817359903,2013-07-18,Aqua
103.79726544435118,2013-07-19,Aqua
103.2478749161994,2013-07-20,Aqua
72.33509045770082,2013-07-21,Aqua
86.98181409282854,2013-07-22,Aqua
77.54507748245321,2013-07-23,Aqua
112.65513507403294,2013-07-25,Aqua
72.20415794704338,2013-07-26,Aqua
79.82483723379113,2013-07-27,Aqua
90.69493043941264,2013-07-28,Aqua
103.54605092518976,2013-07-29,Aqua
34.673685045253166,2013-07-30,Aqua
60.16378931405615,2013-08-01,Aqua
176.7707709135686,2013-08-02,Aqua
102.17599491003907,2013-08-04,Aqua
34.673685045253166,2013-08-05,Aqua
61.6623468809597,2013-08-06,Aqua
65.16876580507055,2013-08-11,Aqua
59.29265912473947,2013-08-12,Aqua
51.76076510658539,2013-08-13,Aqua
120.11982758209166,2013-08-14,Aqua
50.66954706072416,2013-08-15,Aqua
51.941350136072366,2013-08-16,Aqua
165.7936436728947,2013-08-18,Aqua
47.27245077457177,2013-08-19,Aqua
49.3632477848563,2013-08-20,Aqua
48.72595726244124,2013-08-23,Aqua
54.6549306555137,2013-08-26,Aqua
56.2559806085108,2013-08-27,Aqua
50.492070657490075,2013-08-28,Aqua
57.694343996124836,2013-08-30,Aqua
51.84305851478625,2013-08-31,Aqua
57.158292026694355,2013-09-01,Aqua
53.83479332307604,2013-09-02,Aqua
55.19910784045145,2013-09-03,Aqua
52.14202544567968,2013-09-04,Aqua
54.69275695899916,2013-09-06,Aqua
48.528179078357546,2013-09-07,Aqua
54.709087026070144,2013-09-08,Aqua
46.15817510940419,2013-09-09,Aqua
57.58552903438814,2013-09-10,Aqua
47.7923984457215,2013-09-11,Aqua
52.163635654571,2013-09-12,Aqua
50.983175499484844,2013-09-13,Aqua
51.893684018485445,2013-09-14,Aqua
44.128967790076004,2013-09-15,Aqua
56.2354775797007,2013-09-18,Aqua
52.503797912410114,2013-09-19,Aqua
51.93213204008686,2013-09-20,Aqua
50.7947509678571,2013-09-25,Aqua
46.68917795803573,2013-09-27,Aqua
33.098692218816474,2013-09-30,Aqua
58.79135425227681,2013-10-01,Aqua
45.99569883614514,2013-10-02,Aqua
47.66386014530673,2013-10-03,Aqua
45.959984605094505,2013-10-04,Aqua
50.712302986896006,2013-10-05,Aqua
49.20176689521942,2013-10-06,Aqua
44.891928834279476,2013-10-07,Aqua
41.517356936927136,2013-10-09,Aqua
48.55987390442776,2013-10-11,Aqua
41.7172971820449,2013-10-13,Aqua
41.037825541721936,2013-10-14,Aqua
45.23496482968881,2013-10-15,Aqua
37.66179226058324,2013-10-16,Aqua
39.34959445350387,2013-10-17,Aqua
37.14931223089516,2013-10-18,Aqua
37.47018374623943,2013-10-19,Aqua
40.972761313590496,2013-10-20,Aqua
39.76907248014141,2013-10-21,Aqua
37.451003544128554,2013-10-22,Aqua
39.66887925435908,2013-10-23,Aqua
35.798889030842,2013-10-24,Aqua
35.94494422454822,2013-10-25,Aqua
35.54284116707661,2013-10-26,Aqua
40.901200536230256,2013-10-27,Aqua
31.562862656985747,2013-10-29,Aqua
31.422527728644432,2013-10-30,Aqua
34.590470185294016,2013-10-31,Aqua
34.0467302000584,2013-11-01,Aqua
27.69257069401534,2013-11-09,Aqua
35.810461654065136,2013-11-13,Aqua
31.13554735443913,2013-11-17,Aqua
27.073601106890255,2013-11-21,Aqua
27.611314371851478,2013-11-22,Aqua
20.09943580221695,2013-11-23,Aqua
26.22375963228964,2013-11-24,Aqua
22.92765273469384,2013-11-25,Aqua
32.83390278226018,2013-11-28,Aqua
41.39767669433843,2013-11-29,Aqua
20.135691892995514,2013-12-04,Aqua
39.07716202269771,2014-02-03,Aqua
48.38240629549386,2014-02-16,Aqua
50.59477538227062,2014-02-19,Aqua
51.40730602461428,2014-02-22,Aqua
58.50909971072832,2014-02-25,Aqua
47.40513983898054,2014-03-07,Aqua
43.70694779131304,2014-03-10,Aqua
45.18092132233587,2014-03-11,Aqua
52.56324715738524,2014-03-12,Aqua
51.501475775886206,2014-03-13,Aqua
50.63488867144051,2014-03-14,Aqua
46.158749856700325,2014-03-15,Aqua
42.4060578729952,2014-03-17,Aqua
48.78831860053852,2014-03-18,Aqua
47.42184245932482,2014-03-19,Aqua
47.60363953244566,2014-03-20,Aqua
47.34730119635278,2014-03-21,Aqua
46.31313403749123,2014-03-22,Aqua
45.53874710723157,2014-03-23,Aqua
47.04263409504255,2014-04-02,Aqua
51.3362688337824,2014-04-06,Aqua
42.589190669312295,2014-04-07,Aqua
39.86119925594959,2014-04-10,Aqua
42.92007572913769,2014-04-11,Aqua
43.62870629452653,2014-04-12,Aqua
48.359229281764215,2014-04-13,Aqua
40.28899985970786,2014-04-15,Aqua
45.683105557191745,2014-04-16,Aqua
46.706526094453835,2014-04-18,Aqua
42.8234492060488,2014-04-19,Aqua
47.91089483625855,2014-04-20,Aqua
44.54202200459224,2014-04-28,Aqua
47.87374117638811,2014-04-29,Aqua
43.82902415654702,2014-04-30,Aqua
46.95016097289329,2014-05-03,Aqua
46.775292693515766,2014-05-05,Aqua
50.156364183077045,2014-05-06,Aqua
39.592466000678236,2014-05-07,Aqua
47.46473655263181,2014-05-10,Aqua
44.45186135628301,2014-05-11,Aqua
45.6030540073229,2014-05-13,Aqua
45.227842242831706,2014-05-14,Aqua
42.93219873486527,2014-05-16,Aqua
50.92315551853463,2014-05-19,Aqua
45.857789611744394,2014-05-20,Aqua
47.08395987144911,2014-05-21,Aqua
47.29777277449625,2014-05-24,Aqua
51.309261033420114,2014-05-26,Aqua
40.068985811276534,2014-05-27,Aqua
51.06713737733109,2014-05-29,Aqua
47.94975607278414,2014-05-30,Aqua
51.06672998161109,2014-05-31,Aqua
53.39963806509399,2014-06-01,Aqua
42.221073834536874,2014-06-03,Aqua
63.90866397401613,2014-06-04,Aqua
54.286822405525655,2014-06-05,Aqua
56.545214026372115,2014-06-06,Aqua
60.9959037021459,2014-06-07,Aqua
64.27267692095859,2014-06-08,Aqua
63.42620560543938,2014-06-09,Aqua
60.66220456909549,2014-06-10,Aqua
70.27815095774623,2014-06-11,Aqua
43.33187777665851,2014-06-12,Aqua
83.48154574917122,2014-06-13,Aqua
61.8889205204812,2014-06-15,Aqua
73.74353144363546,2014-06-16,Aqua
76.36361778248938,2014-06-17,Aqua
103.71804194896218,2014-06-18,Aqua
88.37481487953991,2014-06-20,Aqua
90.26196456605588,2014-06-22,Aqua
108.35663367862898,2014-06-28,Aqua
99.2534772041656,2014-06-29,Aqua
84.97354838580604,2014-06-30,Aqua
101.04360389558968,2014-07-05,Aqua
81.48115654025749,2014-07-06,Aqua
78.19804402986664,2014-07-07,Aqua
97.60169551552465,2014-07-10,Aqua
98.37390739451249,2014-07-12,Aqua
37.26429293202207,2014-07-13,Aqua
64.10209556279601,2014-07-15,Aqua
34.673685045253166,2014-07-16,Aqua
58.048132719443636,2014-07-17,Aqua
98.89461279655208,2014-07-18,Aqua
71.01176954681027,2014-07-19,Aqua
71.96081602728475,2014-07-20,Aqua
94.88562232227791,2014-07-24,Aqua
92.01304294442876,2014-07-25,Aqua
82.63097445306632,2014-07-26,Aqua
57.77859462826268,2014-07-28,Aqua
45.53874710723157,2014-07-30,Aqua
34.673685045253166,2014-08-01,Aqua
67.37844963345215,2014-08-03,Aqua
54.09604950968569,2014-08-04,Aqua
34.673685045253166,2014-08-06,Aqua
68.31033926368531,2014-08-07,Aqua
34.673685045253166,2014-08-08,Aqua
72.51884507474604,2014-08-09,Aqua
34.673685045253166,2014-08-10,Aqua
66.70627757548343,2014-08-14,Aqua
2.0688508598996203,2014-08-15,Aqua
60.76993018286297,2014-08-16,Aqua
79.3767481403065,2014-08-17,Aqua
54.897872954606605,2014-08-18,Aqua
108.99701583629128,2014-08-19,Aqua
60.642456056150756,2014-08-20,Aqua
61.8134535804439,2014-08-21,Aqua
49.057374852970824,2014-08-22,Aqua
60.50225224162371,2014-08-23,Aqua
53.25638318311828,2014-08-24,Aqua
54.086157998038125,2014-08-25,Aqua
63.831705496884176,2014-08-26,Aqua
58.77124946706653,2014-08-27,Aqua
36.71883507429285,2014-08-29,Aqua
93.98396028478314,2014-08-31,Aqua
68.17255661848716,2014-09-01,Aqua
34.673685045253166,2014-09-02,Aqua
62.7423555136121,2014-09-03,Aqua
62.16483265588519,2014-09-04,Aqua
56.82013677857021,2014-09-05,Aqua
48.04264704338848,2014-09-06,Aqua
53.72368167714757,2014-09-07,Aqua
57.01388479729132,2014-09-08,Aqua
62.748397437198435,2014-09-09,Aqua
66.75657687323222,2014-09-10,Aqua
54.79446402667603,2014-09-11,Aqua
55.78269905891405,2014-09-14,Aqua
59.468296942030705,2014-09-16,Aqua
60.81882719370864,2014-09-19,Aqua
63.188948466813656,2014-09-20,Aqua
58.01093333903678,2014-09-21,Aqua
73.81389451207575,2014-09-26,Aqua
73.28794729184305,2014-09-29,Aqua
72.81394656293611,2014-09-30,Aqua
81.30131539311657,2014-10-01,Aqua
67.0976458469074,2014-10-02,Aqua
61.95062337847256,2014-10-03,Aqua
68.27249481767488,2014-10-04,Aqua
86.68450035070775,2014-10-05,Aqua
80.06540075961925,2014-10-06,Aqua
70.03793223767816,2014-10-07,Aqua
64.41310141974843,2014-10-08,Aqua
61.20231167085327,2014-10-09,Aqua
47.157044527451255,2014-10-12,Aqua
39.12369780598377,2014-10-13,Aqua
43.067843239355014,2014-10-16,Aqua
51.5246146276009,2014-10-18,Aqua
50.66954706072416,2014-10-19,Aqua
48.56709493192506,2014-10-24,Aqua
25.384698122839435,2014-10-25,Aqua
26.899132921098868,2014-10-27,Aqua
26.879213362416728,2014-11-01,Aqua
29.33482987165486,2014-11-07,Aqua
33.58544041884669,2014-11-08,Aqua
28.13523486144258,2014-11-10,Aqua
24.804440409627638,2014-11-11,Aqua
31.748018961332527,2014-11-15,Aqua
34.46012858486536,2014-11-17,Aqua
37.47899327712813,2014-11-24,Aqua
40.354655805193296,2014-11-25,Aqua
38.066621845873904,2014-11-29,Aqua
51.03048564292701,2014-12-12,Aqua
37.87051571914793,2014-12-22,Aqua
27.40481013043818,2014-12-26,Aqua
17.561498985759467,2014-12-28,Aqua
17.44383176935432,2014-12-30,Aqua
26.447150199525236,2014-12-31,Aqua
19.925730087675966,2015-01-01,Aqua
29.876590746573235,2015-01-02,Aqua
31.174833430236593,2015-01-03,Aqua
28.396385152053327,2015-01-07,Aqua
33.69509685846301,2015-01-13,Aqua
38.38662316462489,2015-01-19,Aqua
29.538689465810762,2015-01-20,Aqua
36.02012736126529,2015-01-21,Aqua
43.68161059344263,2015-01-25,Aqua
34.963127921051246,2015-01-30,Aqua
34.82117711725223,2015-01-31,Aqua
28.11863632871745,2015-02-14,Aqua
35.22416363753064,2015-02-16,Aqua
38.68864038067283,2015-02-17,Aqua
31.423023205079332,2015-02-18,Aqua
29.960471990579194,2015-02-19,Aqua
38.69446355257862,2015-02-20,Aqua
38.79890966283446,2015-02-21,Aqua
34.55773102028769,2015-02-22,Aqua
27.437455212735884,2015-02-23,Aqua
36.74347226494479,2015-02-24,Aqua
38.365363486552106,2015-02-25,Aqua
38.602402476991934,2015-03-01,Aqua
36.61341569579065,2015-03-02,Aqua
39.80321933644919,2015-03-03,Aqua
38.090544665654505,2015-03-04,Aqua
41.413514136490534,2015-03-06,Aqua
41.49383194739543,2015-03-07,Aqua
43.09029401053173,2015-03-08,Aqua
41.820861610915415,2015-03-09,Aqua
42.64469158736725,2015-03-12,Aqua
43.268802311563746,2015-03-17,Aqua
40.80065535803011,2015-03-18,Aqua
39.66502218329906,2015-03-21,Aqua
42.62797978560683,2015-03-26,Aqua
40.39365812289897,2015-03-27,Aqua
40.348352475892554,2015-03-28,Aqua
43.067843239355014,2015-03-29,Aqua
43.09029401053173,2015-03-31,Aqua
40.16545478177839,2015-04-01,Aqua
42.31580043224134,2015-04-02,Aqua
38.32145389401938,2015-04-09,Aqua
41.639232768823774,2015-04-11,Aqua
35.86322182118517,2015-04-12,Aqua
36.02742793363331,2015-04-14,Aqua
34.21173605969817,2015-04-15,Aqua
40.74690961787618,2015-04-16,Aqua
37.81000820948469,2015-04-17,Aqua
42.9809593015088,2015-04-19,Aqua
43.36390616176103,2015-04-21,Aqua
38.72514980536509,2015-04-22,Aqua
40.62868938822793,2015-04-24,Aqua
45.09140601602088,2015-04-25,Aqua
48.21578791213965,2015-04-26,Aqua
45.81182213056108,2015-04-27,Aqua
43.643804422795895,2015-04-29,Aqua
45.87352968904123,2015-04-30,Aqua
44.606871427507414,2015-05-01,Aqua
51.43295913476206,2015-05-02,Aqua
43.85681127743719,2015-05-04,Aqua
47.96493016564708,2015-05-06,Aqua
44.96872775728182,2015-05-07,Aqua
47.32792529242563,2015-05-09,Aqua
50.36554825882851,2015-05-16,Aqua
51.17159419394777,2015-05-19,Aqua
46.597753449808046,2015-05-24,Aqua
52.485620030805485,2015-05-26,Aqua
59.759608660157355,2015-05-27,Aqua
61.5705421220092,2015-06-04,Aqua
62.67016454969378,2015-06-05,Aqua
78.97461378051791,2015-06-08,Aqua
80.09320891350087,2015-06-10,Aqua
81.3580172659202,2015-06-11,Aqua
107.41121249853988,2015-06-12,Aqua
92.02671603200338,2015-06-14,Aqua
99.89452286801075,2015-06-15,Aqua
93.59365724539468,2015-06-16,Aqua
125.2737540481159,2015-06-17,Aqua
122.7717075596191,2015-06-18,Aqua
155.68482400655842,2015-06-19,Aqua
81.92764687982141,2015-06-21,Aqua
87.35478996749917,2015-06-22,Aqua
100.50368920559464,2015-06-24,Aqua
80.77555173557157,2015-06-25,Aqua
34.673685045253166,2015-06-26,Aqua
68.44514173407522,2015-06-29,Aqua
91.9928421046637,2015-06-30,Aqua
73.38149139249164,2015-07-01,Aqua
66.32542939890408,2015-07-02,Aqua
81.29124505249767,2015-07-06,Aqua
217.01304513066904,2015-07-07,Aqua
58.3125868077535,2015-07-15,Aqua
105.80454779946768,2015-07-16,Aqua
50.89348606634128,2015-07-17,Aqua
84.71313648320202,2015-07-18,Aqua
79.30926644679276,2015-07-19,Aqua
87.30720577071219,2015-07-20,Aqua
74.67680752903159,2015-07-23,Aqua
65.34669053815102,2015-07-24,Aqua
113.61437863078241,2015-07-27,Aqua
88.22512906052039,2015-07-28,Aqua
87.72569337682269,2015-07-29,Aqua
62.85895627139621,2015-07-31,Aqua
34.673685045253166,2015-08-04,Aqua
91.1931848884212,2015-08-05,Aqua
34.673685045253166,2015-08-06,Aqua
74.76544055691807,2015-08-08,Aqua
34.673685045253166,2015-08-11,Aqua
110.793094681118,2015-08-12,Aqua
143.16339830541665,2015-08-13,Aqua
34.673685045253166,2015-08-14,Aqua
217.87616605656152,2015-08-15,Aqua
95.93748834989303,2015-08-16,Aqua
74.30990866149533,2015-08-17,Aqua
80.3413787558803,2015-08-18,Aqua
88.9708950119088,2015-08-19,Aqua
96.23427753057628,2015-08-20,Aqua
86.59422336238957,2015-08-21,Aqua
34.673685045253166,2015-08-22,Aqua
96.0375705687819,2015-08-24,Aqua
105.13521172089061,2015-08-27,Aqua
99.15675732737563,2015-08-31,Aqua
89.77691605136536,2015-09-01,Aqua
81.36841824874267,2015-09-03,Aqua
88.155906801752,2015-09-04,Aqua
104.1971479419179,2015-09-05,Aqua
97.8572751083496,2015-09-07,Aqua
62.5718671566011,2015-09-08,Aqua
77.20979838202479,2015-09-09,Aqua
83.77162575438452,2015-09-10,Aqua
58.06220647691244,2015-09-13,Aqua
79.08724454583384,2015-09-17,Aqua
81.84482412954799,2015-09-18,Aqua
121.67928551676879,2015-09-19,Aqua
68.24963129556146,2015-09-20,Aqua
68.9431505027269,2015-09-21,Aqua
86.17344305705204,2015-09-22,Aqua
51.270227494106734,2015-09-23,Aqua
56.54521402637214,2015-09-24,Aqua
67.09667972096155,2015-09-25,Aqua
56.26670689485901,2015-09-26,Aqua
68.02579738974667,2015-09-27,Aqua
55.068666495246205,2015-09-28,Aqua
53.42682851136069,2015-09-29,Aqua
92.29037006481315,2015-10-02,Aqua
70.67326284826025,2015-10-04,Aqua
93.74138601297035,2015-10-05,Aqua
56.38615582775511,2015-10-09,Aqua
58.22086167233349,2015-10-11,Aqua
70.41265824013605,2015-10-12,Aqua
70.15847028085692,2015-10-13,Aqua
62.73161900696749,2015-10-14,Aqua
52.49847237996095,2015-10-15,Aqua
62.257284418338756,2015-10-16,Aqua
69.2178563615039,2015-10-20,Aqua
77.0285360063606,2015-10-21,Aqua
47.93953397504303,2015-10-22,Aqua
44.15374174247432,2015-10-26,Aqua
50.69462624749823,2015-10-28,Aqua
67.26361458628993,2015-10-29,Aqua
41.89073257618155,2015-11-02,Aqua
33.55488975897582,2015-11-03,Aqua
51.150051481673984,2015-11-04,Aqua
38.652275069748235,2015-11-06,Aqua
32.76588049311602,2015-11-10,Aqua
43.908139548091846,2015-11-12,Aqua
35.603385132561904,2015-11-16,Aqua
28.753747072541977,2015-11-18,Aqua
36.356644828082985,2015-11-20,Aqua
27.835748160836495,2015-11-21,Aqua
35.60238646237763,2015-11-23,Aqua
24.4152785669951,2015-11-26,Aqua
29.64771486245922,2015-11-27,Aqua
17.242816806156693,2015-11-28,Aqua
28.239080868736558,2015-11-29,Aqua
45.19174744709293,2015-12-01,Aqua
37.985242153934934,2015-12-15,Aqua
41.41072847594238,2016-01-18,Aqua
52.46088200848108,2016-01-31,Aqua
48.401905386321474,2016-02-01,Aqua
45.32637914292793,2016-02-06,Aqua
49.00030191440538,2016-02-07,Aqua
42.419612120404395,2016-02-08,Aqua
32.61401794904796,2016-02-22,Aqua
37.59791987877721,2016-02-24,Aqua
41.3841912909372,2016-02-25,Aqua
34.968926881735435,2016-03-07,Aqua
36.20472464185796,2016-03-16,Aqua
42.887514962376244,2016-03-17,Aqua
26.181192929950925,2016-03-19,Aqua
40.019266295758385,2016-03-22,Aqua
39.73578116367467,2016-03-24,Aqua
38.92637069044191,2016-03-25,Aqua
38.53647021007785,2016-03-27,Aqua
56.45848433673364,2016-03-28,Aqua
38.42881581007512,2016-03-29,Aqua
34.95892602308343,2016-03-30,Aqua
37.26165198594145,2016-03-31,Aqua
32.99346511413864,2016-04-01,Aqua
38.286341128968154,2016-04-02,Aqua
39.007606268687724,2016-04-04,Aqua
39.65838841510075,2016-04-05,Aqua
39.403744872586294,2016-04-06,Aqua
31.700989062740042,2016-04-07,Aqua
41.71361120932719,2016-04-09,Aqua
37.807735211409835,2016-04-10,Aqua
42.91747732389254,2016-04-11,Aqua
38.0117498826699,2016-04-12,Aqua
36.82061822635296,2016-04-15,Aqua
36.816160000529905,2016-04-16,Aqua
34.4849699206841,2016-04-17,Aqua
38.27088808082101,2016-04-25,Aqua
39.92538461360984,2016-04-28,Aqua
51.55197922812874,2016-04-29,Aqua
42.37145456359488,2016-04-30,Aqua
39.69481271653705,2016-05-01,Aqua
44.890150384377634,2016-05-02,Aqua
43.541282540880594,2016-05-08,Aqua
38.93195240296711,2016-05-09,Aqua
41.20637411359227,2016-05-10,Aqua
45.061904452167504,2016-05-11,Aqua
38.40834905001502,2016-05-15,Aqua
44.24129555754853,2016-05-17,Aqua
44.132712322542346,2016-05-18,Aqua
53.612369791280955,2016-05-25,Aqua
49.90057987844158,2016-05-26,Aqua
49.10481637278145,2016-05-27,Aqua
46.232301048089234,2016-05-28,Aqua
39.07880615320695,2016-05-30,Aqua
74.34828274486622,2016-06-03,Aqua
63.32953689333845,2016-06-11,Aqua
68.46511448283532,2016-06-12,Aqua
51.73757143795906,2016-06-16,Aqua
79.68057687261498,2016-06-18,Aqua
101.0059593102087,2016-06-19,Aqua
109.4049607457428,2016-06-20,Aqua
94.5766607768493,2016-06-21,Aqua
114.60039301452215,2016-06-22,Aqua
177.02912297658258,2016-06-24,Aqua
117.56734473574406,2016-06-25,Aqua
78.0033649204109,2016-06-26,Aqua
93.04829675851794,2016-06-27,Aqua
70.82148123696281,2016-06-28,Aqua
88.32823476171703,2016-06-29,Aqua
91.93708588652507,2016-06-30,Aqua
126.61422529464502,2016-07-01,Aqua
75.50262001147581,2016-07-02,Aqua
92.06671971813816,2016-07-03,Aqua
101.56490584060998,2016-07-05,Aqua
61.77732462645318,2016-07-06,Aqua
134.85537204735238,2016-07-11,Aqua
81.17168114105199,2016-07-12,Aqua
81.59313595098851,2016-07-13,Aqua
65.79591749135182,2016-07-14,Aqua
74.1640646449901,2016-07-15,Aqua
129.6766620042723,2016-07-16,Aqua
70.07862343660315,2016-07-17,Aqua
135.9327207425713,2016-07-20,Aqua
103.29383916677537,2016-07-21,Aqua
80.26422997907454,2016-07-22,Aqua
97.82779912871796,2016-07-23,Aqua
77.01557453599067,2016-07-24,Aqua
78.44639233141729,2016-07-25,Aqua
81.63010857091973,2016-07-26,Aqua
76.47259540168507,2016-07-27,Aqua
81.34637644823557,2016-07-28,Aqua
81.84665304853871,2016-07-29,Aqua
84.75191525320629,2016-07-30,Aqua
85.9146869303999,2016-07-31,Aqua
119.17174701166348,2016-08-01,Aqua
57.95099787352992,2016-08-02,Aqua
96.81938372801486,2016-08-03,Aqua
74.46750070992265,2016-08-04,Aqua
102.84654590614315,2016-08-06,Aqua
92.36368847725272,2016-08-07,Aqua
125.4936377346271,2016-08-08,Aqua
77.37679178915138,2016-08-09,Aqua
75.83055287635868,2016-08-10,Aqua
71.80181496699569,2016-08-11,Aqua
83.18477817411053,2016-08-12,Aqua
90.09778360361868,2016-08-13,Aqua
62.347124970302666,2016-08-15,Aqua
61.565616837897196,2016-08-16,Aqua
63.543953782921804,2016-08-17,Aqua
56.28138323309577,2016-08-18,Aqua
64.94929804630755,2016-08-20,Aqua
65.33507498858432,2016-08-21,Aqua
80.32729881611975,2016-08-22,Aqua
86.17344305705204,2016-08-23,Aqua
85.53993925442181,2016-08-24,Aqua
116.51216831023662,2016-08-25,Aqua
77.02045360477068,2016-08-27,Aqua
92.79792880400628,2016-08-28,Aqua
83.34348822327999,2016-08-30,Aqua
71.34774781899661,2016-08-31,Aqua
86.26146759956121,2016-09-03,Aqua
87.19209565247242,2016-09-04,Aqua
87.50477830696045,2016-09-05,Aqua
84.6568350702441,2016-09-06,Aqua
70.64102568278444,2016-09-08,Aqua
65.82022993826757,2016-09-09,Aqua
57.11858908095278,2016-09-10,Aqua
73.48613302446115,2016-09-11,Aqua
49.35149026687345,2016-09-12,Aqua
68.92074539573603,2016-09-13,Aqua
88.38122577900937,2016-09-14,Aqua
84.53226285232643,2016-09-15,Aqua
39.80395447393811,2016-09-18,Aqua
58.12871723668181,2016-09-19,Aqua
121.4981755396333,2016-09-21,Aqua
76.46604105393243,2016-09-24,Aqua
63.515373060226416,2016-09-25,Aqua
68.40299614313352,2016-09-26,Aqua
68.7216978940402,2016-09-27,Aqua
66.4252268842053,2016-09-28,Aqua
56.08909767242458,2016-09-29,Aqua
47.32368155337883,2016-09-30,Aqua
36.044555528483436,2016-10-01,Aqua
51.62821779276172,2016-10-05,Aqua
53.520802991518416,2016-10-06,Aqua
53.63561340893076,2016-10-07,Aqua
55.28621942968774,2016-10-08,Aqua
48.23313667635972,2016-10-09,Aqua
52.15504725994209,2016-10-10,Aqua
54.62442502998725,2016-10-11,Aqua
59.61252772079858,2016-10-12,Aqua
48.356211939923604,2016-10-18,Aqua
50.87480895306667,2016-10-19,Aqua
31.953290920969717,2016-10-26,Aqua
39.91064854952546,2016-11-01,Aqua
44.495550106581334,2016-11-04,Aqua
50.4337782688046,2016-11-09,Aqua
49.31491262351626,2016-11-10,Aqua
43.4395240916816,2016-11-13,Aqua
38.06340718812774,2016-11-17,Aqua
42.800901357581125,2016-11-21,Aqua
37.92766327477553,2016-11-30,Aqua
35.423129162542494,2016-12-01,Aqua
38.33222920808994,2016-12-03,Aqua
16.49677341621955,2016-12-05,Aqua
37.593897154429364,2016-12-10,Aqua
31.867812101621862,2016-12-17,Aqua
29.480211410417002,2016-12-18,Aqua
19.53905926621691,2016-12-21,Aqua
38.405672613241734,2016-12-22,Aqua
34.042190279394845,2017-01-07,Aqua
58.59104859549184,2017-02-23,Aqua
59.467894850098425,2017-02-25,Aqua
48.70852116021093,2017-02-28,Aqua
44.58335579309948,2017-03-01,Aqua
41.449113651262074,2017-03-10,Aqua
45.48650880056153,2017-03-16,Aqua
42.39754797808756,2017-03-21,Aqua
37.20657768590722,2017-03-31,Aqua
39.96916232644023,2017-04-01,Aqua
32.793762984978464,2017-04-02,Aqua
40.925498420169504,2017-04-03,Aqua
38.640383245897276,2017-04-06,Aqua
40.12475539703548,2017-04-10,Aqua
31.14260789886287,2017-04-14,Aqua
37.137016339789916,2017-04-20,Aqua
41.57448349019002,2017-04-21,Aqua
33.31404892359661,2017-04-28,Aqua
40.66927637170447,2017-04-30,Aqua
45.770218960582845,2017-05-02,Aqua
39.62804170275859,2017-05-03,Aqua
42.02167371239779,2017-05-06,Aqua
37.3102561783949,2017-05-07,Aqua
34.18390840167548,2017-05-08,Aqua
41.09412195207655,2017-05-09,Aqua
49.9299248677566,2017-05-14,Aqua
35.47039945496052,2017-05-15,Aqua
35.226375667096626,2017-05-17,Aqua
37.31419194489919,2017-05-18,Aqua
36.47879309226723,2017-05-19,Aqua
36.470931632253425,2017-05-20,Aqua
47.74895669538703,2017-05-23,Aqua
38.56193500233432,2017-05-24,Aqua
45.727161371916736,2017-05-25,Aqua
44.03436532853401,2017-05-27,Aqua
43.20197791514243,2017-05-28,Aqua
49.374142929109524,2017-05-29,Aqua
54.82585100068582,2017-06-01,Aqua
41.4751278988374,2017-06-02,Aqua
35.166327090103835,2017-06-04,Aqua
43.878232845217475,2017-06-05,Aqua
43.852714390678976,2017-06-06,Aqua
53.073576952765244,2017-06-13,Aqua
74.717302527462,2017-06-17,Aqua
58.29606862482141,2017-06-18,Aqua
55.21135061730009,2017-06-19,Aqua
63.752861702234945,2017-06-20,Aqua
50.18747746057754,2017-06-21,Aqua
52.05546444115264,2017-06-22,Aqua
76.57981912081911,2017-06-23,Aqua
69.4684748247456,2017-06-24,Aqua
75.01680250843364,2017-06-26,Aqua
45.370609035297385,2017-06-27,Aqua
106.76632605274045,2017-06-28,Aqua
138.90246380767545,2017-06-29,Aqua
94.91324479232374,2017-06-30,Aqua
89.96658947484185,2017-07-01,Aqua
103.17894433592075,2017-07-02,Aqua
89.32126433473337,2017-07-03,Aqua
95.39025335610312,2017-07-05,Aqua
161.26246093285874,2017-07-06,Aqua
153.68666934182139,2017-07-07,Aqua
109.43617579960166,2017-07-08,Aqua
113.11150004172619,2017-07-09,Aqua
121.88888164424253,2017-07-10,Aqua
113.13433822973221,2017-07-11,Aqua
117.7908603248723,2017-07-12,Aqua
93.39170360332982,2017-07-14,Aqua
139.39446403062152,2017-07-15,Aqua
146.69812056089106,2017-07-16,Aqua
88.55708173913735,2017-07-17,Aqua
72.84989205899797,2017-07-18,Aqua
113.4042579750225,2017-07-19,Aqua
134.7994639056804,2017-07-20,Aqua
107.5863327424863,2017-07-21,Aqua
51.6674589381731,2017-07-22,Aqua
71.26927171104705,2017-07-24,Aqua
82.13521874395967,2017-07-25,Aqua
130.95739295026792,2017-07-27,Aqua
105.62578174204424,2017-07-28,Aqua
80.40996671115067,2017-07-29,Aqua
67.45732094703813,2017-07-30,Aqua
34.673685045253166,2017-07-31,Aqua
72.82414656944789,2017-08-01,Aqua
34.673685045253166,2017-08-02,Aqua
61.98886936382168,2017-08-03,Aqua
102.40115917080901,2017-08-08,Aqua
81.80981008110928,2017-08-10,Aqua
59.58193273667245,2017-08-15,Aqua
79.9343587403276,2017-08-16,Aqua
80.90536337826067,2017-08-17,Aqua
34.673685045253166,2017-08-18,Aqua
64.00913224533632,2017-08-19,Aqua
870.5734225204657,2017-08-20,Aqua
75.67994027324403,2017-08-21,Aqua
34.673685045253166,2017-08-22,Aqua
34.673685045253166,2017-08-24,Aqua
34.673685045253166,2017-08-25,Aqua
76.00612297368038,2017-08-26,Aqua
61.8336510463108,2017-08-28,Aqua
34.673685045253166,2017-08-29,Aqua
2043.4666993212159,2017-08-31,Aqua
70.7616643131421,2017-09-01,Aqua
248.80856637364965,2017-09-02,Aqua
34.673685045253166,2017-09-03,Aqua
34.673685045253166,2017-09-04,Aqua
15.80807304721636,2017-09-05,Aqua
34.673685045253166,2017-09-06,Aqua
76.59901304827514,2017-09-08,Aqua
69.4399653057243,2017-09-09,Aqua
72.64826893325694,2017-09-11,Aqua
34.673685045253166,2017-09-13,Aqua
34.673685045253166,2017-09-15,Aqua
64.91441216796879,2017-09-20,Aqua
71.65505874289778,2017-09-23,Aqua
111.39255462415056,2017-09-24,Aqua
76.82701482707208,2017-09-26,Aqua
61.19861710614599,2017-09-27,Aqua
96.1731069764341,2017-09-28,Aqua
60.450792404480566,2017-09-30,Aqua
50.7049271883463,2017-10-01,Aqua
53.2151373370012,2017-10-03,Aqua
111.44951639086324,2017-10-05,Aqua
66.42071706723027,2017-10-06,Aqua
57.97882384662397,2017-10-07,Aqua
65.07994799880433,2017-10-08,Aqua
44.986457339491494,2017-10-11,Aqua
59.06165777955864,2017-10-14,Aqua
75.89101075291732,2017-10-15,Aqua
59.88919540685623,2017-10-16,Aqua
76.17469855625973,2017-10-17,Aqua
79.87166905293861,2017-10-23,Aqua
44.35933399872918,2017-10-24,Aqua
57.84531813333614,2017-10-25,Aqua
64.65643729650245,2017-10-26,Aqua
46.679723104751396,2017-10-27,Aqua
53.89337897743195,2017-10-28,Aqua
44.46389900795263,2017-10-29,Aqua
40.21576150635564,2017-10-30,Aqua
45.100856596397804,2017-10-31,Aqua
50.3100931572494,2017-11-01,Aqua
49.15820676960254,2017-11-04,Aqua
53.180305033843105,2017-11-06,Aqua
37.65333156474296,2017-11-13,Aqua
36.33860116676704,2017-11-14,Aqua
41.61701650377219,2017-11-17,Aqua
45.02107772253809,2017-12-03,Aqua
28.74663790943832,2017-12-04,Aqua
40.28612887149116,2017-12-05,Aqua
34.49251038214695,2017-12-06,Aqua
41.70971602801938,2017-12-07,Aqua
37.92801815906304,2017-12-10,Aqua
33.9136114953476,2017-12-11,Aqua
47.357253341168246,2017-12-12,Aqua
43.80209850376016,2017-12-13,Aqua
43.702518829637626,2017-12-16,Aqua
50.79092830936226,2017-12-25,Aqua
34.673685045253166,2017-12-27,Aqua
43.903893197484784,2017-12-30,Aqua
40.48651684783996,2018-01-01,Aqua
62.755828637232,2018-01-06,Aqua
48.3635690309542,2018-02-05,Aqua
48.08706686019455,2018-02-06,Aqua
51.04116325062532,2018-02-07,Aqua
48.73473797056584,2018-02-11,Aqua
49.49523650986099,2018-02-12,Aqua
42.8410214235905,2018-02-13,Aqua
42.87034178872221,2018-02-15,Aqua
42.8513723642729,2018-02-16,Aqua
44.25512312289375,2018-02-18,Aqua
45.85586492359775,2018-02-23,Aqua
47.59017169969031,2018-02-26,Aqua
40.90342829544521,2018-03-01,Aqua
43.65353720613578,2018-03-03,Aqua
42.13283393984625,2018-03-05,Aqua
43.35573759659367,2018-03-19,Aqua
40.64520682451307,2018-03-27,Aqua
38.26793552913853,2018-03-28,Aqua
36.404594092221046,2018-03-31,Aqua
40.61245039435064,2018-04-02,Aqua
42.07495840906926,2018-04-08,Aqua
39.78147089116625,2018-04-09,Aqua
43.36691591858991,2018-04-16,Aqua
43.709820730135164,2018-04-17,Aqua
44.75953599366123,2018-04-20,Aqua
40.75823354839852,2018-04-21,Aqua
40.64268441100504,2018-04-22,Aqua
40.128354286122544,2018-04-23,Aqua
42.31443859394955,2018-04-25,Aqua
37.25417134253391,2018-04-27,Aqua
42.83473555204531,2018-04-29,Aqua
44.13450189980822,2018-05-01,Aqua
42.85587783213666,2018-05-02,Aqua
46.81240259504113,2018-05-03,Aqua
48.47354780304217,2018-05-06,Aqua
49.074079333513886,2018-05-07,Aqua
51.85801736657527,2018-05-09,Aqua
41.863835763076146,2018-05-13,Aqua
62.23020908908489,2018-05-14,Aqua
83.0109893185483,2018-05-15,Aqua
59.786702211178,2018-05-18,Aqua
47.149071429451624,2018-05-21,Aqua
57.86736744212852,2018-05-22,Aqua
38.75266014639713,2018-05-26,Aqua
53.78082275336382,2018-05-27,Aqua
73.5218298582975,2018-05-28,Aqua
37.71463778598787,2018-05-29,Aqua
49.65288939268994,2018-05-31,Aqua
76.34790386770179,2018-06-01,Aqua
77.98423362276615,2018-06-02,Aqua
68.37533708848456,2018-06-03,Aqua
121.85194243716448,2018-06-04,Aqua
48.75948776121907,2018-06-07,Aqua
54.651206425971836,2018-06-09,Aqua
187.5099482571289,2018-06-10,Aqua
94.75557391543877,2018-06-11,Aqua
80.28400049634404,2018-06-12,Aqua
77.7102547704015,2018-06-13,Aqua
114.34618492260937,2018-06-14,Aqua
109.42842837998687,2018-06-15,Aqua
125.77832099629731,2018-06-19,Aqua
63.72122816248075,2018-06-21,Aqua
85.11388424067955,2018-06-22,Aqua
62.725279372134445,2018-06-23,Aqua
117.8097074833456,2018-06-24,Aqua
79.53369343474111,2018-06-26,Aqua
97.65002866829911,2018-06-27,Aqua
102.53826936148607,2018-06-28,Aqua
165.2347067603981,2018-06-29,Aqua
129.60423849518662,2018-06-30,Aqua
114.1793040508967,2018-07-01,Aqua
107.18663852597884,2018-07-02,Aqua
155.32111822641187,2018-07-03,Aqua
70.03211295869423,2018-07-05,Aqua
113.40133913875012,2018-07-07,Aqua
34.673685045253166,2018-07-08,Aqua
64.39213180652324,2018-07-09,Aqua
170.6407594676362,2018-07-10,Aqua
96.81938372801486,2018-07-11,Aqua
87.80384953451069,2018-07-12,Aqua
70.91433514233154,2018-07-14,Aqua
71.80181496699569,2018-07-17,Aqua
93.02241342605906,2018-07-18,Aqua
83.56186703361075,2018-07-19,Aqua
68.21280225391187,2018-07-21,Aqua
148.85942079329436,2018-07-22,Aqua
34.673685045253166,2018-07-23,Aqua
34.673685045253166,2018-07-25,Aqua
34.673685045253166,2018-07-26,Aqua
34.673685045253166,2018-07-27,Aqua
34.673685045253166,2018-07-28,Aqua
34.673685045253166,2018-07-29,Aqua
34.673685045253166,2018-07-30,Aqua
34.673685045253166,2018-08-01,Aqua
34.673685045253166,2018-08-02,Aqua
34.673685045253166,2018-08-03,Aqua
34.673685045253166,2018-08-04,Aqua
34.673685045253166,2018-08-05,Aqua
34.673685045253166,2018-08-06,Aqua
34.673685045253166,2018-08-08,Aqua
34.673685045253166,2018-08-09,Aqua
34.673685045253166,2018-08-11,Aqua
34.673685045253166,2018-08-12,Aqua
34.673685045253166,2018-08-13,Aqua
34.673685045253166,2018-08-14,Aqua
34.673685045253166,2018-08-15,Aqua
34.673685045253166,2018-08-17,Aqua
34.673685045253166,2018-08-18,Aqua
34.673685045253166,2018-08-19,Aqua
34.673685045253166,2018-08-20,Aqua
34.673685045253166,2018-08-22,Aqua
46.16172901074143,2018-08-23,Aqua
85.2944088227457,2018-08-24,Aqua
105.7128767715397,2018-08-27,Aqua
70.47184755672346,2018-08-28,Aqua
67.05128483352651,2018-08-29,Aqua
42.25077570886582,2018-08-30,Aqua
94.5983186301777,2018-08-31,Aqua
97.0420773011975,2018-09-01,Aqua
77.38914036864436,2018-09-02,Aqua
95.97977457159142,2018-09-03,Aqua
34.673685045253166,2018-09-04,Aqua
67.03282641679775,2018-09-05,Aqua
2383.236939913415,2018-09-06,Aqua
50.20481637131658,2018-09-07,Aqua
34.673685045253166,2018-09-08,Aqua
34.673685045253166,2018-09-09,Aqua
74.50302461087732,2018-09-10,Aqua
34.673685045253166,2018-09-13,Aqua
73.88797911941404,2018-09-14,Aqua
127.78060921175224,2018-09-16,Aqua
99.76835126126318,2018-09-17,Aqua
92.73466137360444,2018-09-18,Aqua
87.16143030859533,2018-09-19,Aqua
106.82606234526092,2018-09-20,Aqua
58.598715426303905,2018-09-23,Aqua
70.68582442228023,2018-09-24,Aqua
72.33102686986496,2018-09-25,Aqua
75.56568789060178,2018-09-26,Aqua
72.85779806496816,2018-09-27,Aqua
47.56227029958205,2018-09-29,Aqua
128.89680482865788,2018-09-30,Aqua
68.55228716665675,2018-10-04,Aqua
116.64360352124206,2018-10-07,Aqua
40.15731719464762,2018-10-09,Aqua
63.19769540815029,2018-10-11,Aqua
62.93470277189746,2018-10-12,Aqua
39.05455934333736,2018-10-13,Aqua
51.728815757837666,2018-10-14,Aqua
70.45031170087184,2018-10-15,Aqua
46.981649254510096,2018-10-16,Aqua
62.80953994149799,2018-10-17,Aqua
58.272474563427174,2018-10-18,Aqua
62.247061152361525,2018-10-19,Aqua
51.16274939330638,2018-10-20,Aqua
56.328882785190196,2018-10-21,Aqua
56.17880791560254,2018-10-22,Aqua
45.73252535434003,2018-10-30,Aqua
49.14920586306621,2018-11-01,Aqua
51.17864914441968,2018-11-05,Aqua
51.968393770571005,2018-11-06,Aqua
38.65962859871275,2018-11-07,Aqua
42.493768456056266,2018-11-08,Aqua
46.931403417733705,2018-11-09,Aqua
44.838793530454346,2018-11-10,Aqua
42.59692493529543,2018-11-11,Aqua
41.3910249566156,2018-11-12,Aqua
45.74801530762724,2018-11-14,Aqua
45.64184654077738,2018-11-15,Aqua
43.3777216250135,2018-11-16,Aqua
42.86514143472918,2018-11-17,Aqua
45.489108824936935,2018-11-18,Aqua
43.80364761253378,2018-11-19,Aqua
42.021432648886524,2018-11-21,Aqua
35.54896308379243,2018-11-25,Aqua
55.25084091168266,2018-11-28,Aqua
45.99723360149773,2018-12-01,Aqua
39.852094306900874,2018-12-02,Aqua
32.09708537247841,2018-12-05,Aqua
42.360325457089935,2018-12-06,Aqua
40.29494254238297,2018-12-12,Aqua
35.08835129825131,2018-12-21,Aqua
42.852104008181975,2018-12-25,Aqua
37.76473220073111,2018-12-27,Aqua
32.507624426220865,2018-12-29,Aqua
21.43691223592085,2018-12-30,Aqua
28.33291404557433,2018-12-31,Aqua
33.37620160922485,2019-01-02,Aqua
43.14776350625331,2019-01-12,Aqua
36.66137476105207,2019-01-13,Aqua
47.6264984501663,2019-01-21,Aqua
45.91081034531552,2019-01-25,Aqua
36.23912622505247,2019-01-29,Aqua
51.13834756046445,2019-01-30,Aqua
41.88049233156523,2019-01-31,Aqua
45.87891564766125,2019-02-06,Aqua
41.796989119150204,2019-02-11,Aqua
49.26173630237291,2019-02-18,Aqua
42.270461433135196,2019-02-20,Aqua
68.738912805815,2019-02-21,Aqua
43.4107769132972,2019-02-22,Aqua
49.473496382693696,2019-03-07,Aqua
45.464652444109106,2019-03-08,Aqua
46.103034317545905,2019-03-11,Aqua
47.93689147644651,2019-03-14,Aqua
49.285610411458535,2019-03-15,Aqua
51.20120090177269,2019-03-17,Aqua
47.404485822953895,2019-03-18,Aqua
50.3759112267661,2019-03-20,Aqua
48.64931169382149,2019-03-24,Aqua
48.117125144136274,2019-03-27,Aqua
56.65399787119083,2019-03-29,Aqua
51.20612242860262,2019-03-30,Aqua
51.169484644291714,2019-03-31,Aqua
51.794019280457505,2019-04-02,Aqua
45.99408872551657,2019-04-12,Aqua
49.68421811268222,2019-04-16,Aqua
46.35550410041174,2019-04-18,Aqua
43.023110546409406,2019-04-21,Aqua
43.97302357154941,2019-04-22,Aqua
46.2782844242522,2019-04-23,Aqua
39.345854018674174,2019-04-24,Aqua
40.07169746408176,2019-04-25,Aqua
36.562322623813124,2019-04-26,Aqua
42.448290443801,2019-04-27,Aqua
40.06007464293014,2019-04-28,Aqua
43.273587962079354,2019-04-29,Aqua
36.717017580105384,2019-04-30,Aqua
44.239092070169626,2019-05-01,Aqua
44.0585888719112,2019-05-02,Aqua
38.632191977109024,2019-05-03,Aqua
44.45561654802386,2019-05-04,Aqua
41.82352397351873,2019-05-05,Aqua
43.813298306305214,2019-05-06,Aqua
49.36682339911191,2019-05-08,Aqua
39.3766741278208,2019-05-09,Aqua
44.14284646778031,2019-05-10,Aqua
46.94046066166509,2019-05-11,Aqua
39.988006273041606,2019-05-12,Aqua
51.71655378496018,2019-05-24,Aqua
50.3759112267661,2019-05-28,Aqua
49.351490266873476,2019-05-30,Aqua
56.489852573427356,2019-05-31,Aqua
54.125252326700284,2019-06-02,Aqua
52.01281008282784,2019-06-03,Aqua
47.486097131241486,2019-06-04,Aqua
51.448011863041586,2019-06-05,Aqua
58.688346193846215,2019-06-08,Aqua
58.31486996021368,2019-06-09,Aqua
61.01130606384413,2019-06-11,Aqua
59.737034563935474,2019-06-12,Aqua
66.553754620697,2019-06-13,Aqua
64.12496652546183,2019-06-16,Aqua
214.13664315795467,2019-06-17,Aqua
105.10226825015248,2019-06-18,Aqua
72.51229286941513,2019-06-19,Aqua
86.14182557680083,2019-06-20,Aqua
89.7769160513654,2019-06-21,Aqua
85.03893107502799,2019-06-22,Aqua
88.59090934726895,2019-06-23,Aqua
78.25098546738262,2019-06-28,Aqua
85.31276206379316,2019-06-30,Aqua
95.74681354419951,2019-07-02,Aqua
132.65397536723904,2019-07-03,Aqua
92.60515279927606,2019-07-04,Aqua
82.3685805439393,2019-07-05,Aqua
79.40889751375833,2019-07-07,Aqua
97.0505292961533,2019-07-08,Aqua
110.8021028313758,2019-07-11,Aqua
83.17198092128925,2019-07-12,Aqua
109.75634147315003,2019-07-13,Aqua
99.21421591258631,2019-07-14,Aqua
121.1977328624437,2019-07-15,Aqua
100.12479249300087,2019-07-16,Aqua
127.4512892111756,2019-07-18,Aqua
123.21205795127793,2019-07-19,Aqua
78.45574262996962,2019-07-20,Aqua
69.80963721431303,2019-07-21,Aqua
134.48369291004005,2019-07-23,Aqua
97.08891746613675,2019-07-24,Aqua
66.82867641247977,2019-07-26,Aqua
83.2705018819975,2019-07-27,Aqua
73.14325865207638,2019-07-28,Aqua
72.94285817055894,2019-07-29,Aqua
34.673685045253166,2019-07-30,Aqua
73.41879994961107,2019-07-31,Aqua
131.05776379893732,2019-08-02,Aqua
98.01025753986687,2019-08-03,Aqua
83.05073378226028,2019-08-04,Aqua
82.8152854397807,2019-08-05,Aqua
106.05627821595003,2019-08-08,Aqua
140.7983684374748,2019-08-11,Aqua
127.93519168344416,2019-08-12,Aqua
94.54433565198691,2019-08-13,Aqua
107.95167050369977,2019-08-14,Aqua
122.39757150681146,2019-08-15,Aqua
129.9357589149552,2019-08-16,Aqua
89.31351682528498,2019-08-17,Aqua
117.96274800931864,2019-08-18,Aqua
130.85810980488944,2019-08-20,Aqua
73.48613302446111,2019-08-22,Aqua
84.05851907901015,2019-08-23,Aqua
106.17533240281755,2019-08-24,Aqua
120.78694082804101,2019-08-25,Aqua
105.9011651674416,2019-08-26,Aqua
68.7216978940402,2019-08-27,Aqua
64.60927015842665,2019-08-29,Aqua
99.12533172799745,2019-08-30,Aqua
110.37390331727208,2019-08-31,Aqua
102.57283750657554,2019-09-01,Aqua
97.62762688589207,2019-09-02,Aqua
64.06904223879806,2019-09-03,Aqua
106.66191512006006,2019-09-04,Aqua
96.91908813583304,2019-09-05,Aqua
87.08619989693338,2019-09-06,Aqua
83.52841421295747,2019-09-08,Aqua
105.6329396766778,2019-09-11,Aqua
70.69054075935024,2019-09-12,Aqua
87.0307085563855,2019-09-13,Aqua
82.5388823777682,2019-09-14,Aqua
70.01507192988156,2019-09-15,Aqua
4029.3458127525223,2019-09-16,Aqua
113.34490038843255,2019-09-20,Aqua
136.95161925857286,2019-09-21,Aqua
115.62390049867734,2019-09-23,Aqua
83.75789978238612,2019-09-24,Aqua
85.51123467143125,2019-09-25,Aqua
111.32225772883668,2019-09-26,Aqua
85.12814367159925,2019-09-27,Aqua
223.19755605217296,2019-09-30,Aqua
93.42790069983275,2019-10-01,Aqua
68.62361019670061,2019-10-03,Aqua
106.0992964022117,2019-10-04,Aqua
96.02534426428092,2019-10-05,Aqua
85.01435742272291,2019-10-06,Aqua
74.53263319052937,2019-10-07,Aqua
56.012214879317966,2019-10-08,Aqua
62.49160126682119,2019-10-09,Aqua
63.34007409916944,2019-10-10,Aqua
72.46924158490253,2019-10-11,Aqua
58.60566486812133,2019-10-12,Aqua
70.44430423888227,2019-10-13,Aqua
53.15518059696023,2019-10-14,Aqua
47.345266572998206,2019-10-18,Aqua
58.98831652046555,2019-10-22,Aqua
43.314740078015944,2019-10-23,Aqua
44.762117706548224,2019-10-24,Aqua
42.74647071226628,2019-10-25,Aqua
37.04302526397488,2019-10-26,Aqua
36.6740200770493,2019-10-27,Aqua
41.631933553473125,2019-10-28,Aqua
36.90850996523662,2019-10-29,Aqua
34.673685045253166,2019-10-30,Aqua
37.82327871131129,2019-10-31,Aqua
32.024485830923496,2019-11-01,Aqua
32.2143456781519,2019-11-02,Aqua
39.40082955092112,2019-11-03,Aqua
36.56390574496199,2019-11-04,Aqua
38.37874313791065,2019-11-06,Aqua
38.671752006389816,2019-11-08,Aqua
37.96369100332467,2019-11-10,Aqua
35.61954606936588,2019-11-20,Aqua
31.665306785676943,2019-11-21,Aqua
33.68054956528376,2019-11-22,Aqua
38.50777274972064,2019-11-23,Aqua
37.12866329201008,2019-11-28,Aqua
29.524825527396164,2019-11-29,Aqua
29.570820576971634,2019-12-03,Aqua
33.87911899636682,2019-12-23,Aqua
24.339882269131756,2019-12-28,Aqua
26.864672547098014,2019-12-30,Aqua
55.3779449544454,2020-01-04,Aqua
38.10897391304842,2020-01-05,Aqua
37.146744795006676,2020-02-03,Aqua
34.779198756655056,2020-02-06,Aqua
31.99278089377113,2020-02-07,Aqua
36.855284439607146,2020-02-09,Aqua
32.630919923868106,2020-02-10,Aqua
36.30274236309863,2020-02-11,Aqua
38.73099223192404,2020-02-12,Aqua
34.56439565503891,2020-02-13,Aqua
33.47528397284092,2020-02-17,Aqua
36.76587561540485,2020-02-18,Aqua
33.33072728632442,2020-02-19,Aqua
35.92641927326676,2020-02-21,Aqua
37.23545957146831,2020-02-22,Aqua
36.40205676546911,2020-02-23,Aqua
37.419985971844156,2020-02-24,Aqua
36.58984859573099,2020-02-25,Aqua
33.07427481303406,2020-02-26,Aqua
35.04817609900437,2020-02-27,Aqua
36.26662115404656,2020-03-01,Aqua
33.68884568781557,2020-03-02,Aqua
38.91887553752299,2020-03-03,Aqua
37.2707713198184,2020-03-04,Aqua
46.102614355422304,2020-03-09,Aqua
42.04480017679761,2020-03-10,Aqua
36.82275256207279,2020-03-12,Aqua
39.53847840985822,2020-03-13,Aqua
42.65146608516266,2020-03-19,Aqua
41.33213272227354,2020-03-20,Aqua
41.81797961744104,2020-03-22,Aqua
43.18768612573088,2020-03-26,Aqua
41.923142216602365,2020-04-01,Aqua
42.03120836631732,2020-04-03,Aqua
43.93159033770545,2020-04-07,Aqua
44.443458987227515,2020-04-08,Aqua
42.82882215240784,2020-04-09,Aqua
46.524626182969264,2020-04-10,Aqua
45.43992046500184,2020-04-12,Aqua
46.46007005167026,2020-04-13,Aqua
47.27245077457172,2020-04-14,Aqua
45.006925278700535,2020-04-15,Aqua
42.32819636033196,2020-04-16,Aqua
46.8578888555194,2020-04-17,Aqua
46.76359753747844,2020-04-19,Aqua
47.89421026091157,2020-04-21,Aqua
44.78075911939077,2020-04-23,Aqua
50.07236016675092,2020-04-26,Aqua
49.41348733041868,2020-04-28,Aqua
45.061904452167504,2020-04-30,Aqua
51.687105897676275,2020-05-03,Aqua
46.935992982397565,2020-05-06,Aqua
45.955438176084506,2020-05-07,Aqua
51.15844283920454,2020-05-08,Aqua
52.997160550745534,2020-05-14,Aqua
54.31607969271146,2020-05-15,Aqua
56.545214026372115,2020-05-19,Aqua
42.49735977384769,2020-05-20,Aqua
50.966933799096054,2020-05-21,Aqua
39.38217359553573,2020-05-22,Aqua
50.755286588493156,2020-05-23,Aqua
49.98237226467563,2020-05-24,Aqua
45.48362134520922,2020-05-26,Aqua
51.4646521584669,2020-05-28,Aqua
54.24273006391812,2020-06-02,Aqua
60.7564163030866,2020-06-04,Aqua
84.54938249475933,2020-06-08,Aqua
56.881733119133855,2020-06-09,Aqua
61.40672937166878,2020-06-13,Aqua
64.60494827255565,2020-06-17,Aqua
76.47582129414008,2020-06-18,Aqua
96.91075221211985,2020-06-21,Aqua
91.9585660711752,2020-06-22,Aqua
89.21029112131349,2020-06-23,Aqua
96.99259117990708,2020-06-25,Aqua
102.30128488740608,2020-06-27,Aqua
101.30379556983613,2020-06-29,Aqua
116.88716315880005,2020-06-30,Aqua
124.3126485155045,2020-07-01,Aqua
82.52417957430833,2020-07-02,Aqua
68.4085333044104,2020-07-03,Aqua
92.37902806002312,2020-07-04,Aqua
125.60830947210297,2020-07-05,Aqua
113.67935935857066,2020-07-06,Aqua
146.26605020818397,2020-07-07,Aqua
115.13055048182751,2020-07-08,Aqua
73.51733615783054,2020-07-09,Aqua
101.7485332998091,2020-07-10,Aqua
101.84381395329991,2020-07-11,Aqua
58.95069777846577,2020-07-12,Aqua
117.83960552280406,2020-07-13,Aqua
64.65121689564897,2020-07-14,Aqua
85.69115630011193,2020-07-15,Aqua
123.73277342826798,2020-07-16,Aqua
63.75772993961274,2020-07-17,Aqua
80.23016856091168,2020-07-18,Aqua
69.44899130924229,2020-07-19,Aqua
80.31876742652102,2020-07-20,Aqua
75.32314509817884,2020-07-21,Aqua
62.0366905125984,2020-07-22,Aqua
92.71591068918605,2020-07-23,Aqua
101.64642356573788,2020-07-24,Aqua
116.69286498512972,2020-07-25,Aqua
74.95070578025035,2020-07-26,Aqua
83.33456625809092,2020-07-30,Aqua
109.59767914956008,2020-07-31,Aqua
128.02314479267184,2020-08-01,Aqua
95.19756674049002,2020-08-02,Aqua
142.71120094353364,2020-08-03,Aqua
92.0440443361301,2020-08-04,Aqua
118.50366866923115,2020-08-07,Aqua
119.14683013738933,2020-08-08,Aqua
89.33241174706889,2020-08-09,Aqua
104.95037992127554,2020-08-10,Aqua
81.99347865482994,2020-08-11,Aqua
108.18960074888714,2020-08-12,Aqua
113.39556917505486,2020-08-13,Aqua
82.83103514059556,2020-08-14,Aqua
66.36427150890182,2020-08-15,Aqua
78.37376411619414,2020-08-19,Aqua
80.44811132397076,2020-08-20,Aqua
34.673685045253166,2020-08-22,Aqua
34.673685045253166,2020-08-23,Aqua
34.673685045253166,2020-08-26,Aqua
34.673685045253166,2020-08-27,Aqua
34.673685045253166,2020-08-28,Aqua
77.85591877094903,2020-08-30,Aqua
83.76842862848223,2020-08-31,Aqua
126.52930797430864,2020-09-02,Aqua
79.53369343474111,2020-09-03,Aqua
408.76263383308753,2020-09-04,Aqua
34.673685045253166,2020-09-05,Aqua
34.673685045253166,2020-09-06,Aqua
85.32444813143353,2020-09-07,Aqua
60.87854079569209,2020-09-08,Aqua
81.77774624133964,2020-09-09,Aqua
56.80110849408762,2020-09-10,Aqua
34.673685045253166,2020-09-12,Aqua
34.673685045253166,2020-09-14,Aqua
34.673685045253166,2020-09-15,Aqua
34.673685045253166,2020-09-16,Aqua
62.49631913743414,2020-09-17,Aqua
74.22250641622968,2020-09-19,Aqua
86.6411115219405,2020-09-20,Aqua
34.673685045253166,2020-09-21,Aqua
87.0258962183618,2020-09-27,Aqua
83.99699699322622,2020-09-28,Aqua
93.39419703501031,2020-09-29,Aqua
34.673685045253166,2020-09-30,Aqua
109.88368306329542,2020-10-01,Aqua
34.673685045253166,2020-10-02,Aqua
107.90929105670018,2020-10-03,Aqua
34.673685045253166,2020-10-04,Aqua
60.94993166270155,2020-10-05,Aqua
34.673685045253166,2020-10-06,Aqua
34.673685045253166,2020-10-07,Aqua
34.673685045253166,2020-10-09,Aqua
61.90223223906941,2020-10-11,Aqua
54.548947845617754,2020-10-14,Aqua
54.8300460886201,2020-10-15,Aqua
81.15776835740157,2020-10-16,Aqua
96.79135250027961,2020-10-18,Aqua
81.72409355224484,2020-10-20,Aqua
48.91874909074745,2020-10-21,Aqua
45.57791229427175,2020-10-22,Aqua
56.41778400422217,2020-10-23,Aqua
55.26708866599317,2020-10-24,Aqua
37.65333156474296,2020-10-25,Aqua
58.56242941026136,2020-10-26,Aqua
55.689622969205196,2020-10-27,Aqua
59.13562749429095,2020-10-28,Aqua
54.402088221348954,2020-10-29,Aqua
53.58384207387078,2020-10-30,Aqua
56.88699775267476,2020-10-31,Aqua
64.34634934813208,2020-11-01,Aqua
50.29675913854138,2020-11-02,Aqua
59.29265912473947,2020-11-03,Aqua
51.97307346267666,2020-11-04,Aqua
52.367186273129846,2020-11-05,Aqua
44.39912700025907,2020-11-06,Aqua
33.63383209771423,2020-11-07,Aqua
62.27726825242898,2020-11-10,Aqua
33.92410519640991,2020-11-11,Aqua
27.670444686199907,2020-11-19,Aqua
26.469719238590326,2020-11-20,Aqua
28.404874219233516,2020-11-21,Aqua
29.477995077399733,2020-11-24,Aqua
29.779906754936896,2020-11-26,Aqua
36.67309834611766,2020-11-27,Aqua
31.486121921492483,2020-11-29,Aqua
33.43127494564908,2020-12-01,Aqua
36.33729607602473,2020-12-02,Aqua
43.68107964426363,2020-12-03,Aqua
42.046662782939165,2020-12-04,Aqua
34.79530936202,2020-12-05,Aqua
32.665706592062755,2020-12-06,Aqua
36.353093471189915,2020-12-07,Aqua
31.55883284689028,2020-12-08,Aqua
35.832308235660946,2020-12-10,Aqua
43.89746474198184,2020-12-12,Aqua
36.93347321416006,2020-12-14,Aqua
38.23577433348517,2020-12-19,Aqua
36.722318708361016,2020-12-21,Aqua
28.93547272290529,2020-12-23,Aqua
85.17218703173491,2020-12-26,Aqua
29.693973123259497,2020-12-28,Aqua
35.599733800713175,2021-01-07,Aqua
42.1036424817273,2021-01-08,Aqua
35.99830883064341,2021-01-13,Aqua
29.5068634960172,2021-01-14,Aqua
30.77911121862132,2021-01-18,Aqua
39.69084897935559,2021-01-19,Aqua
34.28422447702335,2021-01-23,Aqua
32.84917161034077,2021-02-03,Aqua
31.268077005720937,2021-02-05,Aqua
26.57352585802233,2021-02-06,Aqua
27.835748160836495,2021-02-07,Aqua
31.58409115081301,2021-02-10,Aqua
37.994129537176924,2021-02-22,Aqua
30.080266460551364,2021-02-23,Aqua
28.578925104318504,2021-02-24,Aqua
40.080091531630664,2021-02-25,Aqua
32.92395112028981,2021-02-27,Aqua
30.22171899843915,2021-02-28,Aqua
34.58415023378599,2021-03-01,Aqua
32.779381054427816,2021-03-02,Aqua
34.23165475545831,2021-03-03,Aqua
33.67943284380996,2021-03-04,Aqua
24.618654976550445,2021-03-05,Aqua
28.572973847933525,2021-03-06,Aqua
33.36512418586112,2021-03-12,Aqua
33.671338371508405,2021-03-13,Aqua
33.79850773597485,2021-03-16,Aqua
37.134593082654,2021-03-21,Aqua
32.57472325840889,2021-03-23,Aqua
38.117571462207735,2021-03-26,Aqua
38.748664171381805,2021-03-27,Aqua
36.78690512169791,2021-03-28,Aqua
37.9872851304253,2021-03-29,Aqua
36.78690512169791,2021-03-30,Aqua
40.91059974283121,2021-03-31,Aqua
39.524552933309366,2021-04-01,Aqua
43.608654139436375,2021-04-04,Aqua
38.16245356362125,2021-04-05,Aqua
39.99779142400322,2021-04-06,Aqua
41.32562054640533,2021-04-07,Aqua
34.983949148283074,2021-04-08,Aqua
43.716611621900654,2021-04-09,Aqua
35.663209695092974,2021-04-10,Aqua
37.766639586937394,2021-04-11,Aqua
40.65329287502524,2021-04-12,Aqua
38.54528963337574,2021-04-14,Aqua
40.8273292406315,2021-04-15,Aqua
41.00689820623933,2021-04-16,Aqua
39.640307548873864,2021-04-17,Aqua
46.79414872711831,2021-04-18,Aqua
45.17139521605065,2021-04-20,Aqua
40.02913997149324,2021-04-21,Aqua
41.117252439432676,2021-04-22,Aqua
41.18037280992344,2021-04-23,Aqua
47.028692472469324,2021-04-27,Aqua
46.536582271760565,2021-04-28,Aqua
47.613477463330064,2021-05-01,Aqua
50.66954706072416,2021-05-02,Aqua
46.672058878227894,2021-05-03,Aqua
47.875476521861685,2021-05-04,Aqua
48.21384501058284,2021-05-06,Aqua
42.45834836907034,2021-05-07,Aqua
49.92280061236867,2021-05-09,Aqua
49.106816796642455,2021-05-10,Aqua
49.299065779547874,2021-05-11,Aqua
49.14400305909743,2021-05-12,Aqua
50.82209853068859,2021-05-13,Aqua
49.969226843211736,2021-05-16,Aqua
47.56974281591522,2021-05-17,Aqua
47.21688804061198,2021-05-18,Aqua
43.15656162045233,2021-05-19,Aqua
44.71938267512376,2021-05-23,Aqua
47.676213949204886,2021-05-24,Aqua
46.4662790814871,2021-05-25,Aqua
50.19339908816721,2021-05-26,Aqua
49.12185448138468,2021-05-29,Aqua
41.030216885305286,2021-05-30,Aqua
51.245140964078814,2021-06-01,Aqua
51.84975778083504,2021-06-02,Aqua
70.90251649203427,2021-06-03,Aqua
50.48641073975528,2021-06-04,Aqua
47.7291671500844,2021-06-05,Aqua
51.414017802725056,2021-06-10,Aqua
90.15315322999908,2021-06-12,Aqua
41.88300479099192,2021-06-15,Aqua
65.88775212061735,2021-06-16,Aqua
66.15214272727276,2021-06-17,Aqua
68.30961715068655,2021-06-18,Aqua
74.69138733808279,2021-06-19,Aqua
79.70936710839689,2021-06-20,Aqua
84.64774618313918,2021-06-22,Aqua
86.40202330810502,2021-06-24,Aqua
116.59143938907206,2021-06-25,Aqua
109.0655762947033,2021-06-26,Aqua
79.11149048733286,2021-06-27,Aqua
118.30097740617634,2021-06-28,Aqua
97.16513068348584,2021-06-30,Aqua
34.673685045253166,2021-07-01,Aqua
34.673685045253166,2021-07-02,Aqua
34.673685045253166,2021-07-03,Aqua
93.60784908582238,2021-07-04,Aqua
34.673685045253166,2021-07-05,Aqua
95.46838745944378,2021-07-06,Aqua
81.56693168897358,2021-07-07,Aqua
85.94550063243335,2021-07-08,Aqua
71.89282242190203,2021-07-09,Aqua
196.91815075761716,2021-07-10,Aqua
34.673685045253166,2021-07-11,Aqua
34.673685045253166,2021-07-12,Aqua
34.673685045253166,2021-07-13,Aqua
34.673685045253166,2021-07-14,Aqua
83.01305657809034,2021-07-15,Aqua
82.47408314916797,2021-07-16,Aqua
90.98705948567084,2021-07-17,Aqua
80.06648156765178,2021-07-18,Aqua
76.56964943618583,2021-07-20,Aqua
97.27318727658087,2021-07-21,Aqua
66.79359953389782,2021-07-22,Aqua
98.904150133728,2021-07-23,Aqua
34.673685045253166,2021-07-24,Aqua
105.36109699596167,2021-07-28,Aqua
34.673685045253166,2021-08-03,Aqua
34.673685045253166,2021-08-04,Aqua
58.272474563427174,2021-08-06,Aqua
87.96758179573818,2021-08-07,Aqua
34.673685045253166,2021-08-08,Aqua
34.673685045253166,2021-08-09,Aqua
208.7778127182905,2021-08-10,Aqua
34.673685045253166,2021-08-11,Aqua
34.673685045253166,2021-08-12,Aqua
34.673685045253166,2021-08-13,Aqua
34.673685045253166,2021-08-16,Aqua
34.673685045253166,2021-08-17,Aqua
34.673685045253166,2021-08-19,Aqua
34.673685045253166,2021-08-20,Aqua
34.673685045253166,2021-08-21,Aqua
34.673685045253166,2021-08-22,Aqua
34.673685045253166,2021-08-23,Aqua
158.79351320372504,2021-08-24,Aqua
34.673685045253166,2021-08-25,Aqua
69.64328610877453,2021-08-26,Aqua
107.96295135896125,2021-08-27,Aqua
70.86294844990013,2021-08-28,Aqua
34.673685045253166,2021-08-29,Aqua
34.673685045253166,2021-08-30,Aqua
69.80693069552146,2021-09-01,Aqua
87.5849756848867,2021-09-02,Aqua
76.03996133358811,2021-09-03,Aqua
34.673685045253166,2021-09-04,Aqua
34.673685045253166,2021-09-05,Aqua
128.16301732686583,2021-09-07,Aqua
34.673685045253166,2021-09-10,Aqua
34.673685045253166,2021-09-11,Aqua
34.673685045253166,2021-09-12,Aqua
72.34672761560347,2021-09-13,Aqua
71.96915069851325,2021-09-14,Aqua
71.35143205630774,2021-09-15,Aqua
166.46522655061338,2021-09-16,Aqua
60.291981852196024,2021-09-17,Aqua
237.99470684274004,2021-09-19,Aqua
81.06759226158883,2021-09-20,Aqua
67.3016166930931,2021-09-21,Aqua
99.84015287943231,2021-09-24,Aqua
58.50909971072832,2021-09-25,Aqua
67.39751056255189,2021-09-26,Aqua
79.82483723379113,2021-09-29,Aqua
109.62257667325564,2021-09-30,Aqua
76.9448423415984,2021-10-01,Aqua
67.06162507329005,2021-10-02,Aqua
83.75789978238616,2021-10-03,Aqua
72.57791506931784,2021-10-06,Aqua
86.36158254871442,2021-10-09,Aqua
62.992354136062346,2021-10-10,Aqua
63.45011534315616,2021-10-12,Aqua
63.05551147262566,2021-10-13,Aqua
105.20902524593056,2021-10-14,Aqua
87.49396452837829,2021-10-15,Aqua
100.14875287345478,2021-10-16,Aqua
195.1059471900129,2021-10-18,Aqua
42.789273651748985,2021-11-09,Aqua
30.560667385957203,2021-11-11,Aqua
35.7977651277441,2021-11-16,Aqua
32.09952253852646,2021-11-20,Aqua
34.239256175707126,2021-11-21,Aqua
29.174510367311708,2021-11-22,Aqua
37.06437462468179,2021-11-23,Aqua
38.423780834000624,2021-11-24,Aqua
40.964297050079544,2021-11-25,Aqua
35.64325268938785,2021-11-30,Aqua
33.2099578319861,2021-12-01,Aqua
49.72986606496485,2021-12-02,Aqua
38.46331858095976,2021-12-03,Aqua
40.34521014230031,2021-12-05,Aqua
45.85818898870198,2021-12-14,Aqua
44.24953959346942,2021-12-16,Aqua
33.51368065436727,2021-12-18,Aqua
54.20942459659677,2021-12-22,Aqua
44.099729025876535,2022-01-07,Aqua
36.93347321416006,2022-01-10,Aqua
37.57306806746453,2022-01-11,Aqua
42.21599735279034,2022-02-03,Aqua
62.85026930073477,2022-02-05,Aqua
43.73074836150213,2022-02-06,Aqua
51.91698253136034,2022-02-08,Aqua
56.74562432169918,2022-02-10,Aqua
61.91049581872838,2022-02-11,Aqua
57.36926682758891,2022-02-12,Aqua
55.52206199928485,2022-02-13,Aqua
69.24999419449534,2022-02-14,Aqua
44.582754287624844,2022-02-15,Aqua
57.580487302128326,2022-02-16,Aqua
50.17643886554958,2022-02-17,Aqua
52.27428992036078,2022-02-18,Aqua
54.76283963006021,2022-02-19,Aqua
64.50059990457804,2022-02-20,Aqua
51.508679579576935,2022-02-22,Aqua
45.42619324625655,2022-02-23,Aqua
42.76798009368841,2022-02-24,Aqua
46.463574348469905,2022-02-25,Aqua
94.02499446372185,2022-03-01,Aqua
38.84479739592383,2022-03-05,Aqua
45.736481082763255,2022-03-06,Aqua
45.14010097644434,2022-03-07,Aqua
50.28272890924532,2022-03-08,Aqua
45.275299161760074,2022-03-09,Aqua
41.780337198234925,2022-03-10,Aqua
48.030886015716966,2022-03-14,Aqua
49.551730829346894,2022-03-16,Aqua
42.91098845323626,2022-03-21,Aqua
51.766278315838676,2022-03-22,Aqua
48.31199893877201,2022-03-24,Aqua
47.76783963016576,2022-03-29,Aqua
41.56646412038954,2022-04-22,Aqua
39.89449718780691,2022-04-23,Aqua
44.04863589950805,2022-04-24,Aqua
44.83707465282416,2022-04-26,Aqua
45.33780966209396,2022-04-27,Aqua
42.01205195712299,2022-04-29,Aqua
43.71538442004736,2022-05-01,Aqua
36.790284747225954,2022-05-02,Aqua
43.97302357154941,2022-05-03,Aqua
41.87606389539769,2022-05-04,Aqua
46.80486465959398,2022-05-06,Aqua
48.75190353570973,2022-05-16,Aqua
46.50804823561617,2022-05-17,Aqua
49.60019737990024,2022-05-20,Aqua
54.2084371896664,2022-05-21,Aqua
49.55035962811273,2022-05-23,Aqua
45.72086661354872,2022-05-24,Aqua
48.20914254896754,2022-05-31,Aqua
45.81274089468592,2022-06-12,Aqua
52.2104049066821,2022-06-18,Aqua
50.66954706072416,2022-06-19,Aqua
48.34441893449109,2022-06-21,Aqua
59.729102009488265,2022-06-22,Aqua
63.27114050964117,2022-06-23,Aqua
62.817189407443074,2022-06-24,Aqua
60.42716181050097,2022-06-25,Aqua
63.50734888323124,2022-06-26,Aqua
68.81069490883488,2022-06-27,Aqua
47.381617578874355,2022-06-28,Aqua
73.21072224330302,2022-06-29,Aqua
73.02574548777962,2022-07-01,Aqua
69.44498727248582,2022-07-06,Aqua
44.43122446638789,2022-07-07,Aqua
82.08300363668295,2022-07-08,Aqua
84.42047747405887,2022-07-10,Aqua
86.7324757542,2022-07-11,Aqua
79.93844448544856,2022-07-14,Aqua
98.09389033254295,2022-07-15,Aqua
117.69262510663056,2022-07-17,Aqua
107.05336245161982,2022-07-18,Aqua
96.67673031219333,2022-07-19,Aqua
116.28476042354589,2022-07-20,Aqua
128.80636844337124,2022-07-21,Aqua
121.87259191175934,2022-07-22,Aqua
133.1949071402642,2022-07-23,Aqua
107.52818444015116,2022-07-24,Aqua
54.163123183202785,2022-07-25,Aqua
72.78658510135786,2022-07-26,Aqua
99.37003224065488,2022-07-28,Aqua
77.60102437316426,2022-07-29,Aqua
189.04080183186667,2022-07-30,Aqua
103.90859765993743,2022-08-03,Aqua
104.44165884985577,2022-08-04,Aqua
92.12544344763886,2022-08-06,Aqua
92.86161820802985,2022-08-08,Aqua
79.46560809423869,2022-08-10,Aqua
125.48545144599917,2022-08-11,Aqua
114.1379994416418,2022-08-12,Aqua
107.30306013016056,2022-08-13,Aqua
95.97977457159142,2022-08-14,Aqua
97.79164442934578,2022-08-15,Aqua
110.17468305683263,2022-08-16,Aqua
756.6115235133626,2022-08-17,Aqua
94.1809916009196,2022-08-19,Aqua
112.2317602935821,2022-08-20,Aqua
95.6466468123709,2022-08-22,Aqua
95.55352349926765,2022-08-23,Aqua
98.11603151184666,2022-08-24,Aqua
78.35543069361226,2022-08-25,Aqua
163.16835220084303,2022-08-26,Aqua
80.09320891350092,2022-08-28,Aqua
82.63097445306632,2022-08-29,Aqua
80.0225268207497,2022-08-31,Aqua
84.6912438530375,2022-09-01,Aqua
67.34419488864725,2022-09-02,Aqua
74.06275895838547,2022-09-03,Aqua
108.69441952865026,2022-09-05,Aqua
57.59404193688879,2022-09-08,Aqua
74.60808838330874,2022-09-09,Aqua
34.673685045253166,2022-09-10,Aqua
68.19313555106923,2022-09-12,Aqua
149.26239472745115,2022-09-13,Aqua
121.83724934882588,2022-09-15,Aqua
114.03972716438781,2022-09-16,Aqua
34.673685045253166,2022-09-19,Aqua
58.41178541968924,2022-09-21,Aqua
116.04105301115547,2022-09-22,Aqua
90.8747905114936,2022-09-23,Aqua
70.13226348614869,2022-09-24,Aqua
115.69572084852132,2022-09-25,Aqua
109.66221201104446,2022-09-26,Aqua
117.83960552280406,2022-09-29,Aqua
89.206905142238,2022-09-30,Aqua
91.90812851945383,2022-10-01,Aqua
69.63269904141374,2022-10-02,Aqua
100.59052185606704,2022-10-03,Aqua
77.59665229369512,2022-10-04,Aqua
91.33982704175642,2022-10-05,Aqua
104.41925509000477,2022-10-06,Aqua
73.99134424861742,2022-10-07,Aqua
74.43466342467575,2022-10-08,Aqua
182.1253346881211,2022-10-09,Aqua
70.3187944617558,2022-10-10,Aqua
83.23824692774595,2022-10-11,Aqua
78.37700694617422,2022-10-12,Aqua
100.18749381493971,2022-10-13,Aqua
82.50214184156914,2022-10-14,Aqua
80.84808943176256,2022-10-15,Aqua
86.79719383675653,2022-10-16,Aqua
78.92009307823477,2022-10-17,Aqua
122.20949734875398,2022-10-18,Aqua
99.64337433794825,2022-10-19,Aqua
88.86493580276829,2022-10-20,Aqua
61.1725787264351,2022-10-23,Aqua
83.98403870582005,2022-10-25,Aqua
104.08909588402004,2022-10-27,Aqua
68.19130336847687,2022-10-28,Aqua
73.23527003746622,2022-10-29,Aqua
73.90654764314709,2022-10-31,Aqua
54.11653360863501,2022-11-03,Aqua
33.326003936055876,2022-11-06,Aqua
39.38783116484334,2022-11-09,Aqua
39.445963611498335,2022-11-13,Aqua
43.534249700113826,2022-11-14,Aqua
41.04546730833971,2022-11-15,Aqua
47.30976564169916,2022-11-16,Aqua
37.06437462468177,2022-11-18,Aqua
38.831892870239464,2022-11-19,Aqua
42.40712788031087,2022-11-21,Aqua
37.95601178181783,2022-11-23,Aqua
34.22943381676118,2022-11-24,Aqua
31.71469871436383,2022-11-26,Aqua
52.75418869238849,2022-11-27,Aqua
56.30865251053082,2022-12-07,Aqua
39.42660828370108,2022-12-13,Aqua
49.73344911333753,2022-12-15,Aqua
48.927415196873824,2022-12-16,Aqua
41.57107631945007,2022-12-20,Aqua
46.90939269013773,2023-01-09,Aqua
41.544549162729155,2023-01-17,Aqua
46.088067839840235,2023-01-19,Aqua
46.261300843200296,2023-01-20,Aqua
46.370612587252836,2023-01-22,Aqua
35.01411216873859,2023-01-23,Aqua
44.603055680217864,2023-01-24,Aqua
45.35542917662777,2023-01-25,Aqua
54.897872954606605,2023-01-27,Aqua
42.59972541557416,2023-01-28,Aqua
34.51870883844699,2023-01-29,Aqua
33.918157732544515,2023-01-30,Aqua
43.022425858489555,2023-02-06,Aqua
34.291174523136746,2023-02-07,Aqua
40.67255232130837,2023-02-09,Aqua
39.181887809780385,2023-02-11,Aqua
49.174373048359904,2023-02-12,Aqua
45.92020963085969,2023-02-14,Aqua
47.16065673994184,2023-02-15,Aqua
45.27460789453511,2023-02-17,Aqua
46.600142134645225,2023-02-19,Aqua
36.70042142536488,2023-02-25,Aqua
43.0431529558488,2023-03-11,Aqua
50.2137583637085,2023-03-15,Aqua
44.92852724151308,2023-03-16,Aqua
50.45934863022905,2023-03-17,Aqua
59.507089365085804,2023-03-22,Aqua
47.95262230304041,2023-03-26,Aqua
43.02832069524778,2023-04-03,Aqua
52.94248499143724,2023-04-11,Aqua
52.73616702586451,2023-04-12,Aqua
53.09069720611352,2023-04-13,Aqua
53.82745871043378,2023-04-14,Aqua
53.00541053337637,2023-04-22,Aqua
54.125252326700284,2023-04-25,Aqua
45.89525464816491,2023-04-26,Aqua
50.856269485025926,2023-04-27,Aqua
52.94508124814512,2023-04-28,Aqua
58.84607248364385,2023-04-29,Aqua
54.13048727926,2023-05-03,Aqua
56.41778400422217,2023-05-09,Aqua
46.75845879687066,2023-05-10,Aqua
52.16734686944915,2023-05-11,Aqua
56.475775765860085,2023-05-12,Aqua
50.582128157778016,2023-05-13,Aqua
38.74881344528307,2023-05-14,Aqua
58.47010677243277,2023-05-16,Aqua
58.85780396097828,2023-05-17,Aqua
53.63951307139126,2023-05-18,Aqua
80.14139550860925,2023-05-19,Aqua
56.54521402637214,2023-05-20,Aqua
52.99888246607151,2023-05-21,Aqua
76.48530016652974,2023-05-24,Aqua
52.41197527634103,2023-05-25,Aqua
101.2425644962187,2023-05-26,Aqua
57.33975186936728,2023-05-29,Aqua
58.47106483083056,2023-05-30,Aqua
53.675556855721915,2023-05-31,Aqua
87.80384953451069,2023-06-02,Aqua
53.29279389788223,2023-06-03,Aqua
54.64454921406077,2023-06-04,Aqua
55.297752019775366,2023-06-07,Aqua
67.66667411626611,2023-06-10,Aqua
51.989119438557886,2023-06-11,Aqua
37.76663958693738,2023-06-12,Aqua
61.917320278536025,2023-06-16,Aqua
57.70224755381528,2023-06-18,Aqua
947.6908074765653,2023-06-19,Aqua
68.08607443249319,2023-06-20,Aqua
57.1052277317473,2023-06-21,Aqua
49.29906577954785,2023-06-26,Aqua
174.0631189802966,2023-06-28,Aqua
59.18970271246179,2023-06-29,Aqua
59.07687720277349,2023-06-30,Aqua
60.49732354200092,2023-07-01,Aqua
65.97162470571122,2023-07-02,Aqua
49.140995291511544,2023-07-03,Aqua
69.43669349874334,2023-07-04,Aqua
151.4496259396459,2023-07-05,Aqua
69.24431621333979,2023-07-06,Aqua
50.82828323321716,2023-07-08,Aqua
86.31269890619235,2023-07-09,Aqua
88.39699944201703,2023-07-10,Aqua
101.11175349827475,2023-07-11,Aqua
100.69110349759409,2023-07-12,Aqua
97.67471104816696,2023-07-13,Aqua
112.30331431960613,2023-07-14,Aqua
102.71938659083412,2023-07-15,Aqua
75.92457960641865,2023-07-16,Aqua
126.34059911133379,2023-07-17,Aqua
107.77918041611008,2023-07-18,Aqua
109.17008350684878,2023-07-19,Aqua
98.51526866223637,2023-07-20,Aqua
98.56952747471709,2023-07-21,Aqua
133.54962474554551,2023-07-22,Aqua
93.93056910314947,2023-07-24,Aqua
131.66671464752955,2023-07-25,Aqua
86.9039056945793,2023-07-26,Aqua
119.29217259488355,2023-07-27,Aqua
123.95750079227622,2023-07-28,Aqua
121.92611868480061,2023-07-29,Aqua
117.07601920877765,2023-07-30,Aqua
121.9607588126244,2023-07-31,Aqua
98.32306584826907,2023-08-01,Aqua
239.00930921766894,2023-08-02,Aqua
104.59078278062402,2023-08-05,Aqua
95.96111194102781,2023-08-06,Aqua
90.90367467279182,2023-08-08,Aqua
87.95595794649114,2023-08-09,Aqua
93.24660687620586,2023-08-10,Aqua
84.82686804906866,2023-08-11,Aqua
66.73593404479459,2023-08-12,Aqua
83.43527983386937,2023-08-13,Aqua
79.50720479700631,2023-08-14,Aqua
79.98101045395566,2023-08-15,Aqua
34.673685045253166,2023-08-19,Aqua
1818.0861263672923,2023-08-23,Aqua
78.60597928398796,2023-08-24,Aqua
93.53500703844959,2023-08-26,Aqua
93.73482331491594,2023-08-27,Aqua
131.78289021538512,2023-08-28,Aqua
70.24953573301212,2023-08-29,Aqua
102.72551647596366,2023-08-30,Aqua
157.2326482244321,2023-09-03,Aqua
87.49072974428246,2023-09-04,Aqua
95.89598603332554,2023-09-05,Aqua
67.40417190391712,2023-09-06,Aqua
47.37244846851794,2023-09-07,Aqua
78.30845087469447,2023-09-09,Aqua
73.35778617558319,2023-09-10,Aqua
83.72498787548265,2023-09-12,Aqua
74.92711608524107,2023-09-13,Aqua
83.87794228434785,2023-09-14,Aqua
80.21776495541737,2023-09-15,Aqua
122.2994849749915,2023-09-16,Aqua
68.46800259059576,2023-09-17,Aqua
79.73672689274689,2023-09-19,Aqua
68.81967964968705,2023-09-20,Aqua
55.18529235638732,2023-09-21,Aqua
70.16130505747996,2023-09-22,Aqua
67.3058330580022,2023-09-27,Aqua
64.20672507383698,2023-09-28,Aqua
66.09634168116484,2023-10-01,Aqua
61.57809768175358,2023-10-04,Aqua
64.6323580598287,2023-10-05,Aqua
68.12257182968307,2023-10-06,Aqua
62.912117265873455,2023-10-07,Aqua
64.18887248564299,2023-10-08,Aqua
62.51276033791542,2023-10-12,Aqua
65.62392853459167,2023-10-17,Aqua
66.25771042297644,2023-10-18,Aqua
72.46314158610834,2023-10-19,Aqua
57.81585841241313,2023-10-20,Aqua
59.405446492902286,2023-10-23,Aqua
59.232680065819004,2023-10-26,Aqua
39.51295220095188,2023-10-27,Aqua
57.44023787752742,2023-10-28,Aqua
54.18650106863989,2023-10-29,Aqua
62.097235922907,2023-10-30,Aqua
60.36340042260022,2023-10-31,Aqua
59.85037880014457,2023-11-08,Aqua
56.06301447160417,2023-11-11,Aqua
62.35847973267596,2023-11-17,Aqua
57.07690761393731,2023-11-20,Aqua
62.36099212264803,2023-11-21,Aqua
43.988650580121785,2023-11-23,Aqua
54.16312318320276,2023-11-24,Aqua
58.465711952461255,2023-11-25,Aqua
57.7425564392727,2023-11-26,Aqua
58.07208386290458,2023-11-27,Aqua
56.87939334640415,2023-11-28,Aqua
62.565535988325536,2023-12-08,Aqua
50.96928567747495,2023-12-12,Aqua
61.08868142614646,2023-12-16,Aqua
59.16644734336774,2024-01-05,Aqua
59.89499907005076,2024-01-06,Aqua
57.670431283067735,2024-01-29,Aqua
41.01233015481858,2024-02-03,Aqua
48.12600097337673,2024-02-11,Aqua
49.2017668952194,2024-02-13,Aqua
56.849749785277815,2024-02-22,Aqua
55.772187263205346,2024-02-23,Aqua
59.87515679756078,2024-02-24,Aqua
50.76025228367281,2024-03-06,Aqua
53.39257376393372,2024-03-07,Aqua
52.73541240502307,2024-03-08,Aqua
52.69319985361993,2024-03-12,Aqua
49.072158199087546,2024-03-13,Aqua
53.660286043760756,2024-03-14,Aqua
49.08150669087887,2024-03-15,Aqua
53.754878195001815,2024-03-16,Aqua
50.69685222251398,2024-03-18,Aqua
56.28705166731453,2024-03-19,Aqua
54.41100904817604,2024-03-24,Aqua
48.751059530448764,2024-03-26,Aqua
44.81625714363687,2024-03-31,Aqua
46.06129397004127,2024-04-01,Aqua
49.003969496709935,2024-04-04,Aqua
45.89899900213941,2024-04-05,Aqua
52.913927984924655,2024-04-08,Aqua
49.264007408660824,2024-04-09,Aqua
59.30415733734169,2024-04-10,Aqua
58.533407261307296,2024-04-11,Aqua
60.929846566400656,2024-04-15,Aqua
56.06780409927059,2024-04-17,Aqua
59.99838048764671,2024-04-18,Aqua
61.247531012345306,2024-04-19,Aqua
58.86309324962322,2024-04-30,Aqua
57.61560252628687,2024-05-02,Aqua
50.27053183099867,2024-05-07,Aqua
54.10555147986146,2024-05-08,Aqua
59.29056695013189,2024-05-09,Aqua
59.04382067510682,2024-05-10,Aqua
60.45476487210436,2024-05-11,Aqua
59.624372676694094,2024-05-12,Aqua
62.17846092880751,2024-05-13,Aqua
53.32890693454898,2024-05-14,Aqua
52.891229420443835,2024-05-15,Aqua
51.50303127908843,2024-05-17,Aqua
52.67337094321296,2024-05-19,Aqua
52.18815859573037,2024-05-20,Aqua
46.60471262548709,2024-05-21,Aqua
44.691563845835404,2024-05-22,Aqua
50.998130059878044,2024-05-23,Aqua
53.92784219555547,2024-05-26,Aqua
50.233753845476215,2024-05-27,Aqua
43.91053840262762,2024-05-29,Aqua
50.84368670421162,2024-05-31,Aqua
60.49096341683606,2024-06-05,Aqua
61.52202369459932,2024-06-06,Aqua
58.19178778159053,2024-06-07,Aqua
55.78592561526384,2024-06-08,Aqua
37.340552479344474,2024-06-09,Aqua
67.22674414505506,2024-06-10,Aqua
67.4573209470381,2024-06-11,Aqua
69.08044720576486,2024-06-12,Aqua
71.08696472255494,2024-06-13,Aqua
70.77756654642472,2024-06-17,Aqua
72.72638301150893,2024-06-18,Aqua
64.10577267338535,2024-06-19,Aqua
68.95130360004524,2024-06-21,Aqua
72.96771374401322,2024-06-22,Aqua
74.93544151080695,2024-06-23,Aqua
67.48380137021873,2024-06-24,Aqua
448.4584879622013,2024-06-26,Aqua
58.074618677646185,2024-06-27,Aqua
66.57931376405506,2024-06-28,Aqua
56.26863011557546,2024-07-01,Aqua
70.44622680994321,2024-07-02,Aqua
71.79626244268051,2024-07-04,Aqua
80.56471163619703,2024-07-05,Aqua
75.27252586068138,2024-07-06,Aqua
74.99980765053782,2024-07-07,Aqua
94.70289664048587,2024-07-09,Aqua
133.3244704569854,2024-07-10,Aqua
70.3554613683293,2024-07-11,Aqua
175.6198753040051,2024-07-12,Aqua
92.29322789048419,2024-07-15,Aqua
81.53531551816623,2024-07-16,Aqua
106.57784842798628,2024-07-17,Aqua
89.62450107828509,2024-07-18,Aqua
92.2435247805391,2024-07-19,Aqua
75.78688786063758,2024-07-21,Aqua
183.03750886468526,2024-07-22,Aqua
80.28182009794642,2024-07-23,Aqua
57.49086489473405,2024-07-25,Aqua
74.82841964372224,2024-07-26,Aqua
149.22467054269217,2024-07-27,Aqua
83.7249878754827,2024-07-28,Aqua
316.6867715245798,2024-07-29,Aqua
70.88827672238891,2024-07-30,Aqua
72.9534715369938,2024-07-31,Aqua
121.92611868480061,2024-08-01,Aqua
64.65431712094505,2024-08-04,Aqua
79.65306593485349,2024-08-05,Aqua
69.68912800898954,2024-08-06,Aqua
5021.2692869159055,2024-08-09,Aqua
76.93051424247486,2024-08-10,Aqua
122.34569972560946,2024-08-11,Aqua
89.27969988765538,2024-08-12,Aqua
97.33779643769056,2024-08-13,Aqua
268.8340478819185,2024-08-15,Aqua
68.54013725783055,2024-08-16,Aqua
61.85205759438112,2024-08-18,Aqua
73.29637623751418,2024-08-21,Aqua
78.95838576058382,2024-08-24,Aqua
93.10536821459911,2024-08-25,Aqua
97.63856292471567,2024-08-26,Aqua
83.45092915565981,2024-08-27,Aqua
53.038030427688355,2024-08-28,Aqua
73.13308436367309,2024-08-29,Aqua
80.85297147894747,2024-08-30,Aqua
84.47734030558769,2024-08-31,Aqua
73.35156480849689,2024-09-01,Aqua
64.14562025359828,2024-09-02,Aqua
79.58534559440047,2024-09-03,Aqua
103.13096588427067,2024-09-04,Aqua
62.85729339685679,2024-09-08,Aqua
87.03565850409383,2024-09-12,Aqua
60.37090716662483,2024-09-13,Aqua
60.33317565744977,2024-09-14,Aqua
77.04760356801528,2024-09-18,Aqua
66.73487786398157,2024-09-19,Aqua
84.27822914865817,2024-09-20,Aqua
69.4484139271847,2024-09-21,Aqua
68.5261099555072,2024-09-22,Aqua
74.54283678713607,2024-09-23,Aqua
72.91851744924753,2024-09-26,Aqua
70.4787504109153,2024-09-27,Aqua
70.76649162128254,2024-09-28,Aqua
69.65710478555653,2024-09-29,Aqua
64.05254298161394,2024-09-30,Aqua
68.39106581642665,2024-10-01,Aqua
68.92330968372538,2024-10-02,Aqua
70.66204240188037,2024-10-03,Aqua
64.18803641350932,2024-10-04,Aqua
77.81907518379997,2024-10-07,Aqua
78.3554306936123,2024-10-08,Aqua
70.92541586363981,2024-10-13,Aqua
71.59766936230574,2024-10-14,Aqua
66.44754851242654,2024-10-17,Aqua
86.2984119940695,2024-10-18,Aqua
94.1809916009196,2024-10-19,Aqua
84.14945281535857,2024-10-21,Aqua
92.01304294442876,2024-10-24,Aqua
89.40132699905824,2024-10-26,Aqua
56.22040682755627,2024-10-28,Aqua
89.77691605136536,2024-10-29,Aqua
65.60766331839139,2024-11-03,Aqua
92.3453445427917,2024-11-06,Aqua
86.77898542175565,2024-11-07,Aqua
72.87599405084856,2024-11-15,Aqua
50.51404091621308,2024-11-18,Aqua
60.057356043811374,2024-11-26,Aqua
62.65377201189674,2024-12-02,Aqua
62.07835356197849,2024-12-03,Aqua
53.000009711776734,2024-12-04,Aqua
42.95917597205245,2024-12-05,Aqua
67.9048692838131,2024-12-08,Aqua
53.79764836731122,2024-12-09,Aqua
49.989851263962365,2024-12-18,Aqua
83.58558974819428,2025-01-09,Aqua
31.362848998358434,2025-01-11,Aqua
68.56616472620296,2025-01-12,Aqua
59.86928099980932,2025-01-14,Aqua
61.22377340518546,2025-01-15,Aqua
50.961887376988535,2025-01-16,Aqua
74.42085305124628,2025-01-18,Aqua
55.532255419686834,2025-01-19,Aqua
60.100166913446024,2025-01-20,Aqua
56.09987449610755,2025-01-21,Aqua
79.8316425396986,2025-01-22,Aqua
65.3110357650058,2025-01-24,Aqua
66.08159452024519,2025-01-25,Aqua
59.68315621114758,2025-01-26,Aqua
43.54708557870387,2025-01-28,Aqua
54.24647745608198,2025-01-29,Aqua
48.81450044005731,2025-01-30,Aqua
39.10827297440783,2025-02-05,Aqua
83.59102659413226,2025-02-25,Aqua
88.90017919906035,2025-02-26,Aqua
76.43692506842245,2025-02-27,Aqua
86.96895853863468,2025-02-28,Aqua
71.95344770020486,2025-03-01,Aqua
87.0507877052047,2025-03-03,Aqua
68.99089312067169,2025-03-06,Aqua
68.46023995971665,2025-03-07,Aqua
66.55015223517778,2025-03-08,Aqua
48.66888588544282,2025-03-17,Aqua
82.35300360159624,2025-03-24,Aqua
57.83186501766534,2025-03-29,Aqua
59.58193273667245,2025-04-02,Aqua
56.164288227708276,2025-04-03,Aqua
54.16312318320276,2025-04-04,Aqua
53.520802991518416,2025-04-10,Aqua
43.94443344080744,2025-04-11,Aqua
54.786601246828184,2025-04-12,Aqua
53.986170640176624,2025-04-13,Aqua
48.82633769765364,2025-04-14,Aqua
37.30437447237921,2025-04-15,Aqua
37.13649666883283,2025-04-16,Aqua
55.353130450605754,2025-04-17,Aqua
42.37316958913249,2025-04-18,Aqua
48.80195883723875,2025-04-19,Aqua
48.64260489936721,2025-04-20,Aqua
46.00938016069642,2025-04-21,Aqua
45.343720548384155,2025-04-23,Aqua
50.47319093587594,2025-04-27,Aqua
44.402879415333224,2025-04-30,Aqua
45.35968892583916,2025-05-01,Aqua
46.43838963530736,2025-05-04,Aqua
33.89012100059666,2025-05-06,Aqua
43.922364635920644,2025-05-08,Aqua
51.104623508421824,2025-05-10,Aqua
51.92706838206534,2025-05-12,Aqua
43.023110546409406,2025-05-14,Aqua
34.673685045253166,2025-05-17,Aqua
44.822307550999255,2025-05-18,Aqua
59.861235548292235,2025-05-20,Aqua
58.71740109933051,2025-05-22,Aqua
140.09060196051556,2025-05-23,Aqua
40.039220969439405,2025-05-26,Aqua
59.11591503880077,2025-05-27,Aqua
41.43656432287848,2025-05-28,Aqua
60.182937380830055,2025-05-30,Aqua
51.97307346267666,2025-06-01,Aqua
71.5842532090838,2025-06-02,Aqua
35.13521211703728,2025-06-03,Aqua
60.160490791550465,2025-06-04,Aqua
49.26386342930096,2025-06-05,Aqua
54.35820897951342,2025-06-06,Aqua
60.983818759681775,2025-06-07,Aqua
54.21445834051097,2025-06-11,Aqua
17.9996952253975,2025-06-13,Aqua
57.34326988042747,2025-06-14,Aqua
56.289795515114285,2025-06-16,Aqua
75.02431118942123,2025-06-17,Aqua
34.673685045253166,2025-06-18,Aqua
77.383813203351,2025-06-19,Aqua
82.47792915123723,2025-06-22,Aqua
53.25129695171994,2025-06-23,Aqua
110.21086242288118,2025-06-24,Aqua
70.22448051630104,2025-06-26,Aqua
135.76957365952057,2025-06-28,Aqua
129.65890144118936,2025-06-29,Aqua
6877.762083021991,2025-06-30,Aqua
126.34059911133379,2025-07-02,Aqua
107.31809850218569,2025-07-03,Aqua
89.06556562949851,2025-07-05,Aqua
108.32096736890968,2025-07-07,Aqua
124.28040865162994,2025-07-09,Aqua
125.14204801119739,2025-07-10,Aqua
106.84167260565005,2025-07-12,Aqua
81.05884396952669,2025-07-14,Aqua
85.09927006199005,2025-07-15,Aqua
153.58864569311234,2025-07-19,Aqua
109.82009384294007,2025-07-22,Aqua
450.83679692740753,2025-07-23,Aqua
106.15578920270592,2025-07-24,Aqua
120.58980973915209,2025-07-25,Aqua
127.57287232103144,2025-07-26,Aqua
92.05779293580423,2025-07-28,Aqua
137.84763373130494,2025-07-29,Aqua
83.72044245062824,2025-08-01,Aqua
58.921426681962245,2025-08-04,Aqua
