composite_day,date,datetime,log_nir_red,ndci,nir_red_ratio,sensor,time
0,2011-01-01,2011-01-01 00:00:00,0.0007811522255340824,0.0008993344924755356,1.0018002880460872,Aqua_250m_8day,00:00:00
8,2011-01-09,2011-01-09 00:00:00,-0.013447438569979665,-0.015480698956879932,0.9695105993195499,Aqua_250m_8day,00:00:00
16,2011-01-17,2011-01-17 00:00:00,-0.8525539223938488,-0.753731343283582,0.14042553191489363,Aqua_250m_8day,00:00:00
24,2011-01-25,2011-01-25 00:00:00,-0.6445089262534653,-0.6303630363036303,0.22672064777327935,Aqua_250m_8day,00:00:00
32,2011-02-02,2011-02-02 00:00:00,-0.32361126541882484,-0.3562386980108499,0.4746666666666667,Aqua_250m_8day,00:00:00
40,2011-02-10,2011-02-10 00:00:00,-0.48539378068565225,-0.5071090047393365,0.32704402515723274,Aqua_250m_8day,00:00:00
48,2011-02-18,2011-02-18 00:00:00,-0.47561850414795764,-0.49870129870129876,0.3344887348353553,Aqua_250m_8day,00:00:00
56,2011-02-26,2011-02-26 00:00:00,-0.24562742392048623,-0.2754844144903117,0.5680317040951123,Aqua_250m_8day,00:00:00
64,2011-03-06,2011-03-06 00:00:00,-0.4710104777760637,-0.49470499243570354,0.3380566801619433,Aqua_250m_8day,00:00:00
72,2011-03-14,2011-03-14 00:00:00,-0.5472731842254871,-0.55810147299509,0.28361344537815125,Aqua_250m_8day,00:00:00
80,2011-03-22,2011-03-22 00:00:00,-0.312497182816738,-0.34501642935377874,0.486970684039088,Aqua_250m_8day,00:00:00
88,2011-03-30,2011-03-30 00:00:00,-0.7172863415602265,-0.6782178217821783,0.19174041297935104,Aqua_250m_8day,00:00:00
96,2011-04-07,2011-04-07 00:00:00,-0.3282137248698776,-0.36085626911314983,0.4696629213483146,Aqua_250m_8day,00:00:00
104,2011-04-15,2011-04-15 00:00:00,-0.4833167161609041,-0.5053304904051173,0.32861189801699714,Aqua_250m_8day,00:00:00
112,2011-04-23,2011-04-23 00:00:00,-0.6740626527484638,-0.6504297994269341,0.21180555555555555,Aqua_250m_8day,00:00:00
120,2011-05-01,2011-05-01 00:00:00,-0.20944881616099176,-0.23656927426955707,0.6173780487804877,Aqua_250m_8day,00:00:00
128,2011-05-09,2011-05-09 00:00:00,-0.5576408515395495,-0.5662650602409638,0.27692307692307694,Aqua_250m_8day,00:00:00
136,2011-05-17,2011-05-17 00:00:00,-1.8731267636145004,-0.9735682819383259,0.013392857142857144,Aqua_250m_8day,00:00:00
144,2011-05-25,2011-05-25 00:00:00,-0.06477010252012634,-0.07443142660234324,0.8614496472097498,Aqua_250m_8day,00:00:00
152,2011-06-02,2011-06-02 00:00:00,-0.774771509732263,-0.7123745819397992,0.16796875,Aqua_250m_8day,00:00:00
160,2011-06-10,2011-06-10 00:00:00,-0.7072425303020087,-0.6719242902208201,0.19622641509433963,Aqua_250m_8day,00:00:00
168,2011-06-18,2011-06-18 00:00:00,-0.7007037171450193,-0.6677740863787375,0.199203187250996,Aqua_250m_8day,00:00:00
176,2011-06-26,2011-06-26 00:00:00,-0.4514158544847606,-0.47747747747747754,0.35365853658536583,Aqua_250m_8day,00:00:00
184,2011-07-04,2011-07-04 00:00:00,-0.4924380128037682,-0.5131086142322098,0.3217821782178218,Aqua_250m_8day,00:00:00
192,2011-07-12,2011-07-12 00:00:00,-0.08788751797055461,-0.10084033613445374,0.816793893129771,Aqua_250m_8day,00:00:00
200,2011-07-20,2011-07-20 00:00:00,-0.08848646748672287,-0.1015228426395939,0.815668202764977,Aqua_250m_8day,00:00:00
208,2011-07-28,2011-07-28 00:00:00,-0.32711556397822256,-0.3597560975609756,0.47085201793721976,Aqua_250m_8day,00:00:00
216,2011-08-05,2011-08-05 00:00:00,-0.36653154442041347,-0.3986013986013986,0.43,Aqua_250m_8day,00:00:00
224,2011-08-13,2011-08-13 00:00:00,-0.24412514432750856,-0.2738853503184714,0.5700000000000001,Aqua_250m_8day,00:00:00
232,2011-08-21,2011-08-21 00:00:00,-0.21842909035821909,-0.2463054187192118,0.6047430830039526,Aqua_250m_8day,00:00:00
240,2011-08-29,2011-08-29 00:00:00,-0.4101744650890492,-0.44,0.3888888888888889,Aqua_250m_8day,00:00:00
248,2011-09-06,2011-09-06 00:00:00,-0.18142009256074823,-0.2058823529411765,0.6585365853658536,Aqua_250m_8day,00:00:00
256,2011-09-14,2011-09-14 00:00:00,-0.2616593037647067,-0.29245283018867924,0.5474452554744526,Aqua_250m_8day,00:00:00
264,2011-09-22,2011-09-22 00:00:00,-0.47712125471966244,-0.5,0.3333333333333333,Aqua_250m_8day,00:00:00
272,2011-09-30,2011-09-30 00:00:00,-0.024141573181434912,-0.027786858450474034,0.9459287531806615,Aqua_250m_8day,00:00:00
280,2011-10-08,2011-10-08 00:00:00,-0.4698220159781629,-0.4936708860759493,0.33898305084745767,Aqua_250m_8day,00:00:00
288,2011-10-16,2011-10-16 00:00:00,-0.6681896697449965,-0.6465116279069767,0.21468926553672316,Aqua_250m_8day,00:00:00
296,2011-10-24,2011-10-24 00:00:00,-0.6695412973114685,-0.6474164133738601,0.2140221402214022,Aqua_250m_8day,00:00:00
304,2011-11-01,2011-11-01 00:00:00,-0.5932145841000583,-0.5934426229508196,0.2551440329218107,Aqua_250m_8day,00:00:00
312,2011-11-09,2011-11-09 00:00:00,-0.36965944715119514,-0.4016260162601626,0.42691415313225056,Aqua_250m_8day,00:00:00
320,2011-11-17,2011-11-17 00:00:00,-0.24373459170954875,-0.273469387755102,0.5705128205128206,Aqua_250m_8day,00:00:00
328,2011-11-25,2011-11-25 00:00:00,-0.6965837649156567,-0.6651376146788991,0.20110192837465565,Aqua_250m_8day,00:00:00
336,2011-12-03,2011-12-03 00:00:00,-0.6163004304425727,-0.6103896103896104,0.24193548387096775,Aqua_250m_8day,00:00:00
344,2011-12-11,2011-12-11 00:00:00,-0.43072556495243847,-0.45887961859356385,0.3709150326797386,Aqua_250m_8day,00:00:00
352,2011-12-19,2011-12-19 00:00:00,-0.38857480519640814,-0.41972920696324956,0.4087193460490463,Aqua_250m_8day,00:00:00
360,2011-12-27,2011-12-27 00:00:00,-0.9251401277350177,-0.7876106194690266,0.11881188118811882,Aqua_250m_8day,00:00:00
0,2012-01-01,2012-01-01 00:00:00,-0.9251401277350177,-0.7876106194690266,0.11881188118811882,Aqua_250m_8day,00:00:00
8,2012-01-09,2012-01-09 00:00:00,-0.4463263148762669,-0.4729411764705882,0.35782747603833864,Aqua_250m_8day,00:00:00
16,2012-01-17,2012-01-17 00:00:00,-0.010339450188521468,-0.01190316972047615,0.9764736981231826,Aqua_250m_8day,00:00:00
24,2012-01-25,2012-01-25 00:00:00,-0.6278450420870496,-0.6186612576064909,0.23558897243107768,Aqua_250m_8day,00:00:00
32,2012-02-02,2012-02-02 00:00:00,-0.8450980400142568,-0.75,0.14285714285714285,Aqua_250m_8day,00:00:00
40,2012-02-10,2012-02-10 00:00:00,-0.846771623903823,-0.7508417508417508,0.1423076923076923,Aqua_250m_8day,00:00:00
48,2012-02-18,2012-02-18 00:00:00,-0.6967930850817443,-0.6652719665271967,0.20100502512562812,Aqua_250m_8day,00:00:00
56,2012-02-26,2012-02-26 00:00:00,-0.41511984636380883,-0.4445797807551766,0.3844856661045531,Aqua_250m_8day,00:00:00
64,2012-03-05,2012-03-05 00:00:00,-0.6891094377220685,-0.660311958405546,0.20459290187891438,Aqua_250m_8day,00:00:00
72,2012-03-13,2012-03-13 00:00:00,-0.4282393299498383,-0.45661700262927263,0.3730445246690734,Aqua_250m_8day,00:00:00
80,2012-03-21,2012-03-21 00:00:00,-0.5070844780971057,-0.5254237288135593,0.3111111111111111,Aqua_250m_8day,00:00:00
88,2012-03-29,2012-03-29 00:00:00,-0.4455970954024359,-0.472289156626506,0.35842880523731585,Aqua_250m_8day,00:00:00
96,2012-04-06,2012-04-06 00:00:00,-0.09470331360934608,-0.10860121633362296,0.8040752351097178,Aqua_250m_8day,00:00:00
104,2012-04-14,2012-04-14 00:00:00,-0.6395223828577551,-0.6268907563025211,0.2293388429752066,Aqua_250m_8day,00:00:00
112,2012-04-22,2012-04-22 00:00:00,-0.3392726020541245,-0.3718791064388962,0.4578544061302682,Aqua_250m_8day,00:00:00
120,2012-04-30,2012-04-30 00:00:00,-0.4423591484604505,-0.4693877551020408,0.3611111111111111,Aqua_250m_8day,00:00:00
128,2012-05-08,2012-05-08 00:00:00,-0.40515836567721925,-0.4353312302839117,0.3934065934065934,Aqua_250m_8day,00:00:00
136,2012-05-16,2012-05-16 00:00:00,-0.4221557623721635,-0.4510556621880998,0.3783068783068783,Aqua_250m_8day,00:00:00
144,2012-05-24,2012-05-24 00:00:00,-0.7655621230756231,-0.7071129707112971,0.1715686274509804,Aqua_250m_8day,00:00:00
152,2012-06-01,2012-06-01 00:00:00,-0.6663242864394706,-0.6452599388379205,0.21561338289962828,Aqua_250m_8day,00:00:00
160,2012-06-09,2012-06-09 00:00:00,-0.7420046365612206,-0.6932907348242813,0.1811320754716981,Aqua_250m_8day,00:00:00
168,2012-06-17,2012-06-17 00:00:00,-0.7800032552452371,-0.7153284671532846,0.16595744680851066,Aqua_250m_8day,00:00:00
176,2012-06-25,2012-06-25 00:00:00,-0.5470124249970569,-0.5578947368421052,0.28378378378378377,Aqua_250m_8day,00:00:00
184,2012-07-03,2012-07-03 00:00:00,-0.18274214679904333,-0.20733944954128436,0.6565349544072949,Aqua_250m_8day,00:00:00
192,2012-07-11,2012-07-11 00:00:00,0.04325604160134744,0.04975922953451041,1.1047297297297296,Aqua_250m_8day,00:00:00
200,2012-07-19,2012-07-19 00:00:00,0.07037996546900721,0.08085106382978727,1.175925925925926,Aqua_250m_8day,00:00:00
208,2012-07-27,2012-07-27 00:00:00,-0.33206422940395,-0.3647058823529412,0.46551724137931033,Aqua_250m_8day,00:00:00
216,2012-08-04,2012-08-04 00:00:00,-0.09792274836453636,-0.11226252158894644,0.7981366459627329,Aqua_250m_8day,00:00:00
224,2012-08-12,2012-08-12 00:00:00,-0.38168592727761175,-0.41317365269461076,0.4152542372881356,Aqua_250m_8day,00:00:00
232,2012-08-20,2012-08-20 00:00:00,-0.22800905832117482,-0.25663716814159293,0.5915492957746479,Aqua_250m_8day,00:00:00
240,2012-08-28,2012-08-28 00:00:00,-0.15391828010448977,-0.1753731343283582,0.7015873015873016,Aqua_250m_8day,00:00:00
248,2012-09-05,2012-09-05 00:00:00,-0.3722714505207941,-0.4041450777202073,0.4243542435424354,Aqua_250m_8day,00:00:00
256,2012-09-13,2012-09-13 00:00:00,-0.5531266585938377,-0.5627240143369175,0.27981651376146793,Aqua_250m_8day,00:00:00
264,2012-09-21,2012-09-21 00:00:00,-0.3357921019231931,-0.368421052631579,0.46153846153846156,Aqua_250m_8day,00:00:00
272,2012-09-29,2012-09-29 00:00:00,-0.5509074688805812,-0.5609756097560976,0.28124999999999994,Aqua_250m_8day,00:00:00
280,2012-10-07,2012-10-07 00:00:00,-0.4013110047577442,-0.43173431734317347,0.39690721649484534,Aqua_250m_8day,00:00:00
288,2012-10-15,2012-10-15 00:00:00,-0.7798313085016654,-0.7152317880794701,0.166023166023166,Aqua_250m_8day,00:00:00
296,2012-10-23,2012-10-23 00:00:00,-0.6921781190189296,-0.6622998544395924,0.2031523642732049,Aqua_250m_8day,00:00:00
304,2012-10-31,2012-10-31 00:00:00,-0.8754185603940853,-0.764876632801161,0.1332236842105263,Aqua_250m_8day,00:00:00
312,2012-11-08,2012-11-08 00:00:00,-0.5627790080698792,-0.5702702702702702,0.2736660929432014,Aqua_250m_8day,00:00:00
320,2012-11-16,2012-11-16 00:00:00,-0.19006903718100343,-0.21539792387543255,0.6455516014234876,Aqua_250m_8day,00:00:00
328,2012-11-24,2012-11-24 00:00:00,-0.542012208644311,-0.5539170506912442,0.2870699881376038,Aqua_250m_8day,00:00:00
336,2012-12-02,2012-12-02 00:00:00,-0.5582420826571878,-0.5667351129363449,0.2765399737876802,Aqua_250m_8day,00:00:00
344,2012-12-10,2012-12-10 00:00:00,-0.5841625990569661,-0.5866495507060334,0.2605177993527508,Aqua_250m_8day,00:00:00
352,2012-12-18,2012-12-18 00:00:00,-0.08481561213890303,-0.09733840304182513,0.8225918225918225,Aqua_250m_8day,00:00:00
360,2012-12-26,2012-12-26 00:00:00,-0.004396827115415981,-0.0050619910498129386,0.9899270072992701,Aqua_250m_8day,00:00:00
0,2013-01-01,2013-01-01 00:00:00,-0.045863585766478775,-0.05275338642706412,0.8997801629380578,Aqua_250m_8day,00:00:00
8,2013-01-09,2013-01-09 00:00:00,-0.02938326017541086,-0.033815829996920274,0.934580552907531,Aqua_250m_8day,00:00:00
16,2013-01-17,2013-01-17 00:00:00,-0.0818302268074069,-0.0939327904576213,0.8282658838330886,Aqua_250m_8day,00:00:00
24,2013-01-25,2013-01-25 00:00:00,-0.14100208108008352,-0.16092354101403877,0.7227663401958824,Aqua_250m_8day,00:00:00
32,2013-02-02,2013-02-02 00:00:00,-0.15629369247853353,-0.17802254098360656,0.6977603826918896,Aqua_250m_8day,00:00:00
40,2013-02-10,2013-02-10 00:00:00,-0.1472386169434817,-0.16790948830033434,0.7124614707177455,Aqua_250m_8day,00:00:00
48,2013-02-18,2013-02-18 00:00:00,-0.03082538810867645,-0.03547414792487831,0.9314823107926555,Aqua_250m_8day,00:00:00
56,2013-02-26,2013-02-26 00:00:00,-0.23945126394522595,-0.26890069472823863,0.5761674718196458,Aqua_250m_8day,00:00:00
64,2013-03-06,2013-03-06 00:00:00,-0.47036692757023146,-0.4941451990632319,0.3385579937304075,Aqua_250m_8day,00:00:00
72,2013-03-14,2013-03-14 00:00:00,-0.6862491728626514,-0.6584507042253521,0.20594479830148618,Aqua_250m_8day,00:00:00
80,2013-03-22,2013-03-22 00:00:00,-0.423762320336463,-0.45252774352651043,0.3769100169779287,Aqua_250m_8day,00:00:00
88,2013-03-30,2013-03-30 00:00:00,-0.4684350755345697,-0.4924623115577889,0.34006734006734013,Aqua_250m_8day,00:00:00
96,2013-04-07,2013-04-07 00:00:00,-0.4932868724872159,-0.5138282387190684,0.3211538461538461,Aqua_250m_8day,00:00:00
104,2013-04-15,2013-04-15 00:00:00,-0.43077727591063536,-0.45892661555312164,0.37087087087087084,Aqua_250m_8day,00:00:00
112,2013-04-23,2013-04-23 00:00:00,-0.4619439523982126,-0.4867807153965786,0.34518828451882844,Aqua_250m_8day,00:00:00
120,2013-05-01,2013-05-01 00:00:00,-0.6326259829935662,-0.6220472440944883,0.23300970873786409,Aqua_250m_8day,00:00:00
128,2013-05-09,2013-05-09 00:00:00,-0.5938655127126907,-0.5939278937381404,0.2547619047619048,Aqua_250m_8day,00:00:00
136,2013-05-17,2013-05-17 00:00:00,-0.6627578316815741,-0.6428571428571429,0.21739130434782608,Aqua_250m_8day,00:00:00
144,2013-05-25,2013-05-25 00:00:00,-0.31730869622917995,-0.34988713318284426,0.4816053511705686,Aqua_250m_8day,00:00:00
152,2013-06-02,2013-06-02 00:00:00,-0.5371191843949479,-0.5499999999999999,0.29032258064516125,Aqua_250m_8day,00:00:00
160,2013-06-10,2013-06-10 00:00:00,0.05889203949034938,0.06769825918762094,1.145228215767635,Aqua_250m_8day,00:00:00
168,2013-06-18,2013-06-18 00:00:00,0.09851553972347488,0.11293634496919919,1.2546296296296298,Aqua_250m_8day,00:00:00
176,2013-06-26,2013-06-26 00:00:00,0.6981498067704155,0.6661417322834646,4.990566037735849,Aqua_250m_8day,00:00:00
184,2013-07-04,2013-07-04 00:00:00,-0.10815451120771905,-0.12387791741472172,0.7795527156549521,Aqua_250m_8day,00:00:00
192,2013-07-12,2013-07-12 00:00:00,-0.06198337009906313,-0.07124010554089712,0.8669950738916256,Aqua_250m_8day,00:00:00
200,2013-07-20,2013-07-20 00:00:00,0.10120088965351402,0.11598746081504697,1.2624113475177303,Aqua_250m_8day,00:00:00
208,2013-07-28,2013-07-28 00:00:00,-0.06546707957256541,-0.07522935779816518,0.8600682593856654,Aqua_250m_8day,00:00:00
216,2013-08-05,2013-08-05 00:00:00,-0.398612812031854,-0.42920353982300885,0.3993808049535603,Aqua_250m_8day,00:00:00
224,2013-08-13,2013-08-13 00:00:00,-0.3650123063308554,-0.3971291866028708,0.4315068493150685,Aqua_250m_8day,00:00:00
232,2013-08-21,2013-08-21 00:00:00,-0.773995290612486,-0.7119341563786009,0.16826923076923075,Aqua_250m_8day,00:00:00
240,2013-08-29,2013-08-29 00:00:00,-0.6717677214835575,-0.6489028213166145,0.21292775665399238,Aqua_250m_8day,00:00:00
248,2013-09-06,2013-09-06 00:00:00,-0.721246399047171,-0.680672268907563,0.19,Aqua_250m_8day,00:00:00
256,2013-09-14,2013-09-14 00:00:00,-0.6428962452993675,-0.6292428198433421,0.22756410256410256,Aqua_250m_8day,00:00:00
264,2013-09-22,2013-09-22 00:00:00,-0.638013578394593,-0.6258351893095768,0.23013698630136986,Aqua_250m_8day,00:00:00
272,2013-09-30,2013-09-30 00:00:00,-0.6041836849578179,-0.6015625,0.24878048780487805,Aqua_250m_8day,00:00:00
280,2013-10-08,2013-10-08 00:00:00,-0.7567531056824132,-0.7020057306590258,0.1750841750841751,Aqua_250m_8day,00:00:00
288,2013-10-16,2013-10-16 00:00:00,-0.7571540745116644,-0.7022397891963108,0.17492260061919504,Aqua_250m_8day,00:00:00
296,2013-10-24,2013-10-24 00:00:00,-0.6646872759089258,-0.6441586280814576,0.21642764015645372,Aqua_250m_8day,00:00:00
304,2013-11-01,2013-11-01 00:00:00,-0.7460563622119634,-0.6957055214723926,0.17945007235890015,Aqua_250m_8day,00:00:00
312,2013-11-09,2013-11-09 00:00:00,-0.7321874931451879,-0.687374749498998,0.1852731591448931,Aqua_250m_8day,00:00:00
320,2013-11-17,2013-11-17 00:00:00,-0.567393618449917,-0.5738444193912063,0.2707736389684814,Aqua_250m_8day,00:00:00
328,2013-11-25,2013-11-25 00:00:00,-0.8094194159805496,-0.7314685314685314,0.15508885298869143,Aqua_250m_8day,00:00:00
336,2013-12-03,2013-12-03 00:00:00,-0.2494839122636104,-0.27958236658932717,0.5630099728014506,Aqua_250m_8day,00:00:00
344,2013-12-11,2013-12-11 00:00:00,-0.00172234156939558,-0.0019829164124466497,0.9960420155274775,Aqua_250m_8day,00:00:00
352,2013-12-19,2013-12-19 00:00:00,-0.13616331215573,-0.15549215406562056,0.7308641975308642,Aqua_250m_8day,00:00:00
360,2013-12-27,2013-12-27 00:00:00,-0.14559944675138067,-0.16607495069033534,0.7151556156968877,Aqua_250m_8day,00:00:00
0,2014-01-01,2014-01-01 00:00:00,-0.16181480729691883,-0.18417047184170465,0.6889460154241647,Aqua_250m_8day,00:00:00
8,2014-01-09,2014-01-09 00:00:00,-0.004124517830438522,-0.004748490945673967,0.9905479013136816,Aqua_250m_8day,00:00:00
16,2014-01-17,2014-01-17 00:00:00,-0.035530769259699425,-0.04088350854837001,0.9214446031422158,Aqua_250m_8day,00:00:00
24,2014-01-25,2014-01-25 00:00:00,-0.23692727174269562,-0.26620285609666783,0.5795257374204743,Aqua_250m_8day,00:00:00
32,2014-02-02,2014-02-02 00:00:00,-0.30874282765225114,-0.341202922990444,0.49119865884325237,Aqua_250m_8day,00:00:00
40,2014-02-10,2014-02-10 00:00:00,-0.7897331229334588,-0.7207547169811319,0.16228070175438597,Aqua_250m_8day,00:00:00
48,2014-02-18,2014-02-18 00:00:00,-0.6556927859758765,-0.6380597014925373,0.22095671981776766,Aqua_250m_8day,00:00:00
56,2014-02-26,2014-02-26 00:00:00,-0.016113953971243326,-0.018549747048903883,0.9635761589403974,Aqua_250m_8day,00:00:00
64,2014-03-06,2014-03-06 00:00:00,-0.7599414160258596,-0.7038626609442059,0.17380352644836275,Aqua_250m_8day,00:00:00
72,2014-03-14,2014-03-14 00:00:00,-0.8327182617013257,-0.7436974789915966,0.14698795180722893,Aqua_250m_8day,00:00:00
80,2014-03-22,2014-03-22 00:00:00,-0.751944562044059,-0.6991869918699186,0.1770334928229665,Aqua_250m_8day,00:00:00
88,2014-03-30,2014-03-30 00:00:00,-0.5647805682247797,-0.5718232044198895,0.27240773286467485,Aqua_250m_8day,00:00:00
96,2014-04-07,2014-04-07 00:00:00,-0.6720978579357174,-0.6491228070175439,0.2127659574468085,Aqua_250m_8day,00:00:00
104,2014-04-15,2014-04-15 00:00:00,-0.5742556513451635,-0.5791190864600326,0.26652892561983466,Aqua_250m_8day,00:00:00
112,2014-04-23,2014-04-23 00:00:00,-0.6910010746647435,-0.6615384615384616,0.20370370370370372,Aqua_250m_8day,00:00:00
120,2014-05-01,2014-05-01 00:00:00,-0.4898022864787514,-0.5108695652173914,0.3237410071942446,Aqua_250m_8day,00:00:00
128,2014-05-09,2014-05-09 00:00:00,-0.3641419305154425,-0.3962848297213622,0.43237250554323725,Aqua_250m_8day,00:00:00
136,2014-05-17,2014-05-17 00:00:00,-0.7278082239430479,-0.6847058823529412,0.18715083798882684,Aqua_250m_8day,00:00:00
144,2014-05-25,2014-05-25 00:00:00,-0.5349486650475678,-0.5482546201232033,0.2917771883289125,Aqua_250m_8day,00:00:00
152,2014-06-02,2014-06-02 00:00:00,-0.3524937287888884,-0.38492063492063494,0.44412607449856734,Aqua_250m_8day,00:00:00
160,2014-06-10,2014-06-10 00:00:00,-0.12023344159068035,-0.137546468401487,0.7581699346405228,Aqua_250m_8day,00:00:00
168,2014-06-18,2014-06-18 00:00:00,0.009848369443555832,0.011337868480725634,1.0229357798165137,Aqua_250m_8day,00:00:00
176,2014-06-26,2014-06-26 00:00:00,-0.006466042249231764,-0.007444168734491356,0.9852216748768472,Aqua_250m_8day,00:00:00
184,2014-07-04,2014-07-04 00:00:00,-0.13892238124203027,-0.158590308370044,0.726235741444867,Aqua_250m_8day,00:00:00
192,2014-07-12,2014-07-12 00:00:00,-0.07533790696586457,-0.08651911468812874,0.8407407407407408,Aqua_250m_8day,00:00:00
200,2014-07-20,2014-07-20 00:00:00,-0.5215403945080753,-0.5373665480427047,0.30092592592592593,Aqua_250m_8day,00:00:00
208,2014-07-28,2014-07-28 00:00:00,-0.20554623839395691,-0.23232323232323238,0.6229508196721311,Aqua_250m_8day,00:00:00
216,2014-08-05,2014-08-05 00:00:00,-0.0775607423692977,-0.08905852417302806,0.836448598130841,Aqua_250m_8day,00:00:00
224,2014-08-13,2014-08-13 00:00:00,-0.614343886470271,-0.6089743589743589,0.24302788844621515,Aqua_250m_8day,00:00:00
232,2014-08-21,2014-08-21 00:00:00,-0.6290115745754632,-0.6194895591647333,0.23495702005730662,Aqua_250m_8day,00:00:00
240,2014-08-29,2014-08-29 00:00:00,-0.5063820202295976,-0.5248380129589633,0.311614730878187,Aqua_250m_8day,00:00:00
248,2014-09-06,2014-09-06 00:00:00,-0.43735412784817473,-0.4648829431438127,0.36529680365296807,Aqua_250m_8day,00:00:00
256,2014-09-14,2014-09-14 00:00:00,-0.5320635630563776,-0.5459272097053726,0.2937219730941704,Aqua_250m_8day,00:00:00
264,2014-09-22,2014-09-22 00:00:00,0.0573076952497168,0.06588235294117649,1.141057934508816,Aqua_250m_8day,00:00:00
272,2014-09-30,2014-09-30 00:00:00,-0.29759681982558717,-0.3298153034300791,0.5039682539682541,Aqua_250m_8day,00:00:00
280,2014-10-08,2014-10-08 00:00:00,-0.7002270080555212,-0.6674698795180722,0.19942196531791911,Aqua_250m_8day,00:00:00
288,2014-10-16,2014-10-16 00:00:00,-0.6532125137753437,-0.6363636363636362,0.2222222222222222,Aqua_250m_8day,00:00:00
296,2014-10-24,2014-10-24 00:00:00,-0.06522680923633933,-0.07495429616087745,0.8605442176870749,Aqua_250m_8day,00:00:00
304,2014-11-01,2014-11-01 00:00:00,-0.5030017736996399,-0.5220125786163522,0.3140495867768595,Aqua_250m_8day,00:00:00
312,2014-11-09,2014-11-09 00:00:00,-0.7281052112912317,-0.6848874598070739,0.18702290076335878,Aqua_250m_8day,00:00:00
320,2014-11-17,2014-11-17 00:00:00,-0.4846743926101084,-0.5064935064935066,0.32758620689655166,Aqua_250m_8day,00:00:00
328,2014-11-25,2014-11-25 00:00:00,-0.7187783976895713,-0.6791443850267381,0.19108280254777069,Aqua_250m_8day,00:00:00
336,2014-12-03,2014-12-03 00:00:00,-0.050028862100224815,-0.057534246575342465,0.8911917098445596,Aqua_250m_8day,00:00:00
344,2014-12-11,2014-12-11 00:00:00,-0.640978057358332,-0.627906976744186,0.22857142857142856,Aqua_250m_8day,00:00:00
352,2014-12-19,2014-12-19 00:00:00,-0.6751203938424896,-0.6511318242343542,0.21129032258064517,Aqua_250m_8day,00:00:00
360,2014-12-27,2014-12-27 00:00:00,-0.26510328484342977,-0.29607451763140386,0.5431211498973306,Aqua_250m_8day,00:00:00
0,2015-01-01,2015-01-01 00:00:00,-0.3882333774450494,-0.4194053208137715,0.40904079382579933,Aqua_250m_8day,00:00:00
8,2015-01-09,2015-01-09 00:00:00,-0.34073077920740186,-0.37332482450542437,0.45631970260223054,Aqua_250m_8day,00:00:00
16,2015-01-17,2015-01-17 00:00:00,-0.6339073585799571,-0.6229508196721312,0.2323232323232323,Aqua_250m_8day,00:00:00
24,2015-01-25,2015-01-25 00:00:00,-0.6489018631808574,-0.6334012219959266,0.22443890274314215,Aqua_250m_8day,00:00:00
32,2015-02-02,2015-02-02 00:00:00,-0.056373822899110596,-0.06481178396072017,0.8782662158007992,Aqua_250m_8day,00:00:00
40,2015-02-10,2015-02-10 00:00:00,-0.6998930535291975,-0.6672566371681417,0.19957537154989383,Aqua_250m_8day,00:00:00
48,2015-02-18,2015-02-18 00:00:00,-0.6998291430571565,-0.6672158154859966,0.199604743083004,Aqua_250m_8day,00:00:00
56,2015-02-26,2015-02-26 00:00:00,-0.7321423805746832,-0.6873470059449118,0.1852927576440668,Aqua_250m_8day,00:00:00
64,2015-03-06,2015-03-06 00:00:00,-0.8603380065709937,-0.7575757575757577,0.13793103448275862,Aqua_250m_8day,00:00:00
72,2015-03-14,2015-03-14 00:00:00,-0.8000196652790686,-0.7263969171483622,0.15848214285714288,Aqua_250m_8day,00:00:00
80,2015-03-22,2015-03-22 00:00:00,-0.6785288440934741,-0.653386454183267,0.20963855421686747,Aqua_250m_8day,00:00:00
88,2015-03-30,2015-03-30 00:00:00,-0.6048501360452201,-0.6020514751966292,0.24839955242497613,Aqua_250m_8day,00:00:00
96,2015-04-07,2015-04-07 00:00:00,-0.40649982036869653,-0.43658210947930576,0.39219330855018586,Aqua_250m_8day,00:00:00
104,2015-04-15,2015-04-15 00:00:00,-0.7843115590884621,-0.717741935483871,0.1643192488262911,Aqua_250m_8day,00:00:00
112,2015-04-23,2015-04-23 00:00:00,-0.6615246236161186,-0.642023346303502,0.21800947867298578,Aqua_250m_8day,00:00:00
120,2015-05-01,2015-05-01 00:00:00,-0.41436918212067647,-0.44388609715242877,0.3851508120649652,Aqua_250m_8day,00:00:00
128,2015-05-09,2015-05-09 00:00:00,-0.3928003690196265,-0.423728813559322,0.40476190476190477,Aqua_250m_8day,00:00:00
136,2015-05-17,2015-05-17 00:00:00,-0.2776711501972229,-0.309218203033839,0.5276292335115864,Aqua_250m_8day,00:00:00
144,2015-05-25,2015-05-25 00:00:00,-0.6792259461402617,-0.6538461538461539,0.20930232558139536,Aqua_250m_8day,00:00:00
152,2015-06-02,2015-06-02 00:00:00,-0.4996870826184038,-0.5192307692307693,0.31645569620253167,Aqua_250m_8day,00:00:00
160,2015-06-10,2015-06-10 00:00:00,-0.5336026106721107,-0.5471698113207547,0.2926829268292683,Aqua_250m_8day,00:00:00
168,2015-06-18,2015-06-18 00:00:00,0.1304016323098021,0.14901256732495508,1.350210970464135,Aqua_250m_8day,00:00:00
176,2015-06-26,2015-06-26 00:00:00,-0.20764607359745305,-0.23460898502495842,0.6199460916442048,Aqua_250m_8day,00:00:00
184,2015-07-04,2015-07-04 00:00:00,-0.204947999078155,-0.2316715542521994,0.6238095238095238,Aqua_250m_8day,00:00:00
192,2015-07-12,2015-07-12 00:00:00,-0.17791987010208934,-0.20202020202020202,0.6638655462184874,Aqua_250m_8day,00:00:00
200,2015-07-20,2015-07-20 00:00:00,-0.13188759656362783,-0.1506849315068494,0.738095238095238,Aqua_250m_8day,00:00:00
208,2015-07-28,2015-07-28 00:00:00,-0.32375481011750507,-0.35638297872340424,0.47450980392156866,Aqua_250m_8day,00:00:00
216,2015-08-05,2015-08-05 00:00:00,-0.12391324739060967,-0.14170040485829966,0.75177304964539,Aqua_250m_8day,00:00:00
224,2015-08-13,2015-08-13 00:00:00,0.15575268402251954,0.17741935483870971,1.4313725490196079,Aqua_250m_8day,00:00:00
232,2015-08-21,2015-08-21 00:00:00,0.013958749802381397,0.016069221260815853,1.0326633165829147,Aqua_250m_8day,00:00:00
240,2015-08-29,2015-08-29 00:00:00,0.24457864796733378,0.2743682310469315,1.7562189054726371,Aqua_250m_8day,00:00:00
248,2015-09-06,2015-09-06 00:00:00,-0.2158357658338331,-0.24349881796690306,0.6083650190114068,Aqua_250m_8day,00:00:00
256,2015-09-14,2015-09-14 00:00:00,0.08422147068714829,0.09666080843585238,1.2140077821011674,Aqua_250m_8day,00:00:00
264,2015-09-22,2015-09-22 00:00:00,-0.5228787452803375,-0.5384615384615384,0.30000000000000004,Aqua_250m_8day,00:00:00
272,2015-09-30,2015-09-30 00:00:00,0.1837587000082169,0.20845921450151053,1.5267175572519083,Aqua_250m_8day,00:00:00
280,2015-10-08,2015-10-08 00:00:00,-0.3845760471140561,-0.415929203539823,0.41250000000000003,Aqua_250m_8day,00:00:00
288,2015-10-16,2015-10-16 00:00:00,-0.07269911851970451,-0.08350305498981668,0.8458646616541353,Aqua_250m_8day,00:00:00
296,2015-10-24,2015-10-24 00:00:00,-0.5537553117534074,-0.5632183908045977,0.2794117647058823,Aqua_250m_8day,00:00:00
304,2015-11-01,2015-11-01 00:00:00,-0.37199091146491503,-0.4038748137108793,0.4246284501061571,Aqua_250m_8day,00:00:00
312,2015-11-09,2015-11-09 00:00:00,-0.4193424584122192,-0.44847192608386643,0.380765456329735,Aqua_250m_8day,00:00:00
320,2015-11-17,2015-11-17 00:00:00,-0.619503881609171,-0.6126984126984127,0.24015748031496062,Aqua_250m_8day,00:00:00
328,2015-11-25,2015-11-25 00:00:00,-0.5708664711450184,-0.5765199161425576,0.26861702127659576,Aqua_250m_8day,00:00:00
336,2015-12-03,2015-12-03 00:00:00,-0.2940302261136143,-0.3261508325171401,0.5081240768094534,Aqua_250m_8day,00:00:00
344,2015-12-11,2015-12-11 00:00:00,-0.08293686729207336,-0.09519546404058485,0.8261580381471391,Aqua_250m_8day,00:00:00
352,2015-12-19,2015-12-19 00:00:00,-0.09170776332426706,-0.10519187358916479,0.809640522875817,Aqua_250m_8day,00:00:00
360,2015-12-27,2015-12-27 00:00:00,-0.0067938724060527264,-0.007821575156818708,0.9844782541877978,Aqua_250m_8day,00:00:00
0,2016-01-01,2016-01-01 00:00:00,-0.0786390932152886,-0.09029003783102144,0.8343742771223688,Aqua_250m_8day,00:00:00
8,2016-01-09,2016-01-09 00:00:00,0.011888181119162714,0.013685919740199526,1.0277516462841016,Aqua_250m_8day,00:00:00
16,2016-01-17,2016-01-17 00:00:00,-0.18423961218825816,-0.2089887640449438,0.654275092936803,Aqua_250m_8day,00:00:00
24,2016-01-25,2016-01-25 00:00:00,-0.7058334489145538,-0.671033478893741,0.19686411149825786,Aqua_250m_8day,00:00:00
32,2016-02-02,2016-02-02 00:00:00,-0.8368841879555283,-0.7458333333333332,0.14558472553699284,Aqua_250m_8day,00:00:00
40,2016-02-10,2016-02-10 00:00:00,-0.199397834315392,-0.22561576354679805,0.6318327974276527,Aqua_250m_8day,00:00:00
48,2016-02-18,2016-02-18 00:00:00,-0.6190933306267428,-0.6124031007751939,0.24038461538461536,Aqua_250m_8day,00:00:00
56,2016-02-26,2016-02-26 00:00:00,-0.024106880513853544,-0.027746947835737994,0.9460043196544278,Aqua_250m_8day,00:00:00
64,2016-03-05,2016-03-05 00:00:00,-0.7528453851188734,-0.6997167138810199,0.17666666666666667,Aqua_250m_8day,00:00:00
72,2016-03-13,2016-03-13 00:00:00,-0.7579478642953567,-0.7027027027027026,0.17460317460317462,Aqua_250m_8day,00:00:00
80,2016-03-21,2016-03-21 00:00:00,-0.4975527965693845,-0.5174337517433752,0.3180147058823529,Aqua_250m_8day,00:00:00
88,2016-03-29,2016-03-29 00:00:00,-0.4580283128106401,-0.4833333333333332,0.34831460674157305,Aqua_250m_8day,00:00:00
96,2016-04-06,2016-04-06 00:00:00,-0.6712985777381604,-0.6485900216919739,0.2131578947368421,Aqua_250m_8day,00:00:00
104,2016-04-14,2016-04-14 00:00:00,-0.6879746200345557,-0.6595744680851064,0.20512820512820512,Aqua_250m_8day,00:00:00
112,2016-04-22,2016-04-22 00:00:00,-0.37398787754650936,-0.40579710144927533,0.422680412371134,Aqua_250m_8day,00:00:00
120,2016-04-30,2016-04-30 00:00:00,-0.6989700043360187,-0.6666666666666666,0.2,Aqua_250m_8day,00:00:00
128,2016-05-08,2016-05-08 00:00:00,-0.7647872888256622,-0.7066666666666667,0.171875,Aqua_250m_8day,00:00:00
136,2016-05-16,2016-05-16 00:00:00,-0.5448421886317059,-0.5561711295783318,0.28520589730554147,Aqua_250m_8day,00:00:00
144,2016-05-24,2016-05-24 00:00:00,-0.6127838567197355,-0.6078431372549019,0.24390243902439024,Aqua_250m_8day,00:00:00
152,2016-06-01,2016-06-01 00:00:00,0.01716802513701388,0.019762845849802316,1.0403225806451613,Aqua_250m_8day,00:00:00
160,2016-06-09,2016-06-09 00:00:00,-0.4186246075318886,-0.44781144781144777,0.3813953488372093,Aqua_250m_8day,00:00:00
168,2016-06-17,2016-06-17 00:00:00,0.49228519598396825,0.5129789864029667,3.1065989847715736,Aqua_250m_8day,00:00:00
176,2016-06-25,2016-06-25 00:00:00,0.0112323799318483,0.012931034482758619,1.0262008733624455,Aqua_250m_8day,00:00:00
184,2016-07-03,2016-07-03 00:00:00,-0.11719315200849538,-0.1341107871720117,0.7634961439588689,Aqua_250m_8day,00:00:00
192,2016-07-11,2016-07-11 00:00:00,0.11718327191153767,0.1340996168582375,1.3097345132743363,Aqua_250m_8day,00:00:00
200,2016-07-19,2016-07-19 00:00:00,0.1987089461080938,0.22486288848263258,1.580188679245283,Aqua_250m_8day,00:00:00
208,2016-07-27,2016-07-27 00:00:00,-0.030302383474261153,-0.03487276154571161,0.9326047358834244,Aqua_250m_8day,00:00:00
216,2016-08-04,2016-08-04 00:00:00,-0.4325391220669219,-0.4605263157894736,0.36936936936936937,Aqua_250m_8day,00:00:00
224,2016-08-12,2016-08-12 00:00:00,-0.3857911190924426,-0.4170854271356785,0.41134751773049644,Aqua_250m_8day,00:00:00
232,2016-08-20,2016-08-20 00:00:00,-0.4093694704528194,-0.4392523364485981,0.38961038961038963,Aqua_250m_8day,00:00:00
240,2016-08-28,2016-08-28 00:00:00,-0.4231394422534169,-0.4519572953736655,0.37745098039215685,Aqua_250m_8day,00:00:00
248,2016-09-05,2016-09-05 00:00:00,-0.924007086440371,-0.7871148459383754,0.11912225705329152,Aqua_250m_8day,00:00:00
256,2016-09-13,2016-09-13 00:00:00,-0.6922366216770504,-0.6623376623376623,0.203125,Aqua_250m_8day,00:00:00
264,2016-09-21,2016-09-21 00:00:00,-0.8527848686805477,-0.7538461538461539,0.14035087719298248,Aqua_250m_8day,00:00:00
272,2016-09-29,2016-09-29 00:00:00,-0.5072066253294967,-0.5255255255255256,0.3110236220472441,Aqua_250m_8day,00:00:00
280,2016-10-07,2016-10-07 00:00:00,-0.7451844065452601,-0.695187165775401,0.1798107255520505,Aqua_250m_8day,00:00:00
288,2016-10-15,2016-10-15 00:00:00,-0.9204145710642878,-0.7855361596009975,0.12011173184357542,Aqua_250m_8day,00:00:00
296,2016-10-23,2016-10-23 00:00:00,-0.22754076401581477,-0.25613346418056915,0.5921875000000001,Aqua_250m_8day,00:00:00
304,2016-10-31,2016-10-31 00:00:00,-0.8704655117025509,-0.7625000000000002,0.1347517730496454,Aqua_250m_8day,00:00:00
312,2016-11-08,2016-11-08 00:00:00,-0.9129482925916688,-0.7822222222222222,0.1221945137157107,Aqua_250m_8day,00:00:00
320,2016-11-16,2016-11-16 00:00:00,-0.8400382412448546,-0.7474402730375428,0.14453125,Aqua_250m_8day,00:00:00
328,2016-11-24,2016-11-24 00:00:00,-0.6092385759550858,-0.6052631578947368,0.2459016393442623,Aqua_250m_8day,00:00:00
336,2016-12-02,2016-12-02 00:00:00,-0.5443512491088627,-0.5557809330628803,0.2855280312907431,Aqua_250m_8day,00:00:00
344,2016-12-10,2016-12-10 00:00:00,-0.3276958318370183,-0.36033755274261603,0.47022332506203474,Aqua_250m_8day,00:00:00
352,2016-12-18,2016-12-18 00:00:00,-0.44540684154245586,-0.47211895910780677,0.35858585858585856,Aqua_250m_8day,00:00:00
360,2016-12-26,2016-12-26 00:00:00,-0.03683917078396016,-0.042387249915225474,0.9186727391021471,Aqua_250m_8day,00:00:00
0,2017-01-01,2017-01-01 00:00:00,-0.01487968887351093,-0.0171291993095206,0.9663185378590079,Aqua_250m_8day,00:00:00
8,2017-01-09,2017-01-09 00:00:00,-0.019497789699278213,-0.022443890274314156,0.9560975609756098,Aqua_250m_8day,00:00:00
16,2017-01-17,2017-01-17 00:00:00,-0.06404292597592111,-0.07359882005899705,0.8628932545679352,Aqua_250m_8day,00:00:00
24,2017-01-25,2017-01-25 00:00:00,-0.023896898389479428,-0.027505381487682397,0.946461824953445,Aqua_250m_8day,00:00:00
32,2017-02-02,2017-02-02 00:00:00,-0.020672914831965532,-0.023796079696700792,0.9535140245824142,Aqua_250m_8day,00:00:00
40,2017-02-10,2017-02-10 00:00:00,-0.21836677812121316,-0.24623803009575923,0.6048298572996708,Aqua_250m_8day,00:00:00
48,2017-02-18,2017-02-18 00:00:00,-0.6162289475221737,-0.610337972166998,0.2419753086419753,Aqua_250m_8day,00:00:00
56,2017-02-26,2017-02-26 00:00:00,-0.25090938628464315,-0.28109452736318413,0.5611650485436893,Aqua_250m_8day,00:00:00
64,2017-03-06,2017-03-06 00:00:00,-0.6509085588657794,-0.6347826086956522,0.22340425531914893,Aqua_250m_8day,00:00:00
72,2017-03-14,2017-03-14 00:00:00,-0.568201724066995,-0.5744680851063829,0.2702702702702703,Aqua_250m_8day,00:00:00
80,2017-03-22,2017-03-22 00:00:00,-0.03104903158251426,-0.03573130061934258,0.9310027598896043,Aqua_250m_8day,00:00:00
88,2017-03-30,2017-03-30 00:00:00,-0.70491933684922,-0.6704545454545455,0.19727891156462585,Aqua_250m_8day,00:00:00
96,2017-04-07,2017-04-07 00:00:00,-0.3823349353414615,-0.4137931034482759,0.41463414634146345,Aqua_250m_8day,00:00:00
104,2017-04-15,2017-04-15 00:00:00,-0.6812412373755872,-0.6551724137931034,0.20833333333333334,Aqua_250m_8day,00:00:00
112,2017-04-23,2017-04-23 00:00:00,-0.42354925814886824,-0.4523326572008114,0.3770949720670391,Aqua_250m_8day,00:00:00
120,2017-05-01,2017-05-01 00:00:00,-0.5762527277216769,-0.5806451612903226,0.2653061224489796,Aqua_250m_8day,00:00:00
128,2017-05-09,2017-05-09 00:00:00,-2.3521825181113627,-0.9911504424778762,0.0044444444444444444,Aqua_250m_8day,00:00:00
136,2017-05-17,2017-05-17 00:00:00,-0.21773218342152426,-0.24555160142348761,0.6057142857142856,Aqua_250m_8day,00:00:00
144,2017-05-25,2017-05-25 00:00:00,-0.5797835966168102,-0.5833333333333333,0.2631578947368421,Aqua_250m_8day,00:00:00
152,2017-06-02,2017-06-02 00:00:00,-0.19929687472983781,-0.2255054432348367,0.631979695431472,Aqua_250m_8day,00:00:00
160,2017-06-10,2017-06-10 00:00:00,-0.26080499370326715,-0.2915531335149864,0.5485232067510548,Aqua_250m_8day,00:00:00
168,2017-06-18,2017-06-18 00:00:00,-0.47712125471966244,-0.5,0.3333333333333333,Aqua_250m_8day,00:00:00
176,2017-06-26,2017-06-26 00:00:00,-0.046996562676223555,-0.054054054054054036,0.8974358974358975,Aqua_250m_8day,00:00:00
184,2017-07-04,2017-07-04 00:00:00,0.5135787222023753,0.5308151093439364,3.26271186440678,Aqua_250m_8day,00:00:00
192,2017-07-12,2017-07-12 00:00:00,0.3461589197191243,0.37869062901155326,2.21900826446281,Aqua_250m_8day,00:00:00
200,2017-07-20,2017-07-20 00:00:00,0.03516441706325095,0.04046242774566469,1.0843373493975903,Aqua_250m_8day,00:00:00
208,2017-07-28,2017-07-28 00:00:00,-0.24217947611954285,-0.2718120805369128,0.5725593667546174,Aqua_250m_8day,00:00:00
216,2017-08-05,2017-08-05 00:00:00,-0.204947999078155,-0.2316715542521994,0.6238095238095238,Aqua_250m_8day,00:00:00
224,2017-08-13,2017-08-13 00:00:00,-0.1158357059845417,-0.13257575757575762,0.765886287625418,Aqua_250m_8day,00:00:00
232,2017-08-21,2017-08-21 00:00:00,-0.1211026720800512,-0.1385281385281385,0.7566539923954373,Aqua_250m_8day,00:00:00
240,2017-08-29,2017-08-29 00:00:00,-0.12124259104833622,-0.13868613138686134,0.7564102564102564,Aqua_250m_8day,00:00:00
248,2017-09-06,2017-09-06 00:00:00,-0.1907560210979433,-0.21615201900237532,0.64453125,Aqua_250m_8day,00:00:00
256,2017-09-14,2017-09-14 00:00:00,-0.2145109702987209,-0.24206349206349204,0.610223642172524,Aqua_250m_8day,00:00:00
264,2017-09-22,2017-09-22 00:00:00,0.14929808246774467,0.1702127659574468,1.4102564102564104,Aqua_250m_8day,00:00:00
272,2017-09-30,2017-09-30 00:00:00,0.677045122781979,0.6524064171122994,4.753846153846154,Aqua_250m_8day,00:00:00
280,2017-10-08,2017-10-08 00:00:00,-0.1850889167608337,-0.2099236641221374,0.6529968454258676,Aqua_250m_8day,00:00:00
288,2017-10-16,2017-10-16 00:00:00,0.2402953491336533,0.2698019801980198,1.7389830508474577,Aqua_250m_8day,00:00:00
296,2017-10-24,2017-10-24 00:00:00,0.20064487666155634,0.2269779507133593,1.587248322147651,Aqua_250m_8day,00:00:00
304,2017-11-01,2017-11-01 00:00:00,-0.8603380065709937,-0.7575757575757577,0.13793103448275862,Aqua_250m_8day,00:00:00
312,2017-11-09,2017-11-09 00:00:00,-0.6713864827039302,-0.6486486486486488,0.21311475409836067,Aqua_250m_8day,00:00:00
320,2017-11-17,2017-11-17 00:00:00,-0.7464255308403246,-0.6959247648902822,0.17929759704251386,Aqua_250m_8day,00:00:00
328,2017-11-25,2017-11-25 00:00:00,-0.7509990043400289,-0.6986301369863013,0.1774193548387097,Aqua_250m_8day,00:00:00
336,2017-12-03,2017-12-03 00:00:00,-0.8063988172648611,-0.729847494553377,0.15617128463476074,Aqua_250m_8day,00:00:00
344,2017-12-11,2017-12-11 00:00:00,-0.5150040533184269,-0.5319926873857405,0.3054892601431981,Aqua_250m_8day,00:00:00
352,2017-12-19,2017-12-19 00:00:00,-0.3780849486911642,-0.4097297297297297,0.41871165644171776,Aqua_250m_8day,00:00:00
360,2017-12-27,2017-12-27 00:00:00,-0.371174059724742,-0.4030874785591766,0.42542787286063577,Aqua_250m_8day,00:00:00
0,2018-01-01,2018-01-01 00:00:00,-0.371174059724742,-0.4030874785591766,0.42542787286063577,Aqua_250m_8day,00:00:00
8,2018-01-09,2018-01-09 00:00:00,0.004196114593608148,0.0048309178743961775,1.0097087378640777,Aqua_250m_8day,00:00:00
16,2018-01-17,2018-01-17 00:00:00,-0.641769362433436,-0.6284584980237155,0.22815533980582525,Aqua_250m_8day,00:00:00
24,2018-01-25,2018-01-25 00:00:00,-0.016390416188169322,-0.018867924528301872,0.962962962962963,Aqua_250m_8day,00:00:00
32,2018-02-02,2018-02-02 00:00:00,-0.8631620400919923,-0.7589576547231272,0.13703703703703704,Aqua_250m_8day,00:00:00
40,2018-02-10,2018-02-10 00:00:00,-0.8615841895835926,-0.7581863979848867,0.13753581661891118,Aqua_250m_8day,00:00:00
48,2018-02-18,2018-02-18 00:00:00,-0.6199347150976667,-0.6130081300813008,0.23991935483870966,Aqua_250m_8day,00:00:00
56,2018-02-26,2018-02-26 00:00:00,-0.4651399574365481,-0.4895833333333333,0.34265734265734266,Aqua_250m_8day,00:00:00
64,2018-03-06,2018-03-06 00:00:00,-0.05778495937416422,-0.066429418742586,0.8754171301446051,Aqua_250m_8day,00:00:00
72,2018-03-14,2018-03-14 00:00:00,-0.5927422314473225,-0.5930902111324377,0.25542168674698795,Aqua_250m_8day,00:00:00
80,2018-03-22,2018-03-22 00:00:00,-0.5139808431010504,-0.5311475409836066,0.30620985010706636,Aqua_250m_8day,00:00:00
88,2018-03-30,2018-03-30 00:00:00,-0.3321654045894753,-0.36480686695278963,0.46540880503144655,Aqua_250m_8day,00:00:00
96,2018-04-07,2018-04-07 00:00:00,-0.22435189477016068,-0.25269978401727866,0.596551724137931,Aqua_250m_8day,00:00:00
104,2018-04-15,2018-04-15 00:00:00,-0.5495203885513483,-0.5598802395209581,0.2821497120921305,Aqua_250m_8day,00:00:00
112,2018-04-23,2018-04-23 00:00:00,-0.4879896337615852,-0.5093256814921091,0.32509505703422054,Aqua_250m_8day,00:00:00
120,2018-05-01,2018-05-01 00:00:00,-0.8009595428733502,-0.7269076305220884,0.15813953488372093,Aqua_250m_8day,00:00:00
128,2018-05-09,2018-05-09 00:00:00,-0.3499926260998677,-0.38246505717916135,0.44669117647058826,Aqua_250m_8day,00:00:00
136,2018-05-17,2018-05-17 00:00:00,-0.5025258344937572,-0.5216138328530259,0.3143939393939394,Aqua_250m_8day,00:00:00
144,2018-05-25,2018-05-25 00:00:00,-0.3249046012903729,-0.3575380239676731,0.47325528871489875,Aqua_250m_8day,00:00:00
152,2018-06-02,2018-06-02 00:00:00,-0.45674549534794445,-0.48220064724919093,0.34934497816593885,Aqua_250m_8day,00:00:00
160,2018-06-10,2018-06-10 00:00:00,-0.37089348183096615,-0.4028169014084507,0.4257028112449799,Aqua_250m_8day,00:00:00
168,2018-06-18,2018-06-18 00:00:00,0.08672429239778595,0.0995145631067961,1.2210242587601077,Aqua_250m_8day,00:00:00
176,2018-06-26,2018-06-26 00:00:00,0.16160072233444547,0.18393234672304437,1.450777202072539,Aqua_250m_8day,00:00:00
184,2018-07-04,2018-07-04 00:00:00,0.07745442674711886,0.08893709327548806,1.1952380952380952,Aqua_250m_8day,00:00:00
192,2018-07-12,2018-07-12 00:00:00,-0.5122671829056716,-0.5297297297297296,0.30742049469964666,Aqua_250m_8day,00:00:00
200,2018-07-20,2018-07-20 00:00:00,-0.2872417111783479,-0.3191489361702128,0.5161290322580645,Aqua_250m_8day,00:00:00
208,2018-07-28,2018-07-28 00:00:00,0.012748101014091259,0.01467573993604987,1.0297886503577967,Aqua_250m_8day,00:00:00
216,2018-08-05,2018-08-05 00:00:00,-0.049709682309969506,-0.05716798592788038,0.891846921797005,Aqua_250m_8day,00:00:00
224,2018-08-13,2018-08-13 00:00:00,-0.141051736957012,-0.16097922848664686,0.7226837060702875,Aqua_250m_8day,00:00:00
232,2018-08-21,2018-08-21 00:00:00,-0.07426597713222284,-0.08529411764705881,0.8428184281842819,Aqua_250m_8day,00:00:00
240,2018-08-29,2018-08-29 00:00:00,-0.0544610780825535,-0.06261859582542696,0.8821428571428571,Aqua_250m_8day,00:00:00
248,2018-09-06,2018-09-06 00:00:00,-0.270054036930058,-0.3012658227848101,0.5369649805447472,Aqua_250m_8day,00:00:00
256,2018-09-14,2018-09-14 00:00:00,0.18109759094158706,0.2055267702936097,1.5173913043478262,Aqua_250m_8day,00:00:00
264,2018-09-22,2018-09-22 00:00:00,-0.3398320797249332,-0.37243401759530786,0.4572649572649573,Aqua_250m_8day,00:00:00
272,2018-09-30,2018-09-30 00:00:00,0.3201138167093789,0.35271807838179525,2.08984375,Aqua_250m_8day,00:00:00
280,2018-10-08,2018-10-08 00:00:00,0.10401519368302282,0.11918274687854712,1.270618556701031,Aqua_250m_8day,00:00:00
288,2018-10-16,2018-10-16 00:00:00,-0.0404286570556082,-0.04651162790697675,0.9111111111111111,Aqua_250m_8day,00:00:00
296,2018-10-24,2018-10-24 00:00:00,-0.25051120232642843,-0.28067226890756297,0.5616797900262468,Aqua_250m_8day,00:00:00
304,2018-11-01,2018-11-01 00:00:00,-0.4286940315545925,-0.45703124999999994,0.3726541554959786,Aqua_250m_8day,00:00:00
312,2018-11-09,2018-11-09 00:00:00,-0.802346059593307,-0.727659574468085,0.15763546798029557,Aqua_250m_8day,00:00:00
320,2018-11-17,2018-11-17 00:00:00,-0.7276151857855488,-0.6845878136200716,0.1872340425531915,Aqua_250m_8day,00:00:00
328,2018-11-25,2018-11-25 00:00:00,-0.7627308915161498,-0.7054794520547946,0.17269076305220882,Aqua_250m_8day,00:00:00
336,2018-12-03,2018-12-03 00:00:00,-0.7205493299089587,-0.6802413273001509,0.19030520646319568,Aqua_250m_8day,00:00:00
344,2018-12-11,2018-12-11 00:00:00,-0.7900504736833514,-0.7209302325581396,0.16216216216216217,Aqua_250m_8day,00:00:00
352,2018-12-19,2018-12-19 00:00:00,-0.8164362694594361,-0.7352024922118379,0.1526032315978456,Aqua_250m_8day,00:00:00
360,2018-12-27,2018-12-27 00:00:00,-0.5009650182160672,-0.5203045685279187,0.31552587646076796,Aqua_250m_8day,00:00:00
0,2019-01-01,2019-01-01 00:00:00,-0.5448148966098334,-0.5561497326203207,0.2852233676975945,Aqua_250m_8day,00:00:00
8,2019-01-09,2019-01-09 00:00:00,-0.8207252881421889,-0.7374631268436579,0.15110356536502545,Aqua_250m_8day,00:00:00
16,2019-01-17,2019-01-17 00:00:00,-0.6803545340273638,-0.6545893719806762,0.20875912408759123,Aqua_250m_8day,00:00:00
24,2019-01-25,2019-01-25 00:00:00,-0.8609366207000937,-0.7578692493946733,0.13774104683195593,Aqua_250m_8day,00:00:00
32,2019-02-02,2019-02-02 00:00:00,-0.5120358787967381,-0.5295381310418904,0.30758426966292135,Aqua_250m_8day,00:00:00
40,2019-02-10,2019-02-10 00:00:00,-0.2903159292248806,-0.3223241590214067,0.5124884366327475,Aqua_250m_8day,00:00:00
48,2019-02-18,2019-02-18 00:00:00,-0.7298064011303009,-0.685925925925926,0.18629173989455183,Aqua_250m_8day,00:00:00
56,2019-02-26,2019-02-26 00:00:00,-0.23149039545508845,-0.26037735849056604,0.5868263473053892,Aqua_250m_8day,00:00:00
64,2019-03-06,2019-03-06 00:00:00,-0.8398081514477358,-0.747323340471092,0.1446078431372549,Aqua_250m_8day,00:00:00
72,2019-03-14,2019-03-14 00:00:00,-0.8178767761744057,-0.7359635811836116,0.1520979020979021,Aqua_250m_8day,00:00:00
80,2019-03-22,2019-03-22 00:00:00,-0.5558790053832628,-0.5648854961832062,0.2780487804878049,Aqua_250m_8day,00:00:00
88,2019-03-30,2019-03-30 00:00:00,-0.626419337187407,-0.6176470588235294,0.23636363636363636,Aqua_250m_8day,00:00:00
96,2019-04-07,2019-04-07 00:00:00,-0.5675221528154863,-0.573943661971831,0.2706935123042506,Aqua_250m_8day,00:00:00
104,2019-04-15,2019-04-15 00:00:00,-0.5006023505691852,-0.52,0.31578947368421056,Aqua_250m_8day,00:00:00
112,2019-04-23,2019-04-23 00:00:00,-0.6428540623570874,-0.6292134831460675,0.2275862068965517,Aqua_250m_8day,00:00:00
120,2019-05-01,2019-05-01 00:00:00,-0.5614421404196984,-0.5692307692307693,0.2745098039215686,Aqua_250m_8day,00:00:00
128,2019-05-09,2019-05-09 00:00:00,-0.17872906445190634,-0.2029136316337149,0.6626297577854671,Aqua_250m_8day,00:00:00
136,2019-05-17,2019-05-17 00:00:00,-0.5565618584829101,-0.5654205607476634,0.2776119402985075,Aqua_250m_8day,00:00:00
144,2019-05-25,2019-05-25 00:00:00,-0.4198135594699456,-0.44890510948905105,0.38035264483627207,Aqua_250m_8day,00:00:00
152,2019-06-02,2019-06-02 00:00:00,-0.6523342637654218,-0.6357615894039734,0.22267206477732795,Aqua_250m_8day,00:00:00
160,2019-06-10,2019-06-10 00:00:00,-0.3979400086720376,-0.42857142857142855,0.4,Aqua_250m_8day,00:00:00
168,2019-06-18,2019-06-18 00:00:00,-0.1326255652745909,-0.15151515151515146,0.736842105263158,Aqua_250m_8day,00:00:00
176,2019-06-26,2019-06-26 00:00:00,0.1412237798778635,0.16117216117216115,1.3842794759825328,Aqua_250m_8day,00:00:00
184,2019-07-04,2019-07-04 00:00:00,-0.08297423506476385,-0.09523809523809519,0.8260869565217392,Aqua_250m_8day,00:00:00
192,2019-07-12,2019-07-12 00:00:00,0.24572718719707567,0.2755905511811024,1.7608695652173914,Aqua_250m_8day,00:00:00
200,2019-07-20,2019-07-20 00:00:00,0.18490972410286985,0.20972644376899696,1.5307692307692307,Aqua_250m_8day,00:00:00
208,2019-07-28,2019-07-28 00:00:00,0.07485987226498224,0.08597285067873298,1.188118811881188,Aqua_250m_8day,00:00:00
216,2019-08-05,2019-08-05 00:00:00,0.13015434503370454,0.14873417721518983,1.3494423791821561,Aqua_250m_8day,00:00:00
224,2019-08-13,2019-08-13 00:00:00,-0.022633691713537376,-0.026052104208416815,0.94921875,Aqua_250m_8day,00:00:00
232,2019-08-21,2019-08-21 00:00:00,-0.03092369811150155,-0.03558718861209961,0.9312714776632303,Aqua_250m_8day,00:00:00
240,2019-08-29,2019-08-29 00:00:00,0.02372549342598007,0.02730819245773729,1.0561497326203209,Aqua_250m_8day,00:00:00
248,2019-09-06,2019-09-06 00:00:00,0.2074997233073054,0.2344497607655502,1.6125,Aqua_250m_8day,00:00:00
256,2019-09-14,2019-09-14 00:00:00,0.2600913560064997,0.2908011869436202,1.8200836820083683,Aqua_250m_8day,00:00:00
264,2019-09-22,2019-09-22 00:00:00,0.27220366948527513,0.30351437699680517,1.871559633027523,Aqua_250m_8day,00:00:00
272,2019-09-30,2019-09-30 00:00:00,0.2787536009528289,0.3103448275862069,1.9,Aqua_250m_8day,00:00:00
280,2019-10-08,2019-10-08 00:00:00,-0.1353064039223624,-0.15452930728241562,0.7323076923076923,Aqua_250m_8day,00:00:00
288,2019-10-16,2019-10-16 00:00:00,-0.49346421999471124,-0.513978494623656,0.3210227272727273,Aqua_250m_8day,00:00:00
296,2019-10-24,2019-10-24 00:00:00,-0.739398661391627,-0.6917293233082707,0.18222222222222223,Aqua_250m_8day,00:00:00
304,2019-11-01,2019-11-01 00:00:00,-0.679142468104079,-0.65379113018598,0.20934256055363323,Aqua_250m_8day,00:00:00
312,2019-11-09,2019-11-09 00:00:00,-0.8817649496862067,-0.7678916827852998,0.13129102844638948,Aqua_250m_8day,00:00:00
320,2019-11-17,2019-11-17 00:00:00,-0.7592659062232698,-0.7034700315457414,0.17407407407407408,Aqua_250m_8day,00:00:00
328,2019-11-25,2019-11-25 00:00:00,-0.3751438120054711,-0.4069081718618366,0.4215568862275449,Aqua_250m_8day,00:00:00
336,2019-12-03,2019-12-03 00:00:00,-0.5282737771670437,-0.5428571428571428,0.2962962962962963,Aqua_250m_8day,00:00:00
344,2019-12-11,2019-12-11 00:00:00,-0.09957330068334198,-0.11413843888070697,0.7951090548578982,Aqua_250m_8day,00:00:00
352,2019-12-19,2019-12-19 00:00:00,-0.5403481545251463,-0.5525876460767946,0.2881720430107527,Aqua_250m_8day,00:00:00
360,2019-12-27,2019-12-27 00:00:00,-0.558105089405137,-0.5666280417149478,0.2766272189349112,Aqua_250m_8day,00:00:00
0,2020-01-01,2020-01-01 00:00:00,-0.6766936096248666,-0.6521739130434784,0.2105263157894737,Aqua_250m_8day,00:00:00
8,2020-01-09,2020-01-09 00:00:00,-0.21842676751170964,-0.24630290668026517,0.604746317512275,Aqua_250m_8day,00:00:00
16,2020-01-17,2020-01-17 00:00:00,-0.016623892160140534,-0.01913662661326212,0.9624454148471616,Aqua_250m_8day,00:00:00
24,2020-01-25,2020-01-25 00:00:00,-0.11803619246711336,-0.13506379234491864,0.762015503875969,Aqua_250m_8day,00:00:00
32,2020-02-02,2020-02-02 00:00:00,-0.7718110723526247,-0.7106918238993711,0.1691176470588235,Aqua_250m_8day,00:00:00
40,2020-02-10,2020-02-10 00:00:00,-0.7655406185581815,-0.7071005917159763,0.17157712305026,Aqua_250m_8day,00:00:00
48,2020-02-18,2020-02-18 00:00:00,-0.7040923238232437,-0.6699300699300699,0.19765494137353432,Aqua_250m_8day,00:00:00
56,2020-02-26,2020-02-26 00:00:00,-0.6100289209992378,-0.6058394160583942,0.24545454545454543,Aqua_250m_8day,00:00:00
64,2020-03-05,2020-03-05 00:00:00,-0.5899689610951815,-0.591016548463357,0.25705794947994054,Aqua_250m_8day,00:00:00
72,2020-03-13,2020-03-13 00:00:00,-0.6913506074658269,-0.6617647058823529,0.20353982300884954,Aqua_250m_8day,00:00:00
80,2020-03-21,2020-03-21 00:00:00,-0.6842467475153124,-0.657142857142857,0.20689655172413793,Aqua_250m_8day,00:00:00
88,2020-03-29,2020-03-29 00:00:00,-0.7535993554268736,-0.7001594896331738,0.17636022514071295,Aqua_250m_8day,00:00:00
96,2020-04-06,2020-04-06 00:00:00,-0.6951770153188798,-0.6642335766423357,0.20175438596491227,Aqua_250m_8day,00:00:00
104,2020-04-14,2020-04-14 00:00:00,-0.5501083987712482,-0.560344827586207,0.281767955801105,Aqua_250m_8day,00:00:00
112,2020-04-22,2020-04-22 00:00:00,-0.4724042783678865,-0.49591598599766634,0.3369734789391576,Aqua_250m_8day,00:00:00
120,2020-04-30,2020-04-30 00:00:00,-0.47406283023544254,-0.49735449735449744,0.3356890459363957,Aqua_250m_8day,00:00:00
128,2020-05-08,2020-05-08 00:00:00,-0.6309879472738005,-0.6208897485493231,0.23389021479713604,Aqua_250m_8day,00:00:00
136,2020-05-16,2020-05-16 00:00:00,-0.578227382321327,-0.5821501014198783,0.2641025641025641,Aqua_250m_8day,00:00:00
144,2020-05-24,2020-05-24 00:00:00,-0.6958567689118758,-0.6646706586826345,0.20143884892086333,Aqua_250m_8day,00:00:00
152,2020-06-01,2020-06-01 00:00:00,-0.58060899024233,-0.5839598997493733,0.2626582278481012,Aqua_250m_8day,00:00:00
160,2020-06-09,2020-06-09 00:00:00,-0.04079407102912506,-0.046931407942238296,0.9103448275862068,Aqua_250m_8day,00:00:00
168,2020-06-17,2020-06-17 00:00:00,-0.2913246871566033,-0.32336448598130835,0.5112994350282486,Aqua_250m_8day,00:00:00
176,2020-06-25,2020-06-25 00:00:00,-0.045402819669666236,-0.05222437137330756,0.9007352941176471,Aqua_250m_8day,00:00:00
184,2020-07-03,2020-07-03 00:00:00,0.05036073648165855,0.0579150579150579,1.1229508196721312,Aqua_250m_8day,00:00:00
192,2020-07-11,2020-07-11 00:00:00,0.02353003871111784,0.027083333333333313,1.0556745182012848,Aqua_250m_8day,00:00:00
200,2020-07-19,2020-07-19 00:00:00,-0.3535208688836247,-0.3859275053304903,0.4430769230769231,Aqua_250m_8day,00:00:00
208,2020-07-27,2020-07-27 00:00:00,-0.003228970130198492,-0.003717472118959085,0.9925925925925926,Aqua_250m_8day,00:00:00
216,2020-08-04,2020-08-04 00:00:00,-0.22381834247926083,-0.25212464589235134,0.5972850678733032,Aqua_250m_8day,00:00:00
224,2020-08-12,2020-08-12 00:00:00,0.07861759316914971,0.09026548672566372,1.198443579766537,Aqua_250m_8day,00:00:00
232,2020-08-20,2020-08-20 00:00:00,-0.2519805983043642,-0.28222996515679444,0.5597826086956522,Aqua_250m_8day,00:00:00
240,2020-08-28,2020-08-28 00:00:00,-0.19732561175726954,-0.22335025380710655,0.6348547717842324,Aqua_250m_8day,00:00:00
248,2020-09-05,2020-09-05 00:00:00,-0.2962311127822125,-0.3284132841328414,0.5055555555555555,Aqua_250m_8day,00:00:00
256,2020-09-13,2020-09-13 00:00:00,-0.07997884862608733,-0.09181969949916524,0.8318042813455658,Aqua_250m_8day,00:00:00
264,2020-09-21,2020-09-21 00:00:00,-0.17271151840430066,-0.19626168224299065,0.671875,Aqua_250m_8day,00:00:00
272,2020-09-29,2020-09-29 00:00:00,0.10018962677214156,0.11483870967741931,1.259475218658892,Aqua_250m_8day,00:00:00
280,2020-10-07,2020-10-07 00:00:00,-0.3915375170629071,-0.4225352112676057,0.4059405940594059,Aqua_250m_8day,00:00:00
288,2020-10-15,2020-10-15 00:00:00,0.04806144547023937,0.055276381909547694,1.1170212765957446,Aqua_250m_8day,00:00:00
296,2020-10-23,2020-10-23 00:00:00,-0.3833159171633053,-0.41472868217054265,0.41369863013698627,Aqua_250m_8day,00:00:00
304,2020-10-31,2020-10-31 00:00:00,-0.022713383996959744,-0.02614379084967327,0.949044585987261,Aqua_250m_8day,00:00:00
312,2020-11-08,2020-11-08 00:00:00,-0.44487365291542336,-0.47164179104477616,0.359026369168357,Aqua_250m_8day,00:00:00
320,2020-11-16,2020-11-16 00:00:00,-0.5351132016973492,-0.5483870967741936,0.2916666666666667,Aqua_250m_8day,00:00:00
328,2020-11-24,2020-11-24 00:00:00,-0.6452851453732424,-0.630901287553648,0.2263157894736842,Aqua_250m_8day,00:00:00
336,2020-12-02,2020-12-02 00:00:00,-0.8760940688294679,-0.7651991614255765,0.13301662707838477,Aqua_250m_8day,00:00:00
344,2020-12-10,2020-12-10 00:00:00,-0.7108192771518135,-0.6741767764298094,0.19461697722567287,Aqua_250m_8day,00:00:00
352,2020-12-18,2020-12-18 00:00:00,-0.7619023673503535,-0.705,0.17302052785923755,Aqua_250m_8day,00:00:00
360,2020-12-26,2020-12-26 00:00:00,-0.5136722567120688,-0.5308924485125858,0.3064275037369208,Aqua_250m_8day,00:00:00
0,2021-01-01,2021-01-01 00:00:00,-0.6324650199132968,-0.6219336219336219,0.23309608540925267,Aqua_250m_8day,00:00:00
8,2021-01-09,2021-01-09 00:00:00,-0.6715012994876534,-0.6487252124645893,0.21305841924398627,Aqua_250m_8day,00:00:00
16,2021-01-17,2021-01-17 00:00:00,-0.7393745332501778,-0.6917148362235067,0.18223234624145784,Aqua_250m_8day,00:00:00
24,2021-01-25,2021-01-25 00:00:00,-0.27610083408941893,-0.30758226037195996,0.5295404814004376,Aqua_250m_8day,00:00:00
32,2021-02-02,2021-02-02 00:00:00,-0.5804180663891195,-0.5838150289017341,0.26277372262773724,Aqua_250m_8day,00:00:00
40,2021-02-10,2021-02-10 00:00:00,-0.7375994066921497,-0.6906474820143886,0.1829787234042553,Aqua_250m_8day,00:00:00
48,2021-02-18,2021-02-18 00:00:00,-0.6914995475824837,-0.6618610747051115,0.20347003154574134,Aqua_250m_8day,00:00:00
56,2021-02-26,2021-02-26 00:00:00,-0.6803987647895668,-0.6546184738955823,0.2087378640776699,Aqua_250m_8day,00:00:00
64,2021-03-06,2021-03-06 00:00:00,-0.6943333644030036,-0.663690476190476,0.20214669051878353,Aqua_250m_8day,00:00:00
72,2021-03-14,2021-03-14 00:00:00,-0.67116566435322,-0.6485013623978202,0.21322314049586774,Aqua_250m_8day,00:00:00
80,2021-03-22,2021-03-22 00:00:00,-0.6241101320710365,-0.616,0.23762376237623764,Aqua_250m_8day,00:00:00
88,2021-03-30,2021-03-30 00:00:00,-0.6740626527484638,-0.6504297994269341,0.21180555555555555,Aqua_250m_8day,00:00:00
96,2021-04-07,2021-04-07 00:00:00,-0.4322732817309922,-0.460285132382892,0.3695955369595537,Aqua_250m_8day,00:00:00
104,2021-04-15,2021-04-15 00:00:00,-0.6526933332211001,-0.6360078277886496,0.22248803827751196,Aqua_250m_8day,00:00:00
112,2021-04-23,2021-04-23 00:00:00,-0.6122791565096485,-0.6074766355140186,0.2441860465116279,Aqua_250m_8day,00:00:00
120,2021-05-01,2021-05-01 00:00:00,-0.6979704768938921,-0.6660268714011517,0.20046082949308758,Aqua_250m_8day,00:00:00
128,2021-05-09,2021-05-09 00:00:00,-0.668587375342298,-0.6467780429594272,0.2144927536231884,Aqua_250m_8day,00:00:00
136,2021-05-17,2021-05-17 00:00:00,-0.2965449869721108,-0.32873563218390806,0.5051903114186851,Aqua_250m_8day,00:00:00
144,2021-05-25,2021-05-25 00:00:00,-0.7086675727194975,-0.6728232189973614,0.19558359621451107,Aqua_250m_8day,00:00:00
152,2021-06-02,2021-06-02 00:00:00,-0.3770061018363946,-0.408695652173913,0.4197530864197531,Aqua_250m_8day,00:00:00
160,2021-06-10,2021-06-10 00:00:00,-0.4474810469628395,-0.47397260273972597,0.3568773234200744,Aqua_250m_8day,00:00:00
168,2021-06-18,2021-06-18 00:00:00,-0.23466342586837313,-0.26377952755905515,0.5825545171339563,Aqua_250m_8day,00:00:00
176,2021-06-26,2021-06-26 00:00:00,0.20054205779481737,0.22686567164179106,1.5868725868725868,Aqua_250m_8day,00:00:00
184,2021-07-04,2021-07-04 00:00:00,-0.14500871938363402,-0.16541353383458646,0.7161290322580646,Aqua_250m_8day,00:00:00
192,2021-07-12,2021-07-12 00:00:00,-0.18154044575035128,-0.206015037593985,0.6583541147132169,Aqua_250m_8day,00:00:00
200,2021-07-20,2021-07-20 00:00:00,-0.2540007780396687,-0.2843691148775895,0.5571847507331379,Aqua_250m_8day,00:00:00
208,2021-07-28,2021-07-28 00:00:00,-0.10838388344800097,-0.12413793103448277,0.7791411042944785,Aqua_250m_8day,00:00:00
216,2021-08-05,2021-08-05 00:00:00,0.004579597604752707,0.005272407732864642,1.0106007067137808,Aqua_250m_8day,00:00:00
224,2021-08-13,2021-08-13 00:00:00,-0.12556708658321605,-0.143565720584183,0.7489156626506024,Aqua_250m_8day,00:00:00
232,2021-08-21,2021-08-21 00:00:00,-0.17783192063198255,-0.20192307692307696,0.6639999999999999,Aqua_250m_8day,00:00:00
240,2021-08-29,2021-08-29 00:00:00,-0.14294098876788455,-0.16309719934102146,0.7195467422096317,Aqua_250m_8day,00:00:00
248,2021-09-06,2021-09-06 00:00:00,-0.1297112514695449,-0.14823529411764705,0.7418032786885246,Aqua_250m_8day,00:00:00
256,2021-09-14,2021-09-14 00:00:00,-0.3056998737974663,-0.33810375670840787,0.49465240641711233,Aqua_250m_8day,00:00:00
264,2021-09-22,2021-09-22 00:00:00,-0.2094394916345364,-0.23655913978494628,0.6173913043478261,Aqua_250m_8day,00:00:00
272,2021-09-30,2021-09-30 00:00:00,0.011537913393757216,0.013282732447817821,1.0269230769230768,Aqua_250m_8day,00:00:00
280,2021-10-08,2021-10-08 00:00:00,0.15836249209524964,0.18032786885245902,1.44,Aqua_250m_8day,00:00:00
288,2021-10-16,2021-10-16 00:00:00,0.47668235171929196,0.4996209249431387,2.996969696969697,Aqua_250m_8day,00:00:00
296,2021-10-24,2021-10-24 00:00:00,-0.1412685267780972,-0.1612223393045311,0.7223230490018149,Aqua_250m_8day,00:00:00
304,2021-11-01,2021-11-01 00:00:00,0.005798195282820401,0.006675319859076565,1.0134403584095575,Aqua_250m_8day,00:00:00
312,2021-11-09,2021-11-09 00:00:00,-0.4832381795293444,-0.505263157894737,0.32867132867132864,Aqua_250m_8day,00:00:00
320,2021-11-17,2021-11-17 00:00:00,-0.6909086224064054,-0.6614785992217899,0.20374707259953162,Aqua_250m_8day,00:00:00
328,2021-11-25,2021-11-25 00:00:00,-0.5436726920408581,-0.5552407932011331,0.2859744990892532,Aqua_250m_8day,00:00:00
336,2021-12-03,2021-12-03 00:00:00,-1.1106718153154502,-0.856140350877193,0.07750472589792061,Aqua_250m_8day,00:00:00
344,2021-12-11,2021-12-11 00:00:00,-0.6172113354005833,-0.6110471806674339,0.24142857142857144,Aqua_250m_8day,00:00:00
352,2021-12-19,2021-12-19 00:00:00,-0.32790214206428253,-0.36054421768707484,0.47000000000000003,Aqua_250m_8day,00:00:00
360,2021-12-27,2021-12-27 00:00:00,-0.043593240987085405,-0.05014647596071,0.9044962257958648,Aqua_250m_8day,00:00:00
0,2022-01-01,2022-01-01 00:00:00,-0.2903391301188791,-0.3223480947476829,0.512461059190031,Aqua_250m_8day,00:00:00
8,2022-01-09,2022-01-09 00:00:00,-0.22837623190197054,-0.2570320077594568,0.5910493827160495,Aqua_250m_8day,00:00:00
16,2022-01-17,2022-01-17 00:00:00,-0.23265953226352873,-0.2616316814542307,0.5852487135506003,Aqua_250m_8day,00:00:00
24,2022-01-25,2022-01-25 00:00:00,-0.2449740963337889,-0.27478918290200643,0.5688868613138687,Aqua_250m_8day,00:00:00
32,2022-02-02,2022-02-02 00:00:00,-0.9273426134794535,-0.7885714285714285,0.1182108626198083,Aqua_250m_8day,00:00:00
40,2022-02-10,2022-02-10 00:00:00,-0.7771305813312362,-0.7137096774193548,0.16705882352941176,Aqua_250m_8day,00:00:00
48,2022-02-18,2022-02-18 00:00:00,-0.7254711340928988,-0.6832740213523132,0.18816067653276955,Aqua_250m_8day,00:00:00
56,2022-02-26,2022-02-26 00:00:00,-0.5328453402415272,-0.5465587044534412,0.2931937172774869,Aqua_250m_8day,00:00:00
64,2022-03-06,2022-03-06 00:00:00,-0.7473254756166025,-0.6964586846543002,0.17892644135188868,Aqua_250m_8day,00:00:00
72,2022-03-14,2022-03-14 00:00:00,-0.6706005239651329,-0.648124191461837,0.21350078492935634,Aqua_250m_8day,00:00:00
80,2022-03-22,2022-03-22 00:00:00,-0.5490695715887692,-0.5595238095238095,0.2824427480916031,Aqua_250m_8day,00:00:00
88,2022-03-30,2022-03-30 00:00:00,-0.002215039561474921,-0.002550153009180553,0.9949126674580295,Aqua_250m_8day,00:00:00
104,2022-04-15,2022-04-15 00:00:00,-0.34276144408579734,-0.3753351206434317,0.45419103313840153,Aqua_250m_8day,00:00:00
112,2022-04-23,2022-04-23 00:00:00,-0.5690233322406547,-0.5751014884979702,0.26975945017182135,Aqua_250m_8day,00:00:00
120,2022-05-01,2022-05-01 00:00:00,-0.6807335874266066,-0.6548387096774193,0.20857699805068225,Aqua_250m_8day,00:00:00
128,2022-05-09,2022-05-09 00:00:00,-0.5097903714730305,-0.5276752767527676,0.3091787439613527,Aqua_250m_8day,00:00:00
136,2022-05-17,2022-05-17 00:00:00,-0.6347291080813304,-0.6235294117647058,0.23188405797101452,Aqua_250m_8day,00:00:00
144,2022-05-25,2022-05-25 00:00:00,-0.7360733264101333,-0.6897274633123689,0.1836228287841191,Aqua_250m_8day,00:00:00
152,2022-06-02,2022-06-02 00:00:00,-0.22794256601730106,-0.25656565656565655,0.5916398713826366,Aqua_250m_8day,00:00:00
160,2022-06-10,2022-06-10 00:00:00,-0.32138614635404145,-0.35400000000000004,0.4771048744460856,Aqua_250m_8day,00:00:00
168,2022-06-18,2022-06-18 00:00:00,-0.3560339296562853,-0.38838709677419353,0.4405204460966543,Aqua_250m_8day,00:00:00
176,2022-06-26,2022-06-26 00:00:00,-0.22620105715604777,-0.2546916890080429,0.594017094017094,Aqua_250m_8day,00:00:00
184,2022-07-04,2022-07-04 00:00:00,0.34787604907447955,0.38038277511961716,2.2277992277992276,Aqua_250m_8day,00:00:00
192,2022-07-12,2022-07-12 00:00:00,-0.08752248134127508,-0.10042432814710044,0.8174807197943444,Aqua_250m_8day,00:00:00
200,2022-07-20,2022-07-20 00:00:00,-0.1029280466970559,-0.11794871794871795,0.7889908256880734,Aqua_250m_8day,00:00:00
208,2022-07-28,2022-07-28 00:00:00,-0.24803957592478804,-0.2780487804878049,0.5648854961832062,Aqua_250m_8day,00:00:00
216,2022-08-05,2022-08-05 00:00:00,-0.34160786917249286,-0.37419354838709673,0.45539906103286387,Aqua_250m_8day,00:00:00
224,2022-08-13,2022-08-13 00:00:00,-0.13241386920317857,-0.15127701375245584,0.7372013651877133,Aqua_250m_8day,00:00:00
232,2022-08-21,2022-08-21 00:00:00,-0.22478318295540575,-0.25316455696202533,0.5959595959595959,Aqua_250m_8day,00:00:00
240,2022-08-29,2022-08-29 00:00:00,0.11786334658351626,0.1348684210526316,1.311787072243346,Aqua_250m_8day,00:00:00
248,2022-09-06,2022-09-06 00:00:00,-0.3010299956639812,-0.3333333333333333,0.5,Aqua_250m_8day,00:00:00
256,2022-09-14,2022-09-14 00:00:00,0.1216977179704672,0.1392,1.3234200743494424,Aqua_250m_8day,00:00:00
264,2022-09-22,2022-09-22 00:00:00,0.03727611896339293,0.04288939051918741,1.089622641509434,Aqua_250m_8day,00:00:00
272,2022-09-30,2022-09-30 00:00:00,0.3164107764284591,0.3489795918367347,2.072100313479624,Aqua_250m_8day,00:00:00
280,2022-10-08,2022-10-08 00:00:00,-0.058243202108734814,-0.06695464362850968,0.8744939271255061,Aqua_250m_8day,00:00:00
288,2022-10-16,2022-10-16 00:00:00,0.3587673986379544,0.39105613701236913,2.284375,Aqua_250m_8day,00:00:00
296,2022-10-24,2022-10-24 00:00:00,0.11438855427499181,0.13093858632676714,1.3013333333333335,Aqua_250m_8day,00:00:00
304,2022-11-01,2022-11-01 00:00:00,-0.34759099150825723,-0.38010204081632654,0.4491682070240296,Aqua_250m_8day,00:00:00
312,2022-11-09,2022-11-09 00:00:00,-0.6259490669932124,-0.6173120728929384,0.23661971830985917,Aqua_250m_8day,00:00:00
320,2022-11-17,2022-11-17 00:00:00,-0.4954404969333979,-0.5156507413509059,0.3195652173913044,Aqua_250m_8day,00:00:00
328,2022-11-25,2022-11-25 00:00:00,-0.1336792523630056,-0.15270018621973935,0.7350565428109854,Aqua_250m_8day,00:00:00
336,2022-12-03,2022-12-03 00:00:00,-0.5561622021125691,-0.5651074589127687,0.2778675282714055,Aqua_250m_8day,00:00:00
344,2022-12-11,2022-12-11 00:00:00,-0.38328390213857805,-0.4146981627296588,0.4137291280148423,Aqua_250m_8day,00:00:00
352,2022-12-19,2022-12-19 00:00:00,-0.06326204766486034,-0.07270461154964682,0.8644461657629745,Aqua_250m_8day,00:00:00
360,2022-12-27,2022-12-27 00:00:00,-0.6654469701923553,-0.6446700507614214,0.2160493827160494,Aqua_250m_8day,00:00:00
0,2023-01-01,2023-01-01 00:00:00,-0.6654469701923553,-0.6446700507614214,0.2160493827160494,Aqua_250m_8day,00:00:00
8,2023-01-09,2023-01-09 00:00:00,-0.4550828948086064,-0.4807302231237323,0.35068493150684926,Aqua_250m_8day,00:00:00
16,2023-01-17,2023-01-17 00:00:00,-0.651278013998144,-0.6350364963503649,0.22321428571428573,Aqua_250m_8day,00:00:00
24,2023-01-25,2023-01-25 00:00:00,-0.48252972414351925,-0.5046554934823092,0.32920792079207917,Aqua_250m_8day,00:00:00
32,2023-02-02,2023-02-02 00:00:00,-0.6907496740893277,-0.6613756613756614,0.2038216560509554,Aqua_250m_8day,00:00:00
40,2023-02-10,2023-02-10 00:00:00,-0.5906003691609117,-0.5914893617021277,0.25668449197860965,Aqua_250m_8day,00:00:00
48,2023-02-18,2023-02-18 00:00:00,-0.5791422558919844,-0.5828460038986355,0.26354679802955666,Aqua_250m_8day,00:00:00
56,2023-02-26,2023-02-26 00:00:00,-0.15618426914467473,-0.1779005524861878,0.6979362101313321,Aqua_250m_8day,00:00:00
64,2023-03-06,2023-03-06 00:00:00,-0.6101562614141371,-0.6059322033898304,0.2453825857519789,Aqua_250m_8day,00:00:00
72,2023-03-14,2023-03-14 00:00:00,-0.5379077356454571,-0.550632911392405,0.28979591836734697,Aqua_250m_8day,00:00:00
80,2023-03-22,2023-03-22 00:00:00,-0.3048451986644966,-0.3372319688109162,0.49562682215743437,Aqua_250m_8day,00:00:00
88,2023-03-30,2023-03-30 00:00:00,-0.2918866162241115,-0.323943661971831,0.5106382978723404,Aqua_250m_8day,00:00:00
96,2023-04-07,2023-04-07 00:00:00,-0.47987868926485133,-0.5023771790808241,0.33122362869198313,Aqua_250m_8day,00:00:00
104,2023-04-15,2023-04-15 00:00:00,-0.40812493565102526,-0.4380952380952381,0.39072847682119205,Aqua_250m_8day,00:00:00
112,2023-04-23,2023-04-23 00:00:00,-0.5638420735257834,-0.5710955710955711,0.27299703264094954,Aqua_250m_8day,00:00:00
120,2023-05-01,2023-05-01 00:00:00,-0.36333188024883084,-0.3954983922829582,0.43317972350230416,Aqua_250m_8day,00:00:00
128,2023-05-09,2023-05-09 00:00:00,-0.6103325172939522,-0.6060606060606061,0.24528301886792456,Aqua_250m_8day,00:00:00
136,2023-05-17,2023-05-17 00:00:00,-1.8920946026904804,-0.9746835443037974,0.01282051282051282,Aqua_250m_8day,00:00:00
144,2023-05-25,2023-05-25 00:00:00,-0.41218044778664786,-0.4418604651162791,0.3870967741935484,Aqua_250m_8day,00:00:00
152,2023-06-02,2023-06-02 00:00:00,-2.1818435879447726,-0.9869281045751634,0.006578947368421053,Aqua_250m_8day,00:00:00
160,2023-06-10,2023-06-10 00:00:00,-0.06973968981478333,-0.08011869436201784,0.8516483516483516,Aqua_250m_8day,00:00:00
168,2023-06-18,2023-06-18 00:00:00,-0.17324341618285494,-0.19685039370078736,0.6710526315789475,Aqua_250m_8day,00:00:00
176,2023-06-26,2023-06-26 00:00:00,-0.09017663034908802,-0.10344827586206898,0.8125,Aqua_250m_8day,00:00:00
184,2023-07-04,2023-07-04 00:00:00,-0.405118593299161,-0.43529411764705883,0.39344262295081966,Aqua_250m_8day,00:00:00
192,2023-07-12,2023-07-12 00:00:00,0.10007271437422896,0.11470588235294119,1.2591362126245846,Aqua_250m_8day,00:00:00
200,2023-07-20,2023-07-20 00:00:00,0.1422329917947139,0.162303664921466,1.3875000000000002,Aqua_250m_8day,00:00:00
208,2023-07-28,2023-07-28 00:00:00,0.10930317378711311,0.12517985611510796,1.286184210526316,Aqua_250m_8day,00:00:00
216,2023-08-05,2023-08-05 00:00:00,-0.39093510710337914,-0.42196531791907516,0.4065040650406504,Aqua_250m_8day,00:00:00
224,2023-08-13,2023-08-13 00:00:00,-0.20437477555376,-0.23104693140794222,0.624633431085044,Aqua_250m_8day,00:00:00
232,2023-08-21,2023-08-21 00:00:00,-0.40382219089799204,-0.43408360128617357,0.3946188340807175,Aqua_250m_8day,00:00:00
240,2023-08-29,2023-08-29 00:00:00,-0.5310382325986557,-0.5450980392156863,0.29441624365482233,Aqua_250m_8day,00:00:00
248,2023-09-06,2023-09-06 00:00:00,-0.5134225042858958,-0.5306859205776173,0.3066037735849057,Aqua_250m_8day,00:00:00
256,2023-09-14,2023-09-14 00:00:00,-0.5440680443502757,-0.5555555555555556,0.2857142857142857,Aqua_250m_8day,00:00:00
264,2023-09-22,2023-09-22 00:00:00,-0.6546294627709501,-0.6373333333333333,0.2214983713355049,Aqua_250m_8day,00:00:00
272,2023-09-30,2023-09-30 00:00:00,-0.5317903508898809,-0.5457063711911357,0.2939068100358423,Aqua_250m_8day,00:00:00
280,2023-10-08,2023-10-08 00:00:00,-0.7528712352115511,-0.6997319034852546,0.17665615141955837,Aqua_250m_8day,00:00:00
288,2023-10-16,2023-10-16 00:00:00,-0.8493077125406501,-0.752112676056338,0.1414790996784566,Aqua_250m_8day,00:00:00
296,2023-10-24,2023-10-24 00:00:00,-0.9578023202055451,-0.801470588235294,0.11020408163265306,Aqua_250m_8day,00:00:00
304,2023-11-01,2023-11-01 00:00:00,-0.6115358832118399,-0.6069364161849711,0.2446043165467626,Aqua_250m_8day,00:00:00
312,2023-11-09,2023-11-09 00:00:00,-0.8035983725961231,-0.7283372365339579,0.15718157181571815,Aqua_250m_8day,00:00:00
320,2023-11-17,2023-11-17 00:00:00,-0.8802271040324393,-0.7671641791044775,0.13175675675675677,Aqua_250m_8day,00:00:00
328,2023-11-25,2023-11-25 00:00:00,-1.2326647143578338,-0.8894230769230771,0.05852417302798982,Aqua_250m_8day,00:00:00
336,2023-12-03,2023-12-03 00:00:00,-0.8412828370137415,-0.7480719794344473,0.14411764705882352,Aqua_250m_8day,00:00:00
344,2023-12-11,2023-12-11 00:00:00,-0.9305282353388832,-0.7899543378995434,0.11734693877551021,Aqua_250m_8day,00:00:00
352,2023-12-19,2023-12-19 00:00:00,-0.07177233351990452,-0.0824434002563007,0.8476716653512234,Aqua_250m_8day,00:00:00
360,2023-12-27,2023-12-27 00:00:00,-0.10561108691711646,-0.12099358974358972,0.784131522516083,Aqua_250m_8day,00:00:00
0,2024-01-01,2024-01-01 00:00:00,-0.530475927030859,-0.5446428571428571,0.2947976878612717,Aqua_250m_8day,00:00:00
8,2024-01-09,2024-01-09 00:00:00,-0.10056745941787734,-0.115267947421638,0.7932910244786945,Aqua_250m_8day,00:00:00
16,2024-01-17,2024-01-17 00:00:00,-0.27386284564185115,-0.30524759793052475,0.5322763306908267,Aqua_250m_8day,00:00:00
24,2024-01-25,2024-01-25 00:00:00,-0.7099853099457997,-0.6736526946107786,0.1949910554561717,Aqua_250m_8day,00:00:00
32,2024-02-02,2024-02-02 00:00:00,-0.5499062955824909,-0.5601851851851851,0.28189910979228483,Aqua_250m_8day,00:00:00
40,2024-02-10,2024-02-10 00:00:00,-0.639620396455927,-0.6269592476489029,0.22928709055876687,Aqua_250m_8day,00:00:00
48,2024-02-18,2024-02-18 00:00:00,-0.4476277928611452,-0.47410358565737054,0.3567567567567567,Aqua_250m_8day,00:00:00
56,2024-02-26,2024-02-26 00:00:00,-0.28859111727007064,-0.3205435651478817,0.5145278450363197,Aqua_250m_8day,00:00:00
64,2024-03-05,2024-03-05 00:00:00,-0.41068751238073264,-0.4404761904761905,0.3884297520661157,Aqua_250m_8day,00:00:00
72,2024-03-13,2024-03-13 00:00:00,-0.6387827983527022,-0.6263736263736264,0.22972972972972971,Aqua_250m_8day,00:00:00
80,2024-03-21,2024-03-21 00:00:00,-0.523077917254433,-0.5386243386243387,0.2998624484181568,Aqua_250m_8day,00:00:00
96,2024-04-06,2024-04-06 00:00:00,-0.7797050784522652,-0.7151607963246555,0.1660714285714286,Aqua_250m_8day,00:00:00
104,2024-04-14,2024-04-14 00:00:00,-0.7984779980639839,-0.725557461406518,0.15904572564612324,Aqua_250m_8day,00:00:00
112,2024-04-22,2024-04-22 00:00:00,-0.0739170060552676,-0.08489525909592059,0.8434959349593496,Aqua_250m_8day,00:00:00
120,2024-04-30,2024-04-30 00:00:00,-0.6074550232146685,-0.6039603960396039,0.2469135802469136,Aqua_250m_8day,00:00:00
128,2024-05-08,2024-05-08 00:00:00,-0.809955607535885,-0.7317554240631163,0.1548974943052392,Aqua_250m_8day,00:00:00
136,2024-05-16,2024-05-16 00:00:00,-0.2995088225434484,-0.3317757009345794,0.5017543859649123,Aqua_250m_8day,00:00:00
144,2024-05-24,2024-05-24 00:00:00,-0.6379342479565419,-0.6257796257796258,0.23017902813299235,Aqua_250m_8day,00:00:00
152,2024-06-01,2024-06-01 00:00:00,-0.6093347758628672,-0.6053333333333333,0.24584717607973422,Aqua_250m_8day,00:00:00
160,2024-06-09,2024-06-09 00:00:00,-0.6762070051124432,-0.6518518518518519,0.21076233183856502,Aqua_250m_8day,00:00:00
168,2024-06-17,2024-06-17 00:00:00,-0.43933269383026263,-0.4666666666666666,0.36363636363636365,Aqua_250m_8day,00:00:00
176,2024-06-25,2024-06-25 00:00:00,-0.17992732358392996,-0.2042360060514372,0.6608040201005025,Aqua_250m_8day,00:00:00
184,2024-07-03,2024-07-03 00:00:00,-0.9669235411984138,-0.8051948051948052,0.1079136690647482,Aqua_250m_8day,00:00:00
192,2024-07-11,2024-07-11 00:00:00,-0.5492692380360834,-0.559681697612732,0.282312925170068,Aqua_250m_8day,00:00:00
200,2024-07-19,2024-07-19 00:00:00,-0.36884973932097975,-0.4008438818565401,0.427710843373494,Aqua_250m_8day,00:00:00
208,2024-07-27,2024-07-27 00:00:00,-0.5587389418386015,-0.5671232876712328,0.27622377622377625,Aqua_250m_8day,00:00:00
216,2024-08-04,2024-08-04 00:00:00,-0.3428212990070549,-0.3753943217665615,0.45412844036697253,Aqua_250m_8day,00:00:00
224,2024-08-12,2024-08-12 00:00:00,-0.5636017395087867,-0.570909090909091,0.27314814814814814,Aqua_250m_8day,00:00:00
232,2024-08-20,2024-08-20 00:00:00,-0.794541666571813,-0.7234042553191489,0.16049382716049382,Aqua_250m_8day,00:00:00
240,2024-08-28,2024-08-28 00:00:00,-0.5902684665984044,-0.5912408759124088,0.25688073394495414,Aqua_250m_8day,00:00:00
248,2024-09-05,2024-09-05 00:00:00,-0.7492442767734783,-0.697594501718213,0.17813765182186236,Aqua_250m_8day,00:00:00
256,2024-09-13,2024-09-13 00:00:00,-0.8529801888915771,-0.7539432176656152,0.14028776978417265,Aqua_250m_8day,00:00:00
264,2024-09-21,2024-09-21 00:00:00,-0.807064184296589,-0.7302052785923753,0.1559322033898305,Aqua_250m_8day,00:00:00
272,2024-09-29,2024-09-29 00:00:00,-0.6595993124367443,-0.6407185628742516,0.21897810218978103,Aqua_250m_8day,00:00:00
280,2024-10-07,2024-10-07 00:00:00,-0.8580630171786245,-0.7564575645756457,0.13865546218487393,Aqua_250m_8day,00:00:00
288,2024-10-15,2024-10-15 00:00:00,-0.55503077370365,-0.5642201834862385,0.27859237536656895,Aqua_250m_8day,00:00:00
296,2024-10-23,2024-10-23 00:00:00,-0.7496627125722061,-0.6978417266187051,0.17796610169491528,Aqua_250m_8day,00:00:00
304,2024-10-31,2024-10-31 00:00:00,-1.5201558869448644,-0.9413919413919415,0.030188679245283016,Aqua_250m_8day,00:00:00
312,2024-11-08,2024-11-08 00:00:00,-0.6368220975871743,-0.625,0.23076923076923075,Aqua_250m_8day,00:00:00
320,2024-11-16,2024-11-16 00:00:00,-0.16660937024443037,-0.1894977168949771,0.6813819577735125,Aqua_250m_8day,00:00:00
328,2024-11-24,2024-11-24 00:00:00,-0.013948752737731739,-0.016057714684663757,0.9683921209344938,Aqua_250m_8day,00:00:00
336,2024-12-02,2024-12-02 00:00:00,-0.8680563618230416,-0.7613365155131266,0.13550135501355012,Aqua_250m_8day,00:00:00
344,2024-12-10,2024-12-10 00:00:00,-0.036855757399421415,-0.04240631163708085,0.9186376537369915,Aqua_250m_8day,00:00:00
352,2024-12-18,2024-12-18 00:00:00,-0.21648956603042846,-0.24420677361853835,0.6074498567335244,Aqua_250m_8day,00:00:00
360,2024-12-26,2024-12-26 00:00:00,0.014408296810849888,0.016586643387167224,1.0337328007101643,Aqua_250m_8day,00:00:00
