system:index,date,ndci,.geo
20180528T185921_20180528T190615_T10TEQ,2018-05-28,0.01809954751131222,"{""type"":""MultiPoint"",""coordinates"":[]}"
20180617T185921_20180617T190227_T10TEQ,2018-06-17,0.03328542684679506,"{""type"":""MultiPoint"",""coordinates"":[]}"
20180707T185921_20180707T190608_T10TEQ,2018-07-07,-0.05844155844155844,"{""type"":""MultiPoint"",""coordinates"":[]}"
20181214T190801_20181214T190801_T10TEQ,2018-12-14,0.0659253375694996,"{""type"":""MultiPoint"",""coordinates"":[]}"
20181219T190809_20181219T191025_T10TEQ,2018-12-19,0.03603396832683039,"{""type"":""MultiPoint"",""coordinates"":[]}"
20181224T190811_20181224T190806_T10TEQ,2018-12-24,0.0074026976701939235,"{""type"":""MultiPoint"",""coordinates"":[]}"
20181229T190809_20181229T190807_T10TEQ,2018-12-29,0.011651154774215787,"{""type"":""MultiPoint"",""coordinates"":[]}"
20190103T190801_20190103T190759_T10TEQ,2019-01-03,0.017965786271562523,"{""type"":""MultiPoint"",""coordinates"":[]}"
20190108T190759_20190108T191043_T10TEQ,2019-01-08,0.0026344862751763406,"{""type"":""MultiPoint"",""coordinates"":[]}"
20190113T190741_20190113T190736_T10TEQ,2019-01-13,0.0,"{""type"":""MultiPoint"",""coordinates"":[]}"
20190118T190719_20190118T190754_T10TEQ,2019-01-18,0.004317627182278956,"{""type"":""MultiPoint"",""coordinates"":[]}"
20190123T190701_20190123T191131_T10TEQ,2019-01-23,0.003359247528553604,"{""type"":""MultiPoint"",""coordinates"":[]}"
20190128T190639_20190128T190639_T10TEQ,2019-01-28,0.0037614185921547557,"{""type"":""MultiPoint"",""coordinates"":[]}"
20190202T190611_20190202T190903_T10TEQ,2019-02-02,0.04577572964669739,"{""type"":""MultiPoint"",""coordinates"":[]}"
20190207T190549_20190207T190943_T10TEQ,2019-02-07,0.03962943901183737,"{""type"":""MultiPoint"",""coordinates"":[]}"
20190212T190511_20190212T190512_T10TEQ,2019-02-12,0.010171490344454817,"{""type"":""MultiPoint"",""coordinates"":[]}"
20190217T190439_20190217T190453_T10TEQ,2019-02-17,0.02781717028471692,"{""type"":""MultiPoint"",""coordinates"":[]}"
20190222T190401_20190222T191033_T10TEQ,2019-02-22,0.0,"{""type"":""MultiPoint"",""coordinates"":[]}"
20190227T190329_20190227T191141_T10TEQ,2019-02-27,0.007603890362511052,"{""type"":""MultiPoint"",""coordinates"":[]}"
20190304T190251_20190304T190543_T10TEQ,2019-03-04,0.0,"{""type"":""MultiPoint"",""coordinates"":[]}"
20190309T190219_20190309T190519_T10TEQ,2019-03-09,-0.054945054945054944,"{""type"":""MultiPoint"",""coordinates"":[]}"
20190314T190141_20190314T190833_T10TEQ,2019-03-14,0.0,"{""type"":""MultiPoint"",""coordinates"":[]}"
20190319T190109_20190319T191114_T10TEQ,2019-03-19,0.08041958041958042,"{""type"":""MultiPoint"",""coordinates"":[]}"
20190324T190031_20190324T190104_T10TEQ,2019-03-24,0.13131313131313133,"{""type"":""MultiPoint"",""coordinates"":[]}"
20190329T185959_20190329T190332_T10TEQ,2019-03-29,0.039640987284966345,"{""type"":""MultiPoint"",""coordinates"":[]}"
20190403T190121_20190403T191201_T10TEQ,2019-04-03,0.021035058430717863,"{""type"":""MultiPoint"",""coordinates"":[]}"
20190408T185919_20190408T190318_T10TEQ,2019-04-08,0.013082734475769301,"{""type"":""MultiPoint"",""coordinates"":[]}"
20190413T185921_20190413T190602_T10TEQ,2019-04-13,0.009150326797385621,"{""type"":""MultiPoint"",""coordinates"":[]}"
20190418T185919_20190418T190823_T10TEQ,2019-04-18,-0.19518072289156627,"{""type"":""MultiPoint"",""coordinates"":[]}"
20190423T185921_20190423T190553_T10TEQ,2019-04-23,0.013135033706303426,"{""type"":""MultiPoint"",""coordinates"":[]}"
20190428T185929_20190428T190154_T10TEQ,2019-04-28,-0.24861878453038674,"{""type"":""MultiPoint"",""coordinates"":[]}"
20190503T185921_20190503T190557_T10TEQ,2019-05-03,-0.12,"{""type"":""MultiPoint"",""coordinates"":[]}"
20190508T185929_20190508T191118_T10TEQ,2019-05-08,-0.048034934497816595,"{""type"":""MultiPoint"",""coordinates"":[]}"
20190513T185921_20190513T191024_T10TEQ,2019-05-13,-0.021645021645021644,"{""type"":""MultiPoint"",""coordinates"":[]}"
20190518T185929_20190518T190815_T10TEQ,2019-05-18,0.025702331141661684,"{""type"":""MultiPoint"",""coordinates"":[]}"
20190523T185921_20190523T190553_T10TEQ,2019-05-23,-0.007481296758104738,"{""type"":""MultiPoint"",""coordinates"":[]}"
20190528T185929_20190528T190156_T10TEQ,2019-05-28,0.0066157760814249365,"{""type"":""MultiPoint"",""coordinates"":[]}"
20190602T185921_20190602T190603_T10TEQ,2019-06-02,-0.014613778705636743,"{""type"":""MultiPoint"",""coordinates"":[]}"
20190607T185929_20190607T190825_T10TEQ,2019-06-07,0.02609393817743878,"{""type"":""MultiPoint"",""coordinates"":[]}"
20190612T185921_20190612T190614_T10TEQ,2019-06-12,-0.06493506493506493,"{""type"":""MultiPoint"",""coordinates"":[]}"
20190617T185929_20190617T190912_T10TEQ,2019-06-17,0.01,"{""type"":""MultiPoint"",""coordinates"":[]}"
20190622T185921_20190622T190618_T10TEQ,2019-06-22,0.017001545595054096,"{""type"":""MultiPoint"",""coordinates"":[]}"
20190627T185929_20190627T190033_T10TEQ,2019-06-27,0.0842779694430754,"{""type"":""MultiPoint"",""coordinates"":[]}"
20190702T185921_20190702T190417_T10TEQ,2019-07-02,0.020630970538652968,"{""type"":""MultiPoint"",""coordinates"":[]}"
20190707T185929_20190707T190830_T10TEQ,2019-07-07,0.0487741935483871,"{""type"":""MultiPoint"",""coordinates"":[]}"
20190712T185921_20190712T190609_T10TEQ,2019-07-12,-0.11977715877437325,"{""type"":""MultiPoint"",""coordinates"":[]}"
20190717T185929_20190717T191004_T10TEQ,2019-07-17,0.02807554874936192,"{""type"":""MultiPoint"",""coordinates"":[]}"
20190722T185921_20190722T190551_T10TEQ,2019-07-22,-0.006342494714587738,"{""type"":""MultiPoint"",""coordinates"":[]}"
20190727T185929_20190727T191144_T10TEQ,2019-07-27,-0.040160642570281124,"{""type"":""MultiPoint"",""coordinates"":[]}"
20190801T185921_20190801T190257_T10TEQ,2019-08-01,0.023255813953488372,"{""type"":""MultiPoint"",""coordinates"":[]}"
20190806T185929_20190806T191132_T10TEQ,2019-08-06,-0.011673151750972763,"{""type"":""MultiPoint"",""coordinates"":[]}"
20190811T185921_20190811T190550_T10TEQ,2019-08-11,0.024863042562157607,"{""type"":""MultiPoint"",""coordinates"":[]}"
20190816T185919_20190816T190208_T10TEQ,2019-08-16,-0.009009009009009009,"{""type"":""MultiPoint"",""coordinates"":[]}"
20190821T185921_20190821T190552_T10TEQ,2019-08-21,0.03608247422680412,"{""type"":""MultiPoint"",""coordinates"":[]}"
20190826T185919_20190826T191111_T10TEQ,2019-08-26,-0.20833333333333334,"{""type"":""MultiPoint"",""coordinates"":[]}"
20190831T185921_20190831T190547_T10TEQ,2019-08-31,-0.0625,"{""type"":""MultiPoint"",""coordinates"":[]}"
20190905T185919_20190905T190714_T10TEQ,2019-09-05,-0.03896103896103896,"{""type"":""MultiPoint"",""coordinates"":[]}"
20190910T185931_20190910T190602_T10TEQ,2019-09-10,0.02908514013749339,"{""type"":""MultiPoint"",""coordinates"":[]}"
20190915T190019_20190915T190224_T10TEQ,2019-09-15,0.011643201636868515,"{""type"":""MultiPoint"",""coordinates"":[]}"
20190920T190051_20190920T190914_T10TEQ,2019-09-20,0.010973313421206415,"{""type"":""MultiPoint"",""coordinates"":[]}"
20190925T190119_20190925T190458_T10TEQ,2019-09-25,0.16363636363636364,"{""type"":""MultiPoint"",""coordinates"":[]}"
20190930T190201_20190930T191111_T10TEQ,2019-09-30,0.2028985507246377,"{""type"":""MultiPoint"",""coordinates"":[]}"
20191005T190239_20191005T190237_T10TEQ,2019-10-05,-0.037037037037037035,"{""type"":""MultiPoint"",""coordinates"":[]}"
20191010T190311_20191010T190324_T10TEQ,2019-10-10,0.0,"{""type"":""MultiPoint"",""coordinates"":[]}"
20191015T190349_20191015T190346_T10TEQ,2019-10-15,0.02573309395571514,"{""type"":""MultiPoint"",""coordinates"":[]}"
20191020T190421_20191020T190826_T10TEQ,2019-10-20,0.01681383815168743,"{""type"":""MultiPoint"",""coordinates"":[]}"
20191025T190449_20191025T190911_T10TEQ,2019-10-25,-0.19617224880382775,"{""type"":""MultiPoint"",""coordinates"":[]}"
20191030T190521_20191030T190522_T10TEQ,2019-10-30,0.0,"{""type"":""MultiPoint"",""coordinates"":[]}"
20191104T190549_20191104T190606_T10TEQ,2019-11-04,0.0,"{""type"":""MultiPoint"",""coordinates"":[]}"
20191109T190621_20191109T190616_T10TEQ,2019-11-09,-0.019230769230769232,"{""type"":""MultiPoint"",""coordinates"":[]}"
20191114T190639_20191114T191031_T10TEQ,2019-11-14,0.0027100271002710027,"{""type"":""MultiPoint"",""coordinates"":[]}"
20191119T190701_20191119T190745_T10TEQ,2019-11-19,0.017628852106042255,"{""type"":""MultiPoint"",""coordinates"":[]}"
20191124T190719_20191124T190716_T10TEQ,2019-11-24,-0.042801556420233464,"{""type"":""MultiPoint"",""coordinates"":[]}"
20191129T190741_20191129T191029_T10TEQ,2019-11-29,0.0364963503649635,"{""type"":""MultiPoint"",""coordinates"":[]}"
20191204T190749_20191204T190745_T10TEQ,2019-12-04,0.0010003334444814939,"{""type"":""MultiPoint"",""coordinates"":[]}"
20191209T190801_20191209T191048_T10TEQ,2019-12-09,0.006204173716864072,"{""type"":""MultiPoint"",""coordinates"":[]}"
20191214T190809_20191214T190803_T10TEQ,2019-12-14,0.0012418246543588044,"{""type"":""MultiPoint"",""coordinates"":[]}"
20191219T190811_20191219T191122_T10TEQ,2019-12-19,0.01104728236853734,"{""type"":""MultiPoint"",""coordinates"":[]}"
20191224T190809_20191224T190808_T10TEQ,2019-12-24,-0.0072874493927125505,"{""type"":""MultiPoint"",""coordinates"":[]}"
20191229T190811_20191229T191115_T10TEQ,2019-12-29,0.0548604427333975,"{""type"":""MultiPoint"",""coordinates"":[]}"
20200103T190759_20200103T190800_T10TEQ,2020-01-03,-0.06523855890944498,"{""type"":""MultiPoint"",""coordinates"":[]}"
20200108T190751_20200108T191031_T10TEQ,2020-01-08,0.013046463721675441,"{""type"":""MultiPoint"",""coordinates"":[]}"
20200113T190739_20200113T190735_T10TEQ,2020-01-13,0.006535947712418301,"{""type"":""MultiPoint"",""coordinates"":[]}"
20200118T190721_20200118T190900_T10TEQ,2020-01-18,0.012837155632482332,"{""type"":""MultiPoint"",""coordinates"":[]}"
20200123T190659_20200123T190657_T10TEQ,2020-01-23,0.008536019143540841,"{""type"":""MultiPoint"",""coordinates"":[]}"
20200128T190631_20200128T190648_T10TEQ,2020-01-28,0.007554945054945055,"{""type"":""MultiPoint"",""coordinates"":[]}"
20200202T190609_20200202T190752_T10TEQ,2020-02-02,0.021462349945434705,"{""type"":""MultiPoint"",""coordinates"":[]}"
20200207T190541_20200207T190538_T10TEQ,2020-02-07,0.022508038585209004,"{""type"":""MultiPoint"",""coordinates"":[]}"
20200212T190509_20200212T190511_T10TEQ,2020-02-12,-0.1780821917808219,"{""type"":""MultiPoint"",""coordinates"":[]}"
20200217T190441_20200217T190915_T10TEQ,2020-02-17,0.04650070455612964,"{""type"":""MultiPoint"",""coordinates"":[]}"
20200222T190409_20200222T190751_T10TEQ,2020-02-22,-0.10344827586206896,"{""type"":""MultiPoint"",""coordinates"":[]}"
20200227T190331_20200227T190511_T10TEQ,2020-02-27,-0.17894736842105263,"{""type"":""MultiPoint"",""coordinates"":[]}"
20200303T190259_20200303T191038_T10TEQ,2020-03-03,0.010068892421833599,"{""type"":""MultiPoint"",""coordinates"":[]}"
20200308T190221_20200308T191135_T10TEQ,2020-03-08,0.03753127606338615,"{""type"":""MultiPoint"",""coordinates"":[]}"
20200313T190049_20200313T190404_T10TEQ,2020-03-13,0.009552538964303671,"{""type"":""MultiPoint"",""coordinates"":[]}"
20200318T190111_20200318T191148_T10TEQ,2020-03-18,-0.08705882352941176,"{""type"":""MultiPoint"",""coordinates"":[]}"
20200323T185939_20200323T191124_T10TEQ,2020-03-23,0.008680555555555556,"{""type"":""MultiPoint"",""coordinates"":[]}"
20200328T190001_20200328T190724_T10TEQ,2020-03-28,0.021638706540238268,"{""type"":""MultiPoint"",""coordinates"":[]}"
20200402T185919_20200402T190847_T10TEQ,2020-04-02,0.01236486049071017,"{""type"":""MultiPoint"",""coordinates"":[]}"
20200407T185911_20200407T190323_T10TEQ,2020-04-07,-0.06422018348623854,"{""type"":""MultiPoint"",""coordinates"":[]}"
20200412T185909_20200412T191139_T10TEQ,2020-04-12,0.05555555555555555,"{""type"":""MultiPoint"",""coordinates"":[]}"
20200417T185921_20200417T190654_T10TEQ,2020-04-17,-0.18518518518518517,"{""type"":""MultiPoint"",""coordinates"":[]}"
20200422T185909_20200422T191025_T10TEQ,2020-04-22,0.00619933237958989,"{""type"":""MultiPoint"",""coordinates"":[]}"
20200427T185921_20200427T190632_T10TEQ,2020-04-27,0.014141414141414142,"{""type"":""MultiPoint"",""coordinates"":[]}"
20200502T185919_20200502T190430_T10TEQ,2020-05-02,0.018044734858004525,"{""type"":""MultiPoint"",""coordinates"":[]}"
20200507T185921_20200507T190738_T10TEQ,2020-05-07,-0.027522935779816515,"{""type"":""MultiPoint"",""coordinates"":[]}"
20200512T185919_20200512T191149_T10TEQ,2020-05-12,0.02007399826812564,"{""type"":""MultiPoint"",""coordinates"":[]}"
20200517T185921_20200517T190327_T10TEQ,2020-05-17,0.02204022642418403,"{""type"":""MultiPoint"",""coordinates"":[]}"
20200522T185919_20200522T191128_T10TEQ,2020-05-22,0.02349869451697128,"{""type"":""MultiPoint"",""coordinates"":[]}"
20200527T185921_20200527T190610_T10TEQ,2020-05-27,0.10077519379844961,"{""type"":""MultiPoint"",""coordinates"":[]}"
20200601T185919_20200601T190551_T10TEQ,2020-06-01,0.02030456852791878,"{""type"":""MultiPoint"",""coordinates"":[]}"
20200606T185921_20200606T190350_T10TEQ,2020-06-06,0.045317220543806644,"{""type"":""MultiPoint"",""coordinates"":[]}"
20200611T185919_20200611T190548_T10TEQ,2020-06-11,0.04324801412180053,"{""type"":""MultiPoint"",""coordinates"":[]}"
20200616T185921_20200616T190400_T10TEQ,2020-06-16,0.018357487922705314,"{""type"":""MultiPoint"",""coordinates"":[]}"
20200621T185919_20200621T190712_T10TEQ,2020-06-21,-0.009933774834437087,"{""type"":""MultiPoint"",""coordinates"":[]}"
20200626T185921_20200626T190834_T10TEQ,2020-06-26,0.04684317718940937,"{""type"":""MultiPoint"",""coordinates"":[]}"
20200701T185919_20200701T190606_T10TEQ,2020-07-01,0.010185138728613718,"{""type"":""MultiPoint"",""coordinates"":[]}"
20200706T185921_20200706T190102_T10TEQ,2020-07-06,-0.009375,"{""type"":""MultiPoint"",""coordinates"":[]}"
20200711T185919_20200711T190544_T10TEQ,2020-07-11,-0.02695035460992908,"{""type"":""MultiPoint"",""coordinates"":[]}"
20200716T185921_20200716T190301_T10TEQ,2020-07-16,0.02040816326530612,"{""type"":""MultiPoint"",""coordinates"":[]}"
20200721T185919_20200721T190421_T10TEQ,2020-07-21,-0.03759398496240601,"{""type"":""MultiPoint"",""coordinates"":[]}"
20200726T185921_20200726T190505_T10TEQ,2020-07-26,0.1111111111111111,"{""type"":""MultiPoint"",""coordinates"":[]}"
20200731T185919_20200731T190527_T10TEQ,2020-07-31,-0.007633587786259542,"{""type"":""MultiPoint"",""coordinates"":[]}"
20200805T185921_20200805T190700_T10TEQ,2020-08-05,0.011320754716981131,"{""type"":""MultiPoint"",""coordinates"":[]}"
20200810T185919_20200810T190422_T10TEQ,2020-08-10,-0.3488372093023256,"{""type"":""MultiPoint"",""coordinates"":[]}"
20200815T185921_20200815T190251_T10TEQ,2020-08-15,0.0986093552465234,"{""type"":""MultiPoint"",""coordinates"":[]}"
20200820T185919_20200820T190716_T10TEQ,2020-08-20,-0.024390243902439025,"{""type"":""MultiPoint"",""coordinates"":[]}"
20200825T185921_20200825T190743_T10TEQ,2020-08-25,-0.07368421052631578,"{""type"":""MultiPoint"",""coordinates"":[]}"
20200830T185919_20200830T190346_T10TEQ,2020-08-30,-0.2558139534883721,"{""type"":""MultiPoint"",""coordinates"":[]}"
20200904T185921_20200904T190750_T10TEQ,2020-09-04,0.008356545961002786,"{""type"":""MultiPoint"",""coordinates"":[]}"
20200909T185929_20200909T191047_T10TEQ,2020-09-09,0.012143801851629193,"{""type"":""MultiPoint"",""coordinates"":[]}"
20200914T190021_20200914T191051_T10TEQ,2020-09-14,0.012486621476988941,"{""type"":""MultiPoint"",""coordinates"":[]}"
20200919T185959_20200919T190054_T10TEQ,2020-09-19,0.025089605734767026,"{""type"":""MultiPoint"",""coordinates"":[]}"
20200924T190131_20200924T191140_T10TEQ,2020-09-24,0.038634061640862395,"{""type"":""MultiPoint"",""coordinates"":[]}"
20200929T190109_20200929T190122_T10TEQ,2020-09-29,-0.007633587786259542,"{""type"":""MultiPoint"",""coordinates"":[]}"
20201004T190241_20201004T190533_T10TEQ,2020-10-04,-0.03546099290780142,"{""type"":""MultiPoint"",""coordinates"":[]}"
20201009T190319_20201009T190349_T10TEQ,2020-10-09,-0.08,"{""type"":""MultiPoint"",""coordinates"":[]}"
20201014T190351_20201014T190507_T10TEQ,2020-10-14,0.00880639479745292,"{""type"":""MultiPoint"",""coordinates"":[]}"
20201019T190419_20201019T190719_T10TEQ,2020-10-19,-0.11777301927194861,"{""type"":""MultiPoint"",""coordinates"":[]}"
20201024T190451_20201024T190855_T10TEQ,2020-10-24,0.038839979285344384,"{""type"":""MultiPoint"",""coordinates"":[]}"
20201029T190519_20201029T190650_T10TEQ,2020-10-29,-0.6666666666666666,"{""type"":""MultiPoint"",""coordinates"":[]}"
20201103T190551_20201103T190550_T10TEQ,2020-11-03,0.026867143209267932,"{""type"":""MultiPoint"",""coordinates"":[]}"
20201108T190619_20201108T190937_T10TEQ,2020-11-08,-0.10144927536231885,"{""type"":""MultiPoint"",""coordinates"":[]}"
20201113T190641_20201113T190642_T10TEQ,2020-11-13,0.006314538295817547,"{""type"":""MultiPoint"",""coordinates"":[]}"
20201118T190659_20201118T191051_T10TEQ,2020-11-18,-0.125,"{""type"":""MultiPoint"",""coordinates"":[]}"
20201123T190721_20201123T191108_T10TEQ,2020-11-23,0.01156008060239686,"{""type"":""MultiPoint"",""coordinates"":[]}"
20201128T190739_20201128T191047_T10TEQ,2020-11-28,0.026934795856185252,"{""type"":""MultiPoint"",""coordinates"":[]}"
20201203T190751_20201203T190858_T10TEQ,2020-12-03,0.023996928393165674,"{""type"":""MultiPoint"",""coordinates"":[]}"
20201208T190759_20201208T190759_T10TEQ,2020-12-08,0.0,"{""type"":""MultiPoint"",""coordinates"":[]}"
20201213T190811_20201213T190954_T10TEQ,2020-12-13,0.028464769015398975,"{""type"":""MultiPoint"",""coordinates"":[]}"
20201218T190809_20201218T191043_T10TEQ,2020-12-18,0.013359722909450767,"{""type"":""MultiPoint"",""coordinates"":[]}"
20201223T190811_20201223T190812_T10TEQ,2020-12-23,-0.2857142857142857,"{""type"":""MultiPoint"",""coordinates"":[]}"
20201228T190809_20201228T191049_T10TEQ,2020-12-28,-0.2662337662337662,"{""type"":""MultiPoint"",""coordinates"":[]}"
20210102T190811_20210102T190849_T10TEQ,2021-01-02,3.5735556879094697E-4,"{""type"":""MultiPoint"",""coordinates"":[]}"
20210107T190759_20210107T190754_T10TEQ,2021-01-07,-0.010365982652845357,"{""type"":""MultiPoint"",""coordinates"":[]}"
20210117T190729_20210117T190725_T10TEQ,2021-01-17,-0.0989010989010989,"{""type"":""MultiPoint"",""coordinates"":[]}"
20210122T190711_20210122T190926_T10TEQ,2021-01-22,0.013019218846869188,"{""type"":""MultiPoint"",""coordinates"":[]}"
20210127T190639_20210127T191102_T10TEQ,2021-01-27,0.0034835849255779585,"{""type"":""MultiPoint"",""coordinates"":[]}"
20210201T190621_20210201T190617_T10TEQ,2021-02-01,0.021185432039990477,"{""type"":""MultiPoint"",""coordinates"":[]}"
20210206T190549_20210206T190547_T10TEQ,2021-02-06,0.001833126367453137,"{""type"":""MultiPoint"",""coordinates"":[]}"
20210211T190521_20210211T191148_T10TEQ,2021-02-11,0.009591115598182737,"{""type"":""MultiPoint"",""coordinates"":[]}"
20210216T190439_20210216T190442_T10TEQ,2021-02-16,-0.09276595744680852,"{""type"":""MultiPoint"",""coordinates"":[]}"
20210221T190411_20210221T190820_T10TEQ,2021-02-21,0.06052816078523019,"{""type"":""MultiPoint"",""coordinates"":[]}"
20210226T190339_20210226T190334_T10TEQ,2021-02-26,0.013360739979445015,"{""type"":""MultiPoint"",""coordinates"":[]}"
20210303T190301_20210303T191159_T10TEQ,2021-03-03,-0.05439330543933055,"{""type"":""MultiPoint"",""coordinates"":[]}"
20210308T190229_20210308T190945_T10TEQ,2021-03-08,0.0203125,"{""type"":""MultiPoint"",""coordinates"":[]}"
20210313T190151_20210313T190616_T10TEQ,2021-03-13,0.004909983633387889,"{""type"":""MultiPoint"",""coordinates"":[]}"
20210318T190019_20210318T190516_T10TEQ,2021-03-18,0.022139070782662924,"{""type"":""MultiPoint"",""coordinates"":[]}"
20210323T190041_20210323T190614_T10TEQ,2021-03-23,-0.08247422680412371,"{""type"":""MultiPoint"",""coordinates"":[]}"
20210328T185939_20210328T190811_T10TEQ,2021-03-28,0.023488640739314594,"{""type"":""MultiPoint"",""coordinates"":[]}"
20210402T185921_20210402T190559_T10TEQ,2021-04-02,0.005025125628140704,"{""type"":""MultiPoint"",""coordinates"":[]}"
20210407T185919_20210407T190655_T10TEQ,2021-04-07,-0.006564551422319475,"{""type"":""MultiPoint"",""coordinates"":[]}"
20210412T185911_20210412T190457_T10TEQ,2021-04-12,0.0269248937175248,"{""type"":""MultiPoint"",""coordinates"":[]}"
20210417T185909_20210417T190827_T10TEQ,2021-04-17,-0.15789473684210525,"{""type"":""MultiPoint"",""coordinates"":[]}"
20210422T185911_20210422T191132_T10TEQ,2021-04-22,-0.0529595015576324,"{""type"":""MultiPoint"",""coordinates"":[]}"
20210427T185909_20210427T190732_T10TEQ,2021-04-27,-0.18181818181818182,"{""type"":""MultiPoint"",""coordinates"":[]}"
20210502T185911_20210502T190544_T10TEQ,2021-05-02,0.03597122302158273,"{""type"":""MultiPoint"",""coordinates"":[]}"
20210507T185919_20210507T190830_T10TEQ,2021-05-07,0.009832995161542063,"{""type"":""MultiPoint"",""coordinates"":[]}"
20210512T185921_20210512T190535_T10TEQ,2021-05-12,0.0020876826722338203,"{""type"":""MultiPoint"",""coordinates"":[]}"
20210517T185919_20210517T190834_T10TEQ,2021-05-17,-0.025435073627844713,"{""type"":""MultiPoint"",""coordinates"":[]}"
20210522T185921_20210522T191158_T10TEQ,2021-05-22,0.07427055702917772,"{""type"":""MultiPoint"",""coordinates"":[]}"
20210527T185919_20210527T190833_T10TEQ,2021-05-27,0.004878048780487805,"{""type"":""MultiPoint"",""coordinates"":[]}"
20210601T185921_20210601T190713_T10TEQ,2021-06-01,-0.08571428571428572,"{""type"":""MultiPoint"",""coordinates"":[]}"
20210606T185919_20210606T190851_T10TEQ,2021-06-06,0.020032051282051284,"{""type"":""MultiPoint"",""coordinates"":[]}"
20210611T185921_20210611T190637_T10TEQ,2021-06-11,0.01039222259470332,"{""type"":""MultiPoint"",""coordinates"":[]}"
20210616T185919_20210616T190431_T10TEQ,2021-06-16,-0.11578947368421053,"{""type"":""MultiPoint"",""coordinates"":[]}"
20210621T185921_20210621T190713_T10TEQ,2021-06-21,-0.012433392539964476,"{""type"":""MultiPoint"",""coordinates"":[]}"
20210626T185919_20210626T190811_T10TEQ,2021-06-26,-0.25287356321839083,"{""type"":""MultiPoint"",""coordinates"":[]}"
20210701T185921_20210701T190906_T10TEQ,2021-07-01,-0.0035587188612099642,"{""type"":""MultiPoint"",""coordinates"":[]}"
20210706T185919_20210706T190638_T10TEQ,2021-07-06,-0.08250825082508251,"{""type"":""MultiPoint"",""coordinates"":[]}"
20210711T185921_20210711T190628_T10TEQ,2021-07-11,-0.010610079575596816,"{""type"":""MultiPoint"",""coordinates"":[]}"
20210716T185919_20210716T190844_T10TEQ,2021-07-16,-0.0625,"{""type"":""MultiPoint"",""coordinates"":[]}"
20210721T185921_20210721T190557_T10TEQ,2021-07-21,0.0,"{""type"":""MultiPoint"",""coordinates"":[]}"
20210726T185919_20210726T190558_T10TEQ,2021-07-26,0.0017825311942959,"{""type"":""MultiPoint"",""coordinates"":[]}"
20210731T185921_20210731T190632_T10TEQ,2021-07-31,0.06723716381418093,"{""type"":""MultiPoint"",""coordinates"":[]}"
20210805T185919_20210805T190825_T10TEQ,2021-08-05,0.027506654835847383,"{""type"":""MultiPoint"",""coordinates"":[]}"
20210810T185921_20210810T190502_T10TEQ,2021-08-10,-0.10144927536231885,"{""type"":""MultiPoint"",""coordinates"":[]}"
20210815T185919_20210815T190832_T10TEQ,2021-08-15,0.0030138637733574444,"{""type"":""MultiPoint"",""coordinates"":[]}"
20210820T185921_20210820T190523_T10TEQ,2021-08-20,0.04882688649334179,"{""type"":""MultiPoint"",""coordinates"":[]}"
20210825T185919_20210825T190431_T10TEQ,2021-08-25,0.008576329331046312,"{""type"":""MultiPoint"",""coordinates"":[]}"
20210830T185921_20210830T190551_T10TEQ,2021-08-30,-0.2116788321167883,"{""type"":""MultiPoint"",""coordinates"":[]}"
20210904T185909_20210904T190824_T10TEQ,2021-09-04,-0.038461538461538464,"{""type"":""MultiPoint"",""coordinates"":[]}"
20210909T185931_20210909T190512_T10TEQ,2021-09-09,0.06615724914538508,"{""type"":""MultiPoint"",""coordinates"":[]}"
20210914T185929_20210914T191123_T10TEQ,2021-09-14,-0.11578947368421053,"{""type"":""MultiPoint"",""coordinates"":[]}"
20210919T190051_20210919T190906_T10TEQ,2021-09-19,0.01275422268183385,"{""type"":""MultiPoint"",""coordinates"":[]}"
20210924T190029_20210924T191029_T10TEQ,2021-09-24,-0.3333333333333333,"{""type"":""MultiPoint"",""coordinates"":[]}"
20210929T190201_20210929T190716_T10TEQ,2021-09-29,0.0,"{""type"":""MultiPoint"",""coordinates"":[]}"
20211004T190239_20211004T190233_T10TEQ,2021-10-04,0.019569743233865372,"{""type"":""MultiPoint"",""coordinates"":[]}"
20211009T190311_20211009T191021_T10TEQ,2021-10-09,0.05090696313633704,"{""type"":""MultiPoint"",""coordinates"":[]}"
20211014T190349_20211014T190343_T10TEQ,2021-10-14,0.027924528301886794,"{""type"":""MultiPoint"",""coordinates"":[]}"
20211019T190421_20211019T190554_T10TEQ,2021-10-19,0.0036809815950920245,"{""type"":""MultiPoint"",""coordinates"":[]}"
20211024T190449_20211024T190618_T10TEQ,2021-10-24,0.015166340508806261,"{""type"":""MultiPoint"",""coordinates"":[]}"
20211029T190521_20211029T191147_T10TEQ,2021-10-29,0.009774755631109222,"{""type"":""MultiPoint"",""coordinates"":[]}"
20211103T190549_20211103T191002_T10TEQ,2021-11-03,0.03706859821048147,"{""type"":""MultiPoint"",""coordinates"":[]}"
20211113T190639_20211113T190635_T10TEQ,2021-11-13,0.08206686930091185,"{""type"":""MultiPoint"",""coordinates"":[]}"
20211118T190701_20211118T190948_T10TEQ,2021-11-18,0.009644842845795983,"{""type"":""MultiPoint"",""coordinates"":[]}"
20211123T190719_20211123T191044_T10TEQ,2021-11-23,0.01258124142865661,"{""type"":""MultiPoint"",""coordinates"":[]}"
20211128T190741_20211128T190816_T10TEQ,2021-11-28,0.008605851979345954,"{""type"":""MultiPoint"",""coordinates"":[]}"
20211203T190749_20211203T190745_T10TEQ,2021-12-03,-0.5897435897435898,"{""type"":""MultiPoint"",""coordinates"":[]}"
20211208T190801_20211208T190843_T10TEQ,2021-12-08,0.023064250411861616,"{""type"":""MultiPoint"",""coordinates"":[]}"
20211218T190811_20211218T190813_T10TEQ,2021-12-18,0.020431990659661413,"{""type"":""MultiPoint"",""coordinates"":[]}"
20211223T190809_20211223T190808_T10TEQ,2021-12-23,0.008127008127008128,"{""type"":""MultiPoint"",""coordinates"":[]}"
20211228T190811_20211228T190923_T10TEQ,2021-12-28,0.013500263971641904,"{""type"":""MultiPoint"",""coordinates"":[]}"
20220102T190759_20220102T190801_T10TEQ,2022-01-02,0.018789144050104383,"{""type"":""MultiPoint"",""coordinates"":[]}"
20220107T190801_20220107T190819_T10TEQ,2022-01-07,0.005876361357047716,"{""type"":""MultiPoint"",""coordinates"":[]}"
20220112T190739_20220112T190739_T10TEQ,2022-01-12,0.00234192037470726,"{""type"":""MultiPoint"",""coordinates"":[]}"
20220117T190731_20220117T191048_T10TEQ,2022-01-17,0.03651389932381668,"{""type"":""MultiPoint"",""coordinates"":[]}"
20220122T190659_20220122T191045_T10TEQ,2022-01-22,-0.75,"{""type"":""MultiPoint"",""coordinates"":[]}"
20220127T190641_20220127T190643_T10TEQ,2022-01-27,0.0,"{""type"":""MultiPoint"",""coordinates"":[]}"
20220201T190609_20220201T191143_T10TEQ,2022-02-01,-0.002474022761009401,"{""type"":""MultiPoint"",""coordinates"":[]}"
20220206T190551_20220206T191029_T10TEQ,2022-02-06,-1.0,"{""type"":""MultiPoint"",""coordinates"":[]}"
20220211T190519_20220211T190803_T10TEQ,2022-02-11,-0.08,"{""type"":""MultiPoint"",""coordinates"":[]}"
20220216T190451_20220216T190448_T10TEQ,2022-02-16,0.0,"{""type"":""MultiPoint"",""coordinates"":[]}"
20220221T190409_20220221T190538_T10TEQ,2022-02-21,-0.0012484394506866417,"{""type"":""MultiPoint"",""coordinates"":[]}"
20220226T190341_20220226T190417_T10TEQ,2022-02-26,0.06308557151780138,"{""type"":""MultiPoint"",""coordinates"":[]}"
20220303T190259_20220303T190259_T10TEQ,2022-03-03,5.770340450086555E-4,"{""type"":""MultiPoint"",""coordinates"":[]}"
20220308T190231_20220308T190635_T10TEQ,2022-03-08,0.029048656499636893,"{""type"":""MultiPoint"",""coordinates"":[]}"
20220313T190059_20220313T191128_T10TEQ,2022-03-13,0.015654351909830933,"{""type"":""MultiPoint"",""coordinates"":[]}"
20220318T190121_20220318T191029_T10TEQ,2022-03-18,0.016306156405990018,"{""type"":""MultiPoint"",""coordinates"":[]}"
20220323T185939_20220323T190712_T10TEQ,2022-03-23,0.010109179134654266,"{""type"":""MultiPoint"",""coordinates"":[]}"
20220328T190011_20220328T190404_T10TEQ,2022-03-28,0.024856809208697102,"{""type"":""MultiPoint"",""coordinates"":[]}"
20220402T185929_20220402T190835_T10TEQ,2022-04-02,-0.14163090128755365,"{""type"":""MultiPoint"",""coordinates"":[]}"
20220407T185921_20220407T191144_T10TEQ,2022-04-07,-0.22727272727272727,"{""type"":""MultiPoint"",""coordinates"":[]}"
20220412T185919_20220412T191049_T10TEQ,2022-04-12,0.014656588892540257,"{""type"":""MultiPoint"",""coordinates"":[]}"
20220417T185921_20220417T190358_T10TEQ,2022-04-17,0.03795593408628032,"{""type"":""MultiPoint"",""coordinates"":[]}"
20220422T185909_20220422T190740_T10TEQ,2022-04-22,-0.40298507462686567,"{""type"":""MultiPoint"",""coordinates"":[]}"
20220427T185921_20220427T190348_T10TEQ,2022-04-27,0.02089940635927462,"{""type"":""MultiPoint"",""coordinates"":[]}"
20220502T185909_20220502T190827_T10TEQ,2022-05-02,0.007797270955165692,"{""type"":""MultiPoint"",""coordinates"":[]}"
20220507T185921_20220507T190410_T10TEQ,2022-05-07,0.0200445434298441,"{""type"":""MultiPoint"",""coordinates"":[]}"
20220512T185919_20220512T190902_T10TEQ,2022-05-12,0.015948811001814535,"{""type"":""MultiPoint"",""coordinates"":[]}"
20220517T185921_20220517T190722_T10TEQ,2022-05-17,-0.13875598086124402,"{""type"":""MultiPoint"",""coordinates"":[]}"
20220522T185919_20220522T190752_T10TEQ,2022-05-22,-0.0078003120124804995,"{""type"":""MultiPoint"",""coordinates"":[]}"
20220527T185921_20220527T190753_T10TEQ,2022-05-27,0.014895729890764648,"{""type"":""MultiPoint"",""coordinates"":[]}"
20220601T185919_20220601T190904_T10TEQ,2022-06-01,0.02562111801242236,"{""type"":""MultiPoint"",""coordinates"":[]}"
20220606T185921_20220606T190720_T10TEQ,2022-06-06,0.015552753257671291,"{""type"":""MultiPoint"",""coordinates"":[]}"
20220611T185919_20220611T190813_T10TEQ,2022-06-11,0.017771910226464915,"{""type"":""MultiPoint"",""coordinates"":[]}"
20220616T185931_20220616T190716_T10TEQ,2022-06-16,0.03626407686744498,"{""type"":""MultiPoint"",""coordinates"":[]}"
20220621T185919_20220621T190905_T10TEQ,2022-06-21,-0.29133858267716534,"{""type"":""MultiPoint"",""coordinates"":[]}"
20220626T185931_20220626T190718_T10TEQ,2022-06-26,-0.15463917525773196,"{""type"":""MultiPoint"",""coordinates"":[]}"
20220701T185919_20220701T190858_T10TEQ,2022-07-01,-0.014534883720930232,"{""type"":""MultiPoint"",""coordinates"":[]}"
20220706T185931_20220706T191127_T10TEQ,2022-07-06,0.03769760843129307,"{""type"":""MultiPoint"",""coordinates"":[]}"
20220711T185919_20220711T190833_T10TEQ,2022-07-11,0.0,"{""type"":""MultiPoint"",""coordinates"":[]}"
20220716T185931_20220716T190153_T10TEQ,2022-07-16,-0.009202453987730062,"{""type"":""MultiPoint"",""coordinates"":[]}"
20220721T185919_20220721T191123_T10TEQ,2022-07-21,-0.016483516483516484,"{""type"":""MultiPoint"",""coordinates"":[]}"
20220726T185931_20220726T190831_T10TEQ,2022-07-26,-0.07692307692307693,"{""type"":""MultiPoint"",""coordinates"":[]}"
20220731T185919_20220731T190533_T10TEQ,2022-07-31,0.08072916666666667,"{""type"":""MultiPoint"",""coordinates"":[]}"
20220805T185931_20220805T190358_T10TEQ,2022-08-05,-0.06741573033707865,"{""type"":""MultiPoint"",""coordinates"":[]}"
20220810T185919_20220810T190550_T10TEQ,2022-08-10,-0.03734439834024896,"{""type"":""MultiPoint"",""coordinates"":[]}"
20220815T185931_20220815T190407_T10TEQ,2022-08-15,-0.13043478260869565,"{""type"":""MultiPoint"",""coordinates"":[]}"
20220820T185919_20220820T190456_T10TEQ,2022-08-20,-0.023255813953488372,"{""type"":""MultiPoint"",""coordinates"":[]}"
20220825T185931_20220825T190309_T10TEQ,2022-08-25,-0.10569105691056911,"{""type"":""MultiPoint"",""coordinates"":[]}"
20220830T185919_20220830T190333_T10TEQ,2022-08-30,-0.1588785046728972,"{""type"":""MultiPoint"",""coordinates"":[]}"
20220904T185931_20220904T190514_T10TEQ,2022-09-04,-0.1,"{""type"":""MultiPoint"",""coordinates"":[]}"
20220909T185929_20220909T190549_T10TEQ,2022-09-09,-0.09655172413793103,"{""type"":""MultiPoint"",""coordinates"":[]}"
20220914T190021_20220914T190807_T10TEQ,2022-09-14,-0.12280701754385964,"{""type"":""MultiPoint"",""coordinates"":[]}"
20220919T190049_20220919T191020_T10TEQ,2022-09-19,-0.09774436090225563,"{""type"":""MultiPoint"",""coordinates"":[]}"
20220924T190131_20220924T190453_T10TEQ,2022-09-24,0.0,"{""type"":""MultiPoint"",""coordinates"":[]}"
20220929T190159_20220929T190959_T10TEQ,2022-09-29,0.011029411764705883,"{""type"":""MultiPoint"",""coordinates"":[]}"
20221004T190241_20221004T191154_T10TEQ,2022-10-04,-0.09302325581395349,"{""type"":""MultiPoint"",""coordinates"":[]}"
20221014T190341_20221014T190525_T10TEQ,2022-10-14,-1.0,"{""type"":""MultiPoint"",""coordinates"":[]}"
20221019T190419_20221019T190840_T10TEQ,2022-10-19,-1.0,"{""type"":""MultiPoint"",""coordinates"":[]}"
20221024T190451_20221024T191145_T10TEQ,2022-10-24,0.0322782826700094,"{""type"":""MultiPoint"",""coordinates"":[]}"
20221029T190519_20221029T190822_T10TEQ,2022-10-29,0.023255813953488372,"{""type"":""MultiPoint"",""coordinates"":[]}"
20221103T190551_20221103T190729_T10TEQ,2022-11-03,0.01999790597843158,"{""type"":""MultiPoint"",""coordinates"":[]}"
20221108T190609_20221108T190609_T10TEQ,2022-11-08,0.023163061819297438,"{""type"":""MultiPoint"",""coordinates"":[]}"
20221113T190641_20221113T191152_T10TEQ,2022-11-13,0.12222222222222222,"{""type"":""MultiPoint"",""coordinates"":[]}"
20221118T190659_20221118T190715_T10TEQ,2022-11-18,-1.0,"{""type"":""MultiPoint"",""coordinates"":[]}"
20221123T190721_20221123T190717_T10TEQ,2022-11-23,0.02370820668693009,"{""type"":""MultiPoint"",""coordinates"":[]}"
20221128T190729_20221128T191058_T10TEQ,2022-11-28,0.0036496350364963502,"{""type"":""MultiPoint"",""coordinates"":[]}"
20221203T190751_20221203T190749_T10TEQ,2022-12-03,0.0,"{""type"":""MultiPoint"",""coordinates"":[]}"
20221208T190759_20221208T190829_T10TEQ,2022-12-08,-0.007526881720430108,"{""type"":""MultiPoint"",""coordinates"":[]}"
20221213T190811_20221213T190809_T10TEQ,2022-12-13,-0.034886681945505475,"{""type"":""MultiPoint"",""coordinates"":[]}"
20221218T190809_20221218T190941_T10TEQ,2022-12-18,0.0075826508947528055,"{""type"":""MultiPoint"",""coordinates"":[]}"
20221223T190811_20221223T190811_T10TEQ,2022-12-23,0.02557242898733181,"{""type"":""MultiPoint"",""coordinates"":[]}"
20221228T190809_20221228T190945_T10TEQ,2022-12-28,0.017017285274018492,"{""type"":""MultiPoint"",""coordinates"":[]}"
20230102T190811_20230102T190805_T10TEQ,2023-01-02,0.011522633744855968,"{""type"":""MultiPoint"",""coordinates"":[]}"
20230107T190749_20230107T190850_T10TEQ,2023-01-07,0.014306857424765663,"{""type"":""MultiPoint"",""coordinates"":[]}"
20230112T190741_20230112T190741_T10TEQ,2023-01-12,0.008473951809004496,"{""type"":""MultiPoint"",""coordinates"":[]}"
20230117T190729_20230117T191031_T10TEQ,2023-01-17,0.015674850880843392,"{""type"":""MultiPoint"",""coordinates"":[]}"
20230122T190701_20230122T190703_T10TEQ,2023-01-22,0.027151935297515885,"{""type"":""MultiPoint"",""coordinates"":[]}"
20230127T190649_20230127T190650_T10TEQ,2023-01-27,0.024411319939511775,"{""type"":""MultiPoint"",""coordinates"":[]}"
20230201T190621_20230201T191022_T10TEQ,2023-02-01,-0.025210084033613446,"{""type"":""MultiPoint"",""coordinates"":[]}"
20230206T190549_20230206T190839_T10TEQ,2023-02-06,7.077140835102619E-4,"{""type"":""MultiPoint"",""coordinates"":[]}"
20230211T190521_20230211T190547_T10TEQ,2023-02-11,-1.0,"{""type"":""MultiPoint"",""coordinates"":[]}"
20230216T190449_20230216T190655_T10TEQ,2023-02-16,0.00850873264666368,"{""type"":""MultiPoint"",""coordinates"":[]}"
20230221T190411_20230221T190933_T10TEQ,2023-02-21,0.01875404181935762,"{""type"":""MultiPoint"",""coordinates"":[]}"
20230226T190339_20230226T190749_T10TEQ,2023-02-26,0.012206978502754672,"{""type"":""MultiPoint"",""coordinates"":[]}"
20230303T190301_20230303T190318_T10TEQ,2023-03-03,0.006460875807609476,"{""type"":""MultiPoint"",""coordinates"":[]}"
20230308T190239_20230308T190519_T10TEQ,2023-03-08,-0.050980392156862744,"{""type"":""MultiPoint"",""coordinates"":[]}"
20230308T190239_20230308T191207_T10TEQ,2023-03-08,-0.059548254620123205,"{""type"":""MultiPoint"",""coordinates"":[]}"
20230313T190151_20230313T190919_T10TEQ,2023-03-13,0.030343447815938646,"{""type"":""MultiPoint"",""coordinates"":[]}"
20230318T190119_20230318T191140_T10TEQ,2023-03-18,0.025380710659898477,"{""type"":""MultiPoint"",""coordinates"":[]}"
20230323T190041_20230323T190857_T10TEQ,2023-03-23,0.019456963834231067,"{""type"":""MultiPoint"",""coordinates"":[]}"
20230328T190009_20230328T190149_T10TEQ,2023-03-28,0.006313744536182613,"{""type"":""MultiPoint"",""coordinates"":[]}"
20230402T185931_20230402T190501_T10TEQ,2023-04-02,0.0071505534332451754,"{""type"":""MultiPoint"",""coordinates"":[]}"
20230407T185919_20230407T190925_T10TEQ,2023-04-07,0.02077105848087683,"{""type"":""MultiPoint"",""coordinates"":[]}"
20230412T185921_20230412T190430_T10TEQ,2023-04-12,0.01062547924197612,"{""type"":""MultiPoint"",""coordinates"":[]}"
20230417T185919_20230417T190823_T10TEQ,2023-04-17,0.008564647611185637,"{""type"":""MultiPoint"",""coordinates"":[]}"
20230422T185921_20230422T191033_T10TEQ,2023-04-22,0.026851098454027666,"{""type"":""MultiPoint"",""coordinates"":[]}"
20230427T185919_20230427T190624_T10TEQ,2023-04-27,-0.2605042016806723,"{""type"":""MultiPoint"",""coordinates"":[]}"
20230502T185921_20230502T190745_T10TEQ,2023-05-02,-0.16422764227642275,"{""type"":""MultiPoint"",""coordinates"":[]}"
20230507T185919_20230507T190751_T10TEQ,2023-05-07,0.010794312513958163,"{""type"":""MultiPoint"",""coordinates"":[]}"
20230512T185921_20230512T190205_T10TEQ,2023-05-12,-0.38666666666666666,"{""type"":""MultiPoint"",""coordinates"":[]}"
20230517T185919_20230517T190708_T10TEQ,2023-05-17,-0.26436781609195403,"{""type"":""MultiPoint"",""coordinates"":[]}"
20230522T185921_20230522T190150_T10TEQ,2023-05-22,0.012476537484818372,"{""type"":""MultiPoint"",""coordinates"":[]}"
20230527T185919_20230527T190549_T10TEQ,2023-05-27,0.035909920876445525,"{""type"":""MultiPoint"",""coordinates"":[]}"
20230601T185921_20230601T190756_T10TEQ,2023-06-01,-0.057750759878419454,"{""type"":""MultiPoint"",""coordinates"":[]}"
20230606T185919_20230606T190802_T10TEQ,2023-06-06,0.012658227848101266,"{""type"":""MultiPoint"",""coordinates"":[]}"
20230611T185921_20230611T190857_T10TEQ,2023-06-11,0.029171528588098017,"{""type"":""MultiPoint"",""coordinates"":[]}"
20230616T185919_20230616T190842_T10TEQ,2023-06-16,-0.008403361344537815,"{""type"":""MultiPoint"",""coordinates"":[]}"
20230621T185921_20230621T190517_T10TEQ,2023-06-21,-0.6666666666666666,"{""type"":""MultiPoint"",""coordinates"":[]}"
20230626T185919_20230626T190838_T10TEQ,2023-06-26,0.0,"{""type"":""MultiPoint"",""coordinates"":[]}"
20230701T185921_20230701T190611_T10TEQ,2023-07-01,0.016200294550810016,"{""type"":""MultiPoint"",""coordinates"":[]}"
20230706T185919_20230706T190517_T10TEQ,2023-07-06,0.015197568389057751,"{""type"":""MultiPoint"",""coordinates"":[]}"
20230711T185921_20230711T190605_T10TEQ,2023-07-11,-0.07348242811501597,"{""type"":""MultiPoint"",""coordinates"":[]}"
20230716T185919_20230716T190738_T10TEQ,2023-07-16,-0.05236907730673317,"{""type"":""MultiPoint"",""coordinates"":[]}"
20230721T185921_20230721T190933_T10TEQ,2023-07-21,-0.040776699029126215,"{""type"":""MultiPoint"",""coordinates"":[]}"
20230726T185919_20230726T190731_T10TEQ,2023-07-26,-0.25984251968503935,"{""type"":""MultiPoint"",""coordinates"":[]}"
20230731T185921_20230731T190732_T10TEQ,2023-07-31,-0.012658227848101266,"{""type"":""MultiPoint"",""coordinates"":[]}"
20230805T185919_20230805T190632_T10TEQ,2023-08-05,0.03435545072300277,"{""type"":""MultiPoint"",""coordinates"":[]}"
20230810T185921_20230810T190409_T10TEQ,2023-08-10,-0.45454545454545453,"{""type"":""MultiPoint"",""coordinates"":[]}"
20230815T185919_20230815T191118_T10TEQ,2023-08-15,0.023474178403755867,"{""type"":""MultiPoint"",""coordinates"":[]}"
20230825T185919_20230825T191022_T10TEQ,2023-08-25,-0.024657534246575342,"{""type"":""MultiPoint"",""coordinates"":[]}"
20230830T185921_20230830T190145_T10TEQ,2023-08-30,-0.08597285067873303,"{""type"":""MultiPoint"",""coordinates"":[]}"
20230904T185919_20230904T190914_T10TEQ,2023-09-04,0.024962406015037596,"{""type"":""MultiPoint"",""coordinates"":[]}"
20230909T185941_20230909T190644_T10TEQ,2023-09-09,-0.11827956989247312,"{""type"":""MultiPoint"",""coordinates"":[]}"
20230914T190019_20230914T190744_T10TEQ,2023-09-14,-0.22727272727272727,"{""type"":""MultiPoint"",""coordinates"":[]}"
20230919T190051_20230919T190531_T10TEQ,2023-09-19,-0.12903225806451613,"{""type"":""MultiPoint"",""coordinates"":[]}"
20230924T190029_20230924T190814_T10TEQ,2023-09-24,0.0190915983182852,"{""type"":""MultiPoint"",""coordinates"":[]}"
20230929T190201_20230929T190158_T10TEQ,2023-09-29,0.01620906384386371,"{""type"":""MultiPoint"",""coordinates"":[]}"
20231004T190229_20231004T190920_T10TEQ,2023-10-04,0.0,"{""type"":""MultiPoint"",""coordinates"":[]}"
20231009T190301_20231009T190818_T10TEQ,2023-10-09,0.02210558191177955,"{""type"":""MultiPoint"",""coordinates"":[]}"
20231014T190349_20231014T190643_T10TEQ,2023-10-14,0.03890268416696228,"{""type"":""MultiPoint"",""coordinates"":[]}"
20231019T190411_20231019T190412_T10TEQ,2023-10-19,0.0,"{""type"":""MultiPoint"",""coordinates"":[]}"
20231024T190449_20231024T190443_T10TEQ,2023-10-24,0.014749738051100185,"{""type"":""MultiPoint"",""coordinates"":[]}"
20231029T190511_20231029T190532_T10TEQ,2023-10-29,0.0,"{""type"":""MultiPoint"",""coordinates"":[]}"
20231103T190549_20231103T191035_T10TEQ,2023-11-03,-0.0011947431302270011,"{""type"":""MultiPoint"",""coordinates"":[]}"
20231108T190611_20231108T190948_T10TEQ,2023-11-08,0.02142857142857143,"{""type"":""MultiPoint"",""coordinates"":[]}"
20231113T190639_20231113T191047_T10TEQ,2023-11-13,0.01626545217957059,"{""type"":""MultiPoint"",""coordinates"":[]}"
20231118T190701_20231118T190655_T10TEQ,2023-11-18,0.029839326702371844,"{""type"":""MultiPoint"",""coordinates"":[]}"
20231123T190709_20231123T190817_T10TEQ,2023-11-23,0.0,"{""type"":""MultiPoint"",""coordinates"":[]}"
20231128T190731_20231128T190727_T10TEQ,2023-11-28,0.2631578947368421,"{""type"":""MultiPoint"",""coordinates"":[]}"
20231203T190749_20231203T190829_T10TEQ,2023-12-03,0.015881446858235514,"{""type"":""MultiPoint"",""coordinates"":[]}"
20231208T190801_20231208T190838_T10TEQ,2023-12-08,0.01954732510288066,"{""type"":""MultiPoint"",""coordinates"":[]}"
20231213T190809_20231213T190849_T10TEQ,2023-12-13,0.014280969777482564,"{""type"":""MultiPoint"",""coordinates"":[]}"
20231218T190811_20231218T190810_T10TEQ,2023-12-18,0.02251064692760089,"{""type"":""MultiPoint"",""coordinates"":[]}"
20231223T190819_20231223T190950_T10TEQ,2023-12-23,-0.2571428571428571,"{""type"":""MultiPoint"",""coordinates"":[]}"
20231228T190811_20231228T190913_T10TEQ,2023-12-28,0.015562594683927834,"{""type"":""MultiPoint"",""coordinates"":[]}"
20240102T190809_20240102T190927_T10TEQ,2024-01-02,-0.012681791739383363,"{""type"":""MultiPoint"",""coordinates"":[]}"
20240107T190751_20240107T190753_T10TEQ,2024-01-07,0.00860377358490566,"{""type"":""MultiPoint"",""coordinates"":[]}"
20240112T190749_20240112T190820_T10TEQ,2024-01-12,0.01031608483948172,"{""type"":""MultiPoint"",""coordinates"":[]}"
20240117T190721_20240117T190719_T10TEQ,2024-01-17,0.039377289377289376,"{""type"":""MultiPoint"",""coordinates"":[]}"
20240122T190709_20240122T190709_T10TEQ,2024-01-22,0.012229261824075438,"{""type"":""MultiPoint"",""coordinates"":[]}"
20240127T190641_20240127T190641_T10TEQ,2024-01-27,0.0233806055960138,"{""type"":""MultiPoint"",""coordinates"":[]}"
20240201T190619_20240201T191112_T10TEQ,2024-02-01,0.035800443886905335,"{""type"":""MultiPoint"",""coordinates"":[]}"
20240206T190551_20240206T190549_T10TEQ,2024-02-06,0.021123953766440814,"{""type"":""MultiPoint"",""coordinates"":[]}"
20240211T190529_20240211T190545_T10TEQ,2024-02-11,0.011229910564185328,"{""type"":""MultiPoint"",""coordinates"":[]}"
20240216T190451_20240216T190708_T10TEQ,2024-02-16,0.026644307806968512,"{""type"":""MultiPoint"",""coordinates"":[]}"
20240221T190419_20240221T190920_T10TEQ,2024-02-21,0.016271501627150162,"{""type"":""MultiPoint"",""coordinates"":[]}"
20240226T190341_20240226T190731_T10TEQ,2024-02-26,0.0038829924928811804,"{""type"":""MultiPoint"",""coordinates"":[]}"
20240302T190309_20240302T191040_T10TEQ,2024-03-02,-0.02375181774115366,"{""type"":""MultiPoint"",""coordinates"":[]}"
20240307T190231_20240307T190319_T10TEQ,2024-03-07,-1.0,"{""type"":""MultiPoint"",""coordinates"":[]}"
20240312T190059_20240312T190439_T10TEQ,2024-03-12,0.005687802822835475,"{""type"":""MultiPoint"",""coordinates"":[]}"
20240317T190121_20240317T190119_T10TEQ,2024-03-17,-1.0,"{""type"":""MultiPoint"",""coordinates"":[]}"
20240322T185949_20240322T190959_T10TEQ,2024-03-22,0.01921537229783827,"{""type"":""MultiPoint"",""coordinates"":[]}"
20240327T190011_20240327T190837_T10TEQ,2024-03-27,-0.001524235341936795,"{""type"":""MultiPoint"",""coordinates"":[]}"
20240401T185929_20240401T190506_T10TEQ,2024-04-01,-0.6888888888888889,"{""type"":""MultiPoint"",""coordinates"":[]}"
20240406T185911_20240406T190627_T10TEQ,2024-04-06,0.011144247370899387,"{""type"":""MultiPoint"",""coordinates"":[]}"
20240411T185919_20240411T191004_T10TEQ,2024-04-11,0.026679524268723883,"{""type"":""MultiPoint"",""coordinates"":[]}"
20240416T185921_20240416T191121_T10TEQ,2024-04-16,0.004397955544989896,"{""type"":""MultiPoint"",""coordinates"":[]}"
20240421T185919_20240421T190729_T10TEQ,2024-04-21,-0.01639344262295082,"{""type"":""MultiPoint"",""coordinates"":[]}"
20240426T185921_20240426T190034_T10TEQ,2024-04-26,0.010428497676819824,"{""type"":""MultiPoint"",""coordinates"":[]}"
20240501T185919_20240501T190902_T10TEQ,2024-05-01,0.018497109826589597,"{""type"":""MultiPoint"",""coordinates"":[]}"
20240506T185921_20240506T191025_T10TEQ,2024-05-06,0.012006861063464836,"{""type"":""MultiPoint"",""coordinates"":[]}"
20240511T185919_20240511T190736_T10TEQ,2024-05-11,-1.0,"{""type"":""MultiPoint"",""coordinates"":[]}"
20240516T185921_20240516T190953_T10TEQ,2024-05-16,-0.08490566037735849,"{""type"":""MultiPoint"",""coordinates"":[]}"
20240521T185919_20240521T190540_T10TEQ,2024-05-21,0.023010056246804158,"{""type"":""MultiPoint"",""coordinates"":[]}"
20240526T185921_20240526T191114_T10TEQ,2024-05-26,0.01694915254237288,"{""type"":""MultiPoint"",""coordinates"":[]}"
20240531T185919_20240531T190744_T10TEQ,2024-05-31,0.0027100271002710027,"{""type"":""MultiPoint"",""coordinates"":[]}"
20240605T185921_20240605T190008_T10TEQ,2024-06-05,-0.0136986301369863,"{""type"":""MultiPoint"",""coordinates"":[]}"
20240610T185919_20240610T190540_T10TEQ,2024-06-10,0.003787878787878788,"{""type"":""MultiPoint"",""coordinates"":[]}"
20240615T185921_20240615T191026_T10TEQ,2024-06-15,0.033983286908077996,"{""type"":""MultiPoint"",""coordinates"":[]}"
20240620T185919_20240620T190101_T10TEQ,2024-06-20,-0.056716417910447764,"{""type"":""MultiPoint"",""coordinates"":[]}"
20240625T185941_20240625T190720_T10TEQ,2024-06-25,-0.04529616724738676,"{""type"":""MultiPoint"",""coordinates"":[]}"
20240630T185919_20240630T190812_T10TEQ,2024-06-30,0.0435656836461126,"{""type"":""MultiPoint"",""coordinates"":[]}"
20240705T185921_20240705T190418_T10TEQ,2024-07-05,-0.05223880597014925,"{""type"":""MultiPoint"",""coordinates"":[]}"
20240710T185919_20240710T190216_T10TEQ,2024-07-10,-0.06140350877192982,"{""type"":""MultiPoint"",""coordinates"":[]}"
20240715T185921_20240715T190601_T10TEQ,2024-07-15,0.056179775280898875,"{""type"":""MultiPoint"",""coordinates"":[]}"
20240720T185919_20240720T190736_T10TEQ,2024-07-20,-0.021686746987951807,"{""type"":""MultiPoint"",""coordinates"":[]}"
20240725T185921_20240725T190826_T10TEQ,2024-07-25,-0.05181347150259067,"{""type"":""MultiPoint"",""coordinates"":[]}"
20240730T185919_20240730T190733_T10TEQ,2024-07-30,-0.016541353383458645,"{""type"":""MultiPoint"",""coordinates"":[]}"
20240804T185921_20240804T191015_T10TEQ,2024-08-04,-0.04,"{""type"":""MultiPoint"",""coordinates"":[]}"
20240809T185919_20240809T191036_T10TEQ,2024-08-09,-0.014563106796116505,"{""type"":""MultiPoint"",""coordinates"":[]}"
20240814T185921_20240814T190753_T10TEQ,2024-08-14,-0.05263157894736842,"{""type"":""MultiPoint"",""coordinates"":[]}"
20240819T185919_20240819T190926_T10TEQ,2024-08-19,3.3233632436025255E-4,"{""type"":""MultiPoint"",""coordinates"":[]}"
20240824T185911_20240824T191136_T10TEQ,2024-08-24,0.024157099070081563,"{""type"":""MultiPoint"",""coordinates"":[]}"
20240829T185919_20240829T190749_T10TEQ,2024-08-29,0.1111111111111111,"{""type"":""MultiPoint"",""coordinates"":[]}"
20240903T185921_20240903T190307_T10TEQ,2024-09-03,-0.05084745762711865,"{""type"":""MultiPoint"",""coordinates"":[]}"
20240908T185919_20240908T190554_T10TEQ,2024-09-08,-0.06990881458966565,"{""type"":""MultiPoint"",""coordinates"":[]}"
20240913T190011_20240913T190533_T10TEQ,2024-09-13,0.07239819004524888,"{""type"":""MultiPoint"",""coordinates"":[]}"
20240918T185949_20240918T190405_T10TEQ,2024-09-18,-0.3939393939393939,"{""type"":""MultiPoint"",""coordinates"":[]}"
20240923T190121_20240923T191149_T10TEQ,2024-09-23,0.05622489959839357,"{""type"":""MultiPoint"",""coordinates"":[]}"
20240928T190059_20240928T191116_T10TEQ,2024-09-28,-0.03125,"{""type"":""MultiPoint"",""coordinates"":[]}"
20241003T190231_20241003T190755_T10TEQ,2024-10-03,-0.6097560975609756,"{""type"":""MultiPoint"",""coordinates"":[]}"
20241008T190209_20241008T190556_T10TEQ,2024-10-08,-0.3333333333333333,"{""type"":""MultiPoint"",""coordinates"":[]}"
20241013T190341_20241013T190459_T10TEQ,2024-10-13,-0.23809523809523808,"{""type"":""MultiPoint"",""coordinates"":[]}"
20241018T190319_20241018T191004_T10TEQ,2024-10-18,0.034384826047266455,"{""type"":""MultiPoint"",""coordinates"":[]}"
20241023T190441_20241023T191139_T10TEQ,2024-10-23,0.01994203400095168,"{""type"":""MultiPoint"",""coordinates"":[]}"
20241028T190419_20241028T191004_T10TEQ,2024-10-28,0.029689298043728423,"{""type"":""MultiPoint"",""coordinates"":[]}"
20241102T190541_20241102T190541_T10TEQ,2024-11-02,0.03231341149556763,"{""type"":""MultiPoint"",""coordinates"":[]}"
20241107T190509_20241107T190920_T10TEQ,2024-11-07,0.0,"{""type"":""MultiPoint"",""coordinates"":[]}"
20241112T190631_20241112T190632_T10TEQ,2024-11-12,0.019150242867511585,"{""type"":""MultiPoint"",""coordinates"":[]}"
20241117T190559_20241117T190600_T10TEQ,2024-11-17,-0.0025889967637540453,"{""type"":""MultiPoint"",""coordinates"":[]}"
20241122T190721_20241122T190716_T10TEQ,2024-11-22,0.023085558104348675,"{""type"":""MultiPoint"",""coordinates"":[]}"
20241127T190639_20241127T190642_T10TEQ,2024-11-27,0.033426894615973465,"{""type"":""MultiPoint"",""coordinates"":[]}"
20241202T190751_20241202T190803_T10TEQ,2024-12-02,-0.5483870967741935,"{""type"":""MultiPoint"",""coordinates"":[]}"
20241207T190709_20241207T190707_T10TEQ,2024-12-07,0.017278106508875738,"{""type"":""MultiPoint"",""coordinates"":[]}"
20241212T190811_20241212T190909_T10TEQ,2024-12-12,0.012440191387559809,"{""type"":""MultiPoint"",""coordinates"":[]}"
20241212T190841_20241212T191118_T10TEQ,2024-12-12,0.0057306590257879654,"{""type"":""MultiPoint"",""coordinates"":[]}"
20241217T190719_20241217T190718_T10TEQ,2024-12-17,0.011008418202154589,"{""type"":""MultiPoint"",""coordinates"":[]}"
20241222T190821_20241222T190924_T10TEQ,2024-12-22,-4.4435980448168604E-4,"{""type"":""MultiPoint"",""coordinates"":[]}"
20241227T190719_20241227T190719_T10TEQ,2024-12-27,0.02051348213133789,"{""type"":""MultiPoint"",""coordinates"":[]}"
20250101T190811_20250101T190807_T10TEQ,2025-01-01,0.008176933260649482,"{""type"":""MultiPoint"",""coordinates"":[]}"
20250106T190709_20250106T191054_T10TEQ,2025-01-06,-0.7288135593220338,"{""type"":""MultiPoint"",""coordinates"":[]}"
20250111T190741_20250111T190800_T10TEQ,2025-01-11,0.016899936117079968,"{""type"":""MultiPoint"",""coordinates"":[]}"
20250116T190629_20250116T190632_T10TEQ,2025-01-16,0.0,"{""type"":""MultiPoint"",""coordinates"":[]}"
20250121T190741_20250121T191118_T10TEQ,2025-01-21,-0.6078431372549019,"{""type"":""MultiPoint"",""coordinates"":[]}"
20250126T190559_20250126T190712_T10TEQ,2025-01-26,0.0,"{""type"":""MultiPoint"",""coordinates"":[]}"
20250131T190651_20250131T190925_T10TEQ,2025-01-31,0.009189876997030963,"{""type"":""MultiPoint"",""coordinates"":[]}"
20250205T190459_20250205T190512_T10TEQ,2025-02-05,0.002346316283435007,"{""type"":""MultiPoint"",""coordinates"":[]}"
20250210T190551_20250210T191116_T10TEQ,2025-02-10,-1.0,"{""type"":""MultiPoint"",""coordinates"":[]}"
20250215T190359_20250215T190831_T10TEQ,2025-02-15,-0.008796147672552167,"{""type"":""MultiPoint"",""coordinates"":[]}"
20250220T190441_20250220T191129_T10TEQ,2025-02-20,0.020673813169984685,"{""type"":""MultiPoint"",""coordinates"":[]}"
20250225T190249_20250225T190250_T10TEQ,2025-02-25,0.015841584158415842,"{""type"":""MultiPoint"",""coordinates"":[]}"
20250302T190331_20250302T190332_T10TEQ,2025-03-02,0.012698194797172078,"{""type"":""MultiPoint"",""coordinates"":[]}"
20250307T190139_20250307T190307_T10TEQ,2025-03-07,-0.2857142857142857,"{""type"":""MultiPoint"",""coordinates"":[]}"
20250312T190221_20250312T190653_T10TEQ,2025-03-12,0.0039020929407591345,"{""type"":""MultiPoint"",""coordinates"":[]}"
20250314T190821_20250314T190824_T10TEQ,2025-03-14,0.016042780748663103,"{""type"":""MultiPoint"",""coordinates"":[]}"
20250317T190029_20250317T190841_T10TEQ,2025-03-17,0.0065307737977439145,"{""type"":""MultiPoint"",""coordinates"":[]}"
20250322T190111_20250322T190425_T10TEQ,2025-03-22,0.020809248554913295,"{""type"":""MultiPoint"",""coordinates"":[]}"
20250327T185919_20250327T190752_T10TEQ,2025-03-27,0.025115325474115838,"{""type"":""MultiPoint"",""coordinates"":[]}"
20250401T191141_20250401T191137_T10TEQ,2025-04-01,-0.19760479041916168,"{""type"":""MultiPoint"",""coordinates"":[]}"
20250403T190821_20250403T190823_T10TEQ,2025-04-03,-0.15384615384615385,"{""type"":""MultiPoint"",""coordinates"":[]}"
20250406T185919_20250406T191127_T10TEQ,2025-04-06,0.015369951149767663,"{""type"":""MultiPoint"",""coordinates"":[]}"
20250411T191141_20250411T191203_T10TEQ,2025-04-11,-0.07334525939177101,"{""type"":""MultiPoint"",""coordinates"":[]}"
20250416T185919_20250416T190550_T10TEQ,2025-04-16,-0.2892561983471074,"{""type"":""MultiPoint"",""coordinates"":[]}"
20250421T191141_20250421T191137_T10TEQ,2025-04-21,-0.10666666666666667,"{""type"":""MultiPoint"",""coordinates"":[]}"
20250423T190831_20250423T190826_T10TEQ,2025-04-23,-0.06896551724137931,"{""type"":""MultiPoint"",""coordinates"":[]}"
20250426T185919_20250426T190736_T10TEQ,2025-04-26,0.04075235109717868,"{""type"":""MultiPoint"",""coordinates"":[]}"
20250501T191141_20250501T191202_T10TEQ,2025-05-01,-0.20408163265306123,"{""type"":""MultiPoint"",""coordinates"":[]}"
20250506T185919_20250506T190741_T10TEQ,2025-05-06,-0.07511737089201878,"{""type"":""MultiPoint"",""coordinates"":[]}"
20250511T185931_20250511T190636_T10TEQ,2025-05-11,0.011342155009451797,"{""type"":""MultiPoint"",""coordinates"":[]}"
20250513T190831_20250513T190826_T10TEQ,2025-05-13,0.034375486078705865,"{""type"":""MultiPoint"",""coordinates"":[]}"
20250516T185919_20250516T190443_T10TEQ,2025-05-16,0.019661280903250925,"{""type"":""MultiPoint"",""coordinates"":[]}"
20250521T185931_20250521T191107_T10TEQ,2025-05-21,-0.003236245954692557,"{""type"":""MultiPoint"",""coordinates"":[]}"
20250526T185919_20250526T190437_T10TEQ,2025-05-26,0.02911431198283788,"{""type"":""MultiPoint"",""coordinates"":[]}"
20250531T185941_20250531T190935_T10TEQ,2025-05-31,-0.034482758620689655,"{""type"":""MultiPoint"",""coordinates"":[]}"
20250602T190831_20250602T190828_T10TEQ,2025-06-02,0.0049261083743842365,"{""type"":""MultiPoint"",""coordinates"":[]}"
20250605T185919_20250605T190533_T10TEQ,2025-06-05,-0.010380622837370242,"{""type"":""MultiPoint"",""coordinates"":[]}"
20250610T185941_20250610T190946_T10TEQ,2025-06-10,-0.0626118067978533,"{""type"":""MultiPoint"",""coordinates"":[]}"
20250615T185919_20250615T190731_T10TEQ,2025-06-15,-0.041474654377880185,"{""type"":""MultiPoint"",""coordinates"":[]}"
20250620T185931_20250620T190224_T10TEQ,2025-06-20,0.024290983085336386,"{""type"":""MultiPoint"",""coordinates"":[]}"
20250622T190831_20250622T190826_T10TEQ,2025-06-22,-0.044722719141323794,"{""type"":""MultiPoint"",""coordinates"":[]}"
20250625T185919_20250625T191016_T10TEQ,2025-06-25,-0.07400379506641366,"{""type"":""MultiPoint"",""coordinates"":[]}"
20250630T185941_20250630T191041_T10TEQ,2025-06-30,0.006172839506172839,"{""type"":""MultiPoint"",""coordinates"":[]}"
20250705T185919_20250705T190522_T10TEQ,2025-07-05,0.004484304932735426,"{""type"":""MultiPoint"",""coordinates"":[]}"
20250710T185941_20250710T191155_T10TEQ,2025-07-10,-0.05010893246187364,"{""type"":""MultiPoint"",""coordinates"":[]}"
20250712T190831_20250712T190831_T10TEQ,2025-07-12,0.0,"{""type"":""MultiPoint"",""coordinates"":[]}"
20250715T185919_20250715T190345_T10TEQ,2025-07-15,-0.03822937625754527,"{""type"":""MultiPoint"",""coordinates"":[]}"
20250720T185941_20250720T191133_T10TEQ,2025-07-20,0.01859252823631625,"{""type"":""MultiPoint"",""coordinates"":[]}"
20250725T185919_20250725T190510_T10TEQ,2025-07-25,-0.06474820143884892,"{""type"":""MultiPoint"",""coordinates"":[]}"
20250730T185941_20250730T190357_T10TEQ,2025-07-30,-0.0030303030303030303,"{""type"":""MultiPoint"",""coordinates"":[]}"
20250801T190831_20250801T190829_T10TEQ,2025-08-01,-0.003076923076923077,"{""type"":""MultiPoint"",""coordinates"":[]}"
20250804T185919_20250804T190653_T10TEQ,2025-08-04,-0.046632124352331605,"{""type"":""MultiPoint"",""coordinates"":[]}"
